1,2,16.01,148.76,74.71,190.85,0.8159,-1,-1,-1
1,1,118.00,157.54,79.99,171.14,0.8484,-1,-1,-1
2,2,18.04,145.03,73.99,194.99,0.8564,-1,-1,-1
2,1,118.11,154.66,82.44,174.86,0.8474,-1,-1,-1
3,2,22.26,136.42,73.95,204.85,0.8289,-1,-1,-1
3,1,125.28,153.66,64.39,177.55,0.7125,-1,-1,-1
4,3,252.54,192.53,25.43,68.47,0.4797,-1,-1,-1
4,2,27.42,144.10,72.49,199.24,0.8197,-1,-1,-1
4,1,129.74,154.35,81.52,179.30,0.8467,-1,-1,-1
5,3,263.99,199.81,22.89,63.72,0.5432,-1,-1,-1
5,2,35.18,139.76,73.38,208.32,0.8697,-1,-1,-1
5,1,135.54,157.37,85.27,180.08,0.8143,-1,-1,-1
6,5,251.01,197.54,22.10,66.49,0.4303,-1,-1,-1
6,4,222.28,197.44,24.83,67.69,0.6154,-1,-1,-1
6,3,269.01,197.77,25.40,66.94,0.5848,-1,-1,-1
6,2,33.48,141.13,79.79,208.89,0.8531,-1,-1,-1
6,1,141.04,154.79,86.84,184.56,0.8338,-1,-1,-1
7,6,298.00,203.30,18.70,45.71,0.3675,-1,-1,-1
7,5,257.27,196.16,21.42,61.85,0.6028,-1,-1,-1
7,4,226.08,198.47,25.25,65.82,0.6563,-1,-1,-1
7,3,274.44,199.35,26.26,62.81,0.6744,-1,-1,-1
7,2,39.09,140.45,76.28,209.45,0.8357,-1,-1,-1
7,1,144.29,152.05,87.81,187.61,0.8595,-1,-1,-1
8,5,264.99,198.19,20.33,64.68,0.5556,-1,-1,-1
8,4,234.81,200.26,24.39,65.49,0.6827,-1,-1,-1
8,3,280.74,200.75,26.68,65.41,0.5862,-1,-1,-1
8,2,42.18,140.23,78.56,213.55,0.8246,-1,-1,-1
8,1,152.25,152.72,88.70,190.76,0.8705,-1,-1,-1
9,5,269.82,198.91,22.66,66.64,0.6477,-1,-1,-1
9,4,240.75,203.76,25.03,62.56,0.5636,-1,-1,-1
9,3,288.27,199.47,25.28,66.11,0.7195,-1,-1,-1
9,2,47.47,140.32,77.90,213.22,0.8304,-1,-1,-1
9,1,156.61,151.64,87.54,193.24,0.8672,-1,-1,-1
10,5,278.73,196.61,21.72,67.10,0.4569,-1,-1,-1
10,4,250.61,196.76,25.47,68.84,0.6476,-1,-1,-1
10,3,296.07,201.55,25.54,64.68,0.6351,-1,-1,-1
10,2,48.26,134.85,86.27,221.29,0.8570,-1,-1,-1
10,1,164.69,147.69,87.99,198.30,0.8699,-1,-1,-1
11,11,142.24,195.46,29.62,69.94,0.5637,-1,-1,-1
11,5,285.00,198.00,23.29,67.42,0.6966,-1,-1,-1
11,4,255.51,201.25,21.78,64.13,0.4890,-1,-1,-1
11,3,306.29,201.06,21.44,64.58,0.6469,-1,-1,-1
11,2,54.74,135.50,85.26,221.82,0.8677,-1,-1,-1
11,1,170.95,147.20,88.75,201.15,0.8611,-1,-1,-1
12,11,153.65,198.37,29.97,68.82,0.5749,-1,-1,-1
12,4,269.35,199.56,24.75,68.65,0.6251,-1,-1,-1
12,3,316.23,205.74,22.55,62.62,0.5016,-1,-1,-1
12,2,64.76,130.20,83.60,233.83,0.8809,-1,-1,-1
12,1,181.95,147.81,92.42,205.49,0.8704,-1,-1,-1
13,13,389.53,219.04,10.05,31.05,0.3918,-1,-1,-1
13,11,159.03,196.50,30.47,71.13,0.5691,-1,-1,-1
13,5,304.12,204.02,20.63,62.72,0.4761,-1,-1,-1
13,4,275.68,200.25,23.81,68.24,0.5106,-1,-1,-1
13,3,321.07,194.09,25.30,73.72,0.4617,-1,-1,-1
13,2,67.42,142.99,85.98,222.30,0.8563,-1,-1,-1
13,1,183.00,147.34,97.42,209.39,0.8587,-1,-1,-1
14,11,170.77,195.92,29.59,71.31,0.5988,-1,-1,-1
14,5,316.76,201.46,22.05,65.23,0.5775,-1,-1,-1
14,4,287.01,204.25,23.49,62.60,0.5899,-1,-1,-1
14,3,335.04,206.02,21.08,61.87,0.3741,-1,-1,-1
14,2,83.28,127.69,81.04,239.36,0.8715,-1,-1,-1
14,1,198.54,145.06,93.46,212.05,0.8290,-1,-1,-1
15,15,0.09,144.78,42.27,166.65,0.5379,-1,-1,-1
15,11,182.53,197.99,28.52,70.68,0.6604,-1,-1,-1
15,5,326.00,200.21,23.34,67.70,0.5191,-1,-1,-1
15,4,297.35,202.31,22.49,66.95,0.5773,-1,-1,-1
15,3,346.35,205.30,26.82,64.41,0.6195,-1,-1,-1
15,2,85.30,138.90,86.47,231.99,0.8602,-1,-1,-1
15,1,209.87,145.30,95.31,216.19,0.8599,-1,-1,-1
16,15,0.23,143.05,46.80,154.26,0.4308,-1,-1,-1
16,11,185.54,193.32,30.26,71.76,0.6426,-1,-1,-1
16,5,330.82,194.94,24.36,71.15,0.5508,-1,-1,-1
16,4,300.82,198.22,24.14,66.79,0.6868,-1,-1,-1
16,3,352.53,199.42,27.45,67.76,0.5434,-1,-1,-1
16,2,78.11,123.43,96.97,246.71,0.8776,-1,-1,-1
16,1,211.57,144.54,100.15,215.96,0.8458,-1,-1,-1
17,15,0.14,140.90,65.13,148.23,0.3768,-1,-1,-1
17,11,189.15,192.91,28.59,71.68,0.6422,-1,-1,-1
17,5,334.86,195.47,23.15,69.61,0.4471,-1,-1,-1
17,4,306.40,195.80,24.12,69.86,0.5980,-1,-1,-1
17,3,353.60,186.36,25.64,78.19,0.4913,-1,-1,-1
17,2,85.11,124.10,92.80,247.65,0.8982,-1,-1,-1
17,1,213.39,139.68,108.33,223.43,0.7738,-1,-1,-1
18,15,0.11,140.71,47.99,157.30,0.4964,-1,-1,-1
18,11,193.74,195.02,27.43,69.78,0.5464,-1,-1,-1
18,4,312.04,195.09,21.91,71.23,0.7058,-1,-1,-1
18,2,83.48,124.56,97.06,252.58,0.9013,-1,-1,-1
18,1,215.74,137.60,111.31,230.30,0.8572,-1,-1,-1
19,15,0.10,137.70,44.32,157.14,0.3060,-1,-1,-1
19,11,193.96,192.78,29.05,70.09,0.5145,-1,-1,-1
19,4,311.08,192.44,25.54,71.09,0.6221,-1,-1,-1
19,2,81.29,118.63,98.10,257.50,0.9064,-1,-1,-1
19,1,217.42,132.74,112.85,235.01,0.8666,-1,-1,-1
20,15,0.31,135.11,44.93,148.39,0.2910,-1,-1,-1
20,11,192.26,187.31,28.85,72.94,0.5803,-1,-1,-1
20,2,76.62,113.00,99.10,265.29,0.9029,-1,-1,-1
20,1,214.28,128.40,113.98,241.08,0.8877,-1,-1,-1
21,17,43.01,186.45,24.70,69.57,0.5713,-1,-1,-1
21,15,0.05,131.95,37.81,165.54,0.5208,-1,-1,-1
21,11,192.25,186.22,27.94,74.55,0.6602,-1,-1,-1
21,2,72.85,107.12,102.23,275.10,0.8988,-1,-1,-1
21,1,213.93,126.38,116.71,247.78,0.8791,-1,-1,-1
22,17,41.69,183.04,28.62,71.10,0.4103,-1,-1,-1
22,15,0.04,128.85,38.11,225.65,0.3507,-1,-1,-1
22,11,194.27,185.85,26.99,73.35,0.3509,-1,-1,-1
22,2,68.15,103.45,105.81,280.99,0.8850,-1,-1,-1
22,1,214.45,122.68,117.92,253.72,0.8829,-1,-1,-1
23,17,50.58,191.46,22.26,67.15,0.3665,-1,-1,-1
23,15,0.00,133.35,39.24,228.86,0.3568,-1,-1,-1
23,11,198.42,190.57,25.85,73.23,0.5789,-1,-1,-1
23,2,68.10,104.66,106.88,290.01,0.8965,-1,-1,-1
23,1,215.10,123.44,118.36,261.29,0.8812,-1,-1,-1
24,18,0.00,133.60,23.48,88.96,0.3387,-1,-1,-1
24,15,0.31,133.16,40.33,164.57,0.4349,-1,-1,-1
24,2,65.08,104.26,111.96,294.78,0.8602,-1,-1,-1
24,1,221.39,121.39,114.78,265.52,0.7988,-1,-1,-1
25,15,0.13,134.23,38.15,170.38,0.3614,-1,-1,-1
25,2,61.23,103.05,116.34,304.22,0.8911,-1,-1,-1
25,1,231.81,120.73,109.30,276.01,0.8810,-1,-1,-1
26,15,0.14,132.75,37.44,171.71,0.3655,-1,-1,-1
26,2,57.58,100.38,118.97,309.60,0.8826,-1,-1,-1
26,1,230.69,116.24,110.18,281.81,0.8712,-1,-1,-1
27,15,0.19,130.49,38.39,169.91,0.4621,-1,-1,-1
27,2,55.26,95.62,121.66,315.97,0.8972,-1,-1,-1
27,1,236.83,113.00,110.48,288.70,0.8809,-1,-1,-1
28,15,0.12,129.85,39.15,170.18,0.3368,-1,-1,-1
28,2,54.28,94.27,123.39,323.29,0.9022,-1,-1,-1
28,1,240.81,111.12,110.18,294.89,0.8851,-1,-1,-1
29,19,143.32,86.82,43.77,165.57,0.3213,-1,-1,-1
29,2,51.32,85.90,127.94,339.05,0.8817,-1,-1,-1
29,1,232.61,105.08,124.47,303.33,0.8659,-1,-1,-1
30,15,0.12,125.05,36.65,179.71,0.3046,-1,-1,-1
30,2,47.89,83.85,132.22,345.74,0.8888,-1,-1,-1
30,1,234.40,103.21,124.33,310.31,0.8839,-1,-1,-1
31,20,392.86,175.88,20.94,35.07,0.3312,-1,-1,-1
31,19,142.19,81.16,48.90,171.13,0.4181,-1,-1,-1
31,7,408.89,189.66,17.58,50.89,0.2737,-1,-1,-1
31,2,42.22,80.18,140.06,353.66,0.8946,-1,-1,-1
31,1,246.19,98.30,119.43,321.49,0.8790,-1,-1,-1
32,19,147.41,80.01,47.45,177.03,0.5285,-1,-1,-1
32,13,466.98,208.08,14.31,30.02,0.3217,-1,-1,-1
32,7,408.28,190.83,25.90,75.43,0.6674,-1,-1,-1
32,2,44.77,77.67,139.66,364.69,0.8790,-1,-1,-1
32,1,254.43,96.56,120.05,332.50,0.8769,-1,-1,-1
33,19,153.36,76.81,46.45,183.02,0.3756,-1,-1,-1
33,7,418.41,188.94,26.62,75.15,0.6739,-1,-1,-1
33,4,360.96,186.78,26.98,75.24,0.6280,-1,-1,-1
33,3,392.75,179.22,23.11,82.87,0.2674,-1,-1,-1
33,2,53.85,70.26,137.09,374.53,0.8887,-1,-1,-1
33,1,259.21,89.70,127.61,339.10,0.8614,-1,-1,-1
34,19,158.83,75.04,54.93,179.83,0.5096,-1,-1,-1
34,7,425.93,187.48,27.08,79.14,0.6605,-1,-1,-1
34,4,368.31,187.00,29.79,76.94,0.6828,-1,-1,-1
34,3,402.22,180.43,24.33,82.94,0.4951,-1,-1,-1
34,2,60.38,70.63,140.44,381.33,0.8851,-1,-1,-1
34,1,270.24,88.97,130.61,352.14,0.8579,-1,-1,-1
35,21,0.14,119.09,37.09,104.41,0.6117,-1,-1,-1
35,19,165.14,75.67,55.39,240.38,0.2975,-1,-1,-1
35,7,434.95,190.56,28.38,78.28,0.6581,-1,-1,-1
35,4,377.30,189.66,28.10,76.96,0.7054,-1,-1,-1
35,3,410.21,189.36,24.56,76.19,0.4801,-1,-1,-1
35,2,65.83,70.72,139.91,387.10,0.9042,-1,-1,-1
35,1,269.71,88.40,147.58,360.94,0.8551,-1,-1,-1
36,19,174.66,71.41,55.57,182.91,0.5570,-1,-1,-1
36,7,447.67,189.76,28.30,77.93,0.6636,-1,-1,-1
36,4,387.62,189.35,27.58,75.90,0.5824,-1,-1,-1
36,3,420.72,181.43,26.31,83.64,0.4843,-1,-1,-1
36,2,71.91,62.14,145.93,400.46,0.8947,-1,-1,-1
36,1,270.52,80.78,163.25,370.22,0.8937,-1,-1,-1
37,19,177.53,71.23,53.74,186.14,0.4362,-1,-1,-1
37,15,0.07,114.25,71.97,169.95,0.2849,-1,-1,-1
37,7,452.27,190.29,26.81,78.51,0.6192,-1,-1,-1
37,4,391.55,189.43,28.39,76.19,0.6547,-1,-1,-1
37,3,425.05,188.28,23.76,77.77,0.3203,-1,-1,-1
37,2,72.20,61.22,148.36,405.57,0.9014,-1,-1,-1
37,1,271.54,78.08,167.84,378.74,0.8908,-1,-1,-1
38,19,181.02,70.96,57.56,196.30,0.4525,-1,-1,-1
38,15,0.00,113.92,57.98,277.25,0.2922,-1,-1,-1
38,9,515.28,200.55,18.25,44.18,0.3843,-1,-1,-1
38,7,456.84,189.65,29.03,80.89,0.7279,-1,-1,-1
38,4,398.02,194.90,29.04,72.67,0.4970,-1,-1,-1
38,3,430.11,189.80,27.09,78.64,0.5459,-1,-1,-1
38,2,70.66,58.89,153.27,416.21,0.8759,-1,-1,-1
38,1,278.83,76.51,176.57,388.74,0.8878,-1,-1,-1
39,19,182.56,63.49,57.40,195.59,0.5569,-1,-1,-1
39,7,460.15,187.38,33.26,82.03,0.6727,-1,-1,-1
39,4,403.58,195.88,26.71,69.99,0.5582,-1,-1,-1
39,3,434.69,186.93,26.12,78.00,0.5778,-1,-1,-1
39,2,69.38,53.49,158.10,424.65,0.8789,-1,-1,-1
39,1,284.50,70.34,178.45,398.16,0.8902,-1,-1,-1
40,19,185.34,63.01,55.86,200.51,0.6957,-1,-1,-1
40,15,0.00,112.57,82.53,295.24,0.2898,-1,-1,-1
40,7,465.04,188.42,31.37,83.40,0.7032,-1,-1,-1
40,4,409.61,199.88,23.29,69.75,0.4654,-1,-1,-1
40,3,438.90,185.96,28.03,82.56,0.5362,-1,-1,-1
40,2,67.65,52.78,162.44,427.22,0.8847,-1,-1,-1
40,1,285.41,65.84,187.17,412.89,0.8876,-1,-1,-1
41,21,0.00,114.38,49.47,153.99,0.3844,-1,-1,-1
41,19,183.08,63.08,57.60,198.72,0.7385,-1,-1,-1
41,11,271.95,192.50,22.93,72.27,0.2983,-1,-1,-1
41,7,468.32,189.00,31.19,46.58,0.6164,-1,-1,-1
41,3,440.00,188.56,26.90,79.48,0.5486,-1,-1,-1
41,2,64.02,48.70,166.27,431.30,0.8903,-1,-1,-1
41,1,289.64,63.07,191.43,416.66,0.8832,-1,-1,-1
42,19,177.51,55.41,60.29,209.31,0.6336,-1,-1,-1
42,7,465.11,187.50,34.00,38.64,0.5377,-1,-1,-1
42,2,49.76,41.68,173.69,438.32,0.8915,-1,-1,-1
42,1,283.00,56.11,199.34,423.89,0.8999,-1,-1,-1
43,21,0.02,105.62,37.29,112.01,0.2685,-1,-1,-1
43,19,175.18,50.88,58.65,206.81,0.6478,-1,-1,-1
43,11,265.84,186.82,24.77,76.69,0.3259,-1,-1,-1
43,7,463.98,190.29,30.43,31.68,0.5272,-1,-1,-1
43,2,46.89,35.97,174.28,443.92,0.8963,-1,-1,-1
43,1,281.48,53.23,206.10,426.77,0.9045,-1,-1,-1
44,19,174.67,48.49,59.80,212.37,0.6433,-1,-1,-1
44,11,266.53,186.80,26.07,77.77,0.3625,-1,-1,-1
44,2,43.02,30.74,178.20,448.71,0.8976,-1,-1,-1
44,1,280.31,50.46,210.75,429.54,0.9040,-1,-1,-1
45,19,176.06,47.57,61.64,215.56,0.6476,-1,-1,-1
45,15,0.12,99.84,39.38,325.69,0.3614,-1,-1,-1
45,11,267.56,185.81,28.04,77.83,0.4529,-1,-1,-1
45,2,41.68,27.68,178.92,450.65,0.8951,-1,-1,-1
45,1,283.90,46.71,213.83,432.69,0.8964,-1,-1,-1
46,19,174.38,45.28,62.83,218.34,0.6942,-1,-1,-1
46,15,0.23,97.61,37.00,329.66,0.4195,-1,-1,-1
46,2,35.49,19.79,185.24,459.62,0.8836,-1,-1,-1
46,1,277.21,42.82,224.95,437.18,0.9094,-1,-1,-1
47,21,0.05,94.29,30.01,114.57,0.2625,-1,-1,-1
47,19,173.95,41.23,61.74,216.85,0.6582,-1,-1,-1
47,15,0.18,93.96,37.26,334.84,0.3063,-1,-1,-1
47,11,269.56,183.34,27.35,79.35,0.3716,-1,-1,-1
47,2,32.48,15.00,187.00,464.02,0.8725,-1,-1,-1
47,1,284.03,38.02,222.68,441.98,0.9064,-1,-1,-1
48,19,176.78,38.43,63.94,223.28,0.6428,-1,-1,-1
48,15,0.06,93.09,40.56,341.19,0.3433,-1,-1,-1
48,2,29.46,11.87,193.47,468.13,0.8636,-1,-1,-1
48,1,289.84,29.60,222.76,449.64,0.8999,-1,-1,-1
49,21,0.07,93.22,30.97,113.26,0.3333,-1,-1,-1
49,19,176.25,36.63,65.96,226.82,0.6405,-1,-1,-1
49,2,26.90,9.90,200.91,466.86,0.8603,-1,-1,-1
49,1,286.50,29.11,230.50,450.89,0.8895,-1,-1,-1
50,21,0.08,90.33,29.67,117.47,0.5213,-1,-1,-1
50,19,173.85,34.65,67.05,237.17,0.6500,-1,-1,-1
50,2,20.05,3.03,204.96,475.55,0.8585,-1,-1,-1
50,1,285.26,22.87,233.39,456.16,0.8995,-1,-1,-1
51,21,0.07,89.53,30.90,117.90,0.4481,-1,-1,-1
51,19,174.25,33.53,70.97,238.29,0.7362,-1,-1,-1
51,2,22.51,1.63,201.04,474.75,0.8588,-1,-1,-1
51,1,285.16,19.71,239.01,459.63,0.9086,-1,-1,-1
52,21,0.03,87.20,31.19,161.51,0.4830,-1,-1,-1
52,19,173.37,30.09,71.11,240.12,0.5960,-1,-1,-1
52,2,16.71,0.70,204.82,477.18,0.8464,-1,-1,-1
52,1,290.78,16.20,238.06,462.54,0.9019,-1,-1,-1
53,21,0.02,86.42,37.47,162.29,0.3691,-1,-1,-1
53,19,173.52,28.33,70.36,239.74,0.6318,-1,-1,-1
53,2,13.18,0.39,211.46,479.17,0.8605,-1,-1,-1
53,1,287.70,14.38,248.92,464.66,0.9044,-1,-1,-1
54,21,0.07,87.45,36.06,113.84,0.4177,-1,-1,-1
54,19,173.34,28.62,71.35,240.97,0.5766,-1,-1,-1
54,15,0.12,84.84,39.28,369.40,0.2668,-1,-1,-1
54,2,13.88,1.15,210.81,475.87,0.8424,-1,-1,-1
54,1,290.27,12.61,249.77,467.39,0.9116,-1,-1,-1
55,21,0.16,86.28,37.06,197.23,0.4524,-1,-1,-1
55,19,175.39,26.17,71.58,243.97,0.5491,-1,-1,-1
55,2,11.49,1.18,214.08,478.09,0.8571,-1,-1,-1
55,1,293.97,8.21,256.99,469.27,0.8858,-1,-1,-1
56,21,0.08,84.21,36.76,166.12,0.4636,-1,-1,-1
56,19,176.30,24.81,71.45,246.97,0.5890,-1,-1,-1
56,2,12.58,0.34,215.62,478.18,0.8620,-1,-1,-1
56,1,290.13,5.98,262.39,472.30,0.8457,-1,-1,-1
57,21,0.08,83.58,35.99,165.79,0.5690,-1,-1,-1
57,19,176.32,23.06,73.60,289.58,0.6122,-1,-1,-1
57,2,7.91,1.27,219.97,475.49,0.8578,-1,-1,-1
57,1,300.88,2.87,262.13,476.58,0.9115,-1,-1,-1
58,21,0.09,83.53,34.58,165.48,0.4866,-1,-1,-1
58,19,176.06,20.69,76.17,380.44,0.4966,-1,-1,-1
58,2,8.03,1.24,219.55,475.91,0.8594,-1,-1,-1
58,1,302.03,2.64,264.44,477.36,0.8997,-1,-1,-1
59,21,0.07,84.45,32.17,163.53,0.4017,-1,-1,-1
59,19,177.24,20.76,75.83,333.01,0.7051,-1,-1,-1
59,2,6.17,1.31,222.87,475.95,0.8447,-1,-1,-1
59,1,302.97,1.53,273.82,477.83,0.9035,-1,-1,-1
60,21,0.17,79.65,29.87,219.41,0.3765,-1,-1,-1
60,19,174.69,19.08,79.84,407.77,0.5711,-1,-1,-1
60,15,0.22,78.77,35.86,380.56,0.2705,-1,-1,-1
60,2,5.42,0.66,224.82,476.90,0.8185,-1,-1,-1
60,1,303.41,0.11,280.94,477.31,0.9006,-1,-1,-1
61,21,0.11,80.14,28.50,213.28,0.3827,-1,-1,-1
61,19,175.40,18.33,78.88,402.82,0.6077,-1,-1,-1
61,2,2.04,1.42,225.85,475.30,0.8556,-1,-1,-1
61,1,307.59,0.00,284.31,479.09,0.8971,-1,-1,-1
62,21,0.28,78.48,31.50,226.90,0.4517,-1,-1,-1
62,19,178.12,16.51,78.71,414.92,0.7277,-1,-1,-1
62,2,1.77,1.28,225.24,475.70,0.8611,-1,-1,-1
62,1,312.29,0.10,285.96,474.09,0.8307,-1,-1,-1
63,24,0.07,79.50,26.86,169.81,0.2845,-1,-1,-1
63,19,176.93,15.09,80.70,419.13,0.7196,-1,-1,-1
63,15,0.21,75.47,37.58,361.82,0.3731,-1,-1,-1
63,2,0.90,1.59,225.57,475.71,0.7896,-1,-1,-1
63,1,313.11,0.14,286.20,479.86,0.8857,-1,-1,-1
64,25,568.75,191.97,23.32,48.06,0.2626,-1,-1,-1
64,24,0.06,79.22,27.10,170.86,0.3066,-1,-1,-1
64,22,500.95,191.71,26.71,77.44,0.6102,-1,-1,-1
64,21,0.26,75.40,33.84,383.56,0.3595,-1,-1,-1
64,19,175.83,15.30,83.41,411.87,0.5741,-1,-1,-1
64,2,1.26,2.25,227.97,476.16,0.8099,-1,-1,-1
64,1,317.49,0.00,286.52,480.00,0.8757,-1,-1,-1
65,24,0.17,78.04,24.94,142.04,0.2590,-1,-1,-1
65,22,501.67,193.00,26.21,76.46,0.6443,-1,-1,-1
65,21,0.33,74.61,35.30,353.19,0.3505,-1,-1,-1
65,19,178.09,14.40,83.25,347.88,0.5247,-1,-1,-1
65,2,0.88,1.55,236.04,474.57,0.7657,-1,-1,-1
65,1,317.00,0.00,288.11,480.00,0.8766,-1,-1,-1
66,24,0.12,78.64,22.01,128.44,0.3763,-1,-1,-1
66,22,502.25,192.04,26.49,76.78,0.6824,-1,-1,-1
66,19,177.45,13.20,85.58,329.63,0.6341,-1,-1,-1
66,15,0.20,74.98,33.53,376.48,0.3673,-1,-1,-1
66,2,0.51,1.47,230.64,472.83,0.8418,-1,-1,-1
66,1,312.46,0.24,293.49,479.76,0.8839,-1,-1,-1
67,25,574.01,197.40,18.89,41.94,0.4004,-1,-1,-1
67,24,0.12,78.06,22.11,132.02,0.2993,-1,-1,-1
67,22,503.62,192.63,24.53,76.40,0.6490,-1,-1,-1
67,19,179.93,11.69,83.36,414.39,0.7479,-1,-1,-1
67,15,0.22,75.50,32.08,380.14,0.5338,-1,-1,-1
67,2,0.53,1.31,226.20,476.80,0.8087,-1,-1,-1
67,1,310.63,0.00,300.07,479.80,0.8852,-1,-1,-1
68,22,505.93,192.78,23.09,76.87,0.6037,-1,-1,-1
68,19,178.94,11.24,84.92,432.47,0.6779,-1,-1,-1
68,15,0.15,75.28,33.98,335.58,0.3680,-1,-1,-1
68,2,0.07,3.05,225.52,474.63,0.7487,-1,-1,-1
68,1,316.68,0.51,294.80,479.49,0.8942,-1,-1,-1
69,25,576.59,198.03,22.60,50.93,0.3169,-1,-1,-1
69,24,0.12,77.89,22.38,129.63,0.3680,-1,-1,-1
69,22,505.84,193.53,22.12,75.41,0.6365,-1,-1,-1
69,21,0.28,73.78,34.55,361.61,0.3943,-1,-1,-1
69,19,179.07,10.05,85.58,434.11,0.6036,-1,-1,-1
69,11,293.90,176.04,28.67,86.46,0.5637,-1,-1,-1
69,2,0.24,2.96,225.26,475.41,0.7380,-1,-1,-1
69,1,317.89,0.66,292.40,479.34,0.8915,-1,-1,-1
70,25,577.30,194.19,23.98,53.03,0.3070,-1,-1,-1
70,24,0.13,77.70,22.62,128.20,0.3834,-1,-1,-1
70,22,506.31,193.06,22.89,76.00,0.6172,-1,-1,-1
70,19,183.25,9.35,83.68,423.99,0.8348,-1,-1,-1
70,15,0.27,74.76,34.81,356.33,0.4031,-1,-1,-1
70,11,295.49,176.95,26.64,85.10,0.5253,-1,-1,-1
70,2,0.07,1.32,223.15,478.57,0.8235,-1,-1,-1
70,1,317.57,0.53,292.54,479.47,0.8924,-1,-1,-1
71,24,0.12,78.20,22.56,125.89,0.4387,-1,-1,-1
71,22,506.53,193.29,22.52,74.71,0.5617,-1,-1,-1
71,21,0.27,74.05,33.70,368.52,0.3847,-1,-1,-1
71,19,183.93,8.30,84.58,425.09,0.8365,-1,-1,-1
71,11,292.87,176.68,28.64,84.63,0.5884,-1,-1,-1
71,2,0.15,1.37,222.44,478.63,0.8286,-1,-1,-1
71,1,317.50,0.00,291.06,480.00,0.8761,-1,-1,-1
72,26,554.20,201.72,21.00,39.23,0.3058,-1,-1,-1
72,25,586.43,196.49,22.63,50.65,0.5855,-1,-1,-1
72,24,0.11,78.25,22.84,126.65,0.4064,-1,-1,-1
72,22,506.68,192.77,22.69,76.36,0.5834,-1,-1,-1
72,21,0.26,75.45,33.08,369.04,0.4914,-1,-1,-1
72,19,184.57,7.91,85.04,425.82,0.8375,-1,-1,-1
72,11,290.35,176.73,31.83,85.17,0.6204,-1,-1,-1
72,2,0.08,1.26,223.06,478.74,0.8600,-1,-1,-1
72,1,315.72,0.48,294.33,479.52,0.8827,-1,-1,-1
73,26,553.22,202.19,22.26,39.26,0.2910,-1,-1,-1
73,25,586.24,196.18,23.22,52.08,0.5500,-1,-1,-1
73,24,0.12,78.09,22.49,128.37,0.4076,-1,-1,-1
73,22,505.55,192.11,23.13,78.17,0.5062,-1,-1,-1
73,21,0.26,73.88,34.45,360.48,0.3447,-1,-1,-1
73,19,184.88,10.70,87.62,422.75,0.8394,-1,-1,-1
73,11,289.86,177.25,30.83,82.44,0.6042,-1,-1,-1
73,2,0.09,1.35,223.15,478.64,0.8543,-1,-1,-1
73,1,313.19,0.42,297.56,479.58,0.8920,-1,-1,-1
74,24,0.12,78.30,22.63,125.95,0.4138,-1,-1,-1
74,22,505.17,193.32,22.63,75.67,0.5653,-1,-1,-1
74,21,0.29,73.28,34.13,352.40,0.3463,-1,-1,-1
74,19,185.20,9.21,88.91,423.47,0.8486,-1,-1,-1
74,11,290.20,177.05,30.30,82.26,0.5464,-1,-1,-1
74,2,0.19,1.35,223.37,477.58,0.8477,-1,-1,-1
74,1,312.69,0.03,294.96,479.97,0.8500,-1,-1,-1
75,24,0.10,77.63,22.95,125.39,0.3664,-1,-1,-1
75,21,0.25,73.76,35.41,367.29,0.2992,-1,-1,-1
75,19,186.87,9.85,88.77,422.33,0.8458,-1,-1,-1
75,11,290.13,177.35,31.25,82.02,0.6049,-1,-1,-1
75,2,0.99,0.90,222.12,478.29,0.8279,-1,-1,-1
75,1,306.73,0.56,295.05,479.44,0.8711,-1,-1,-1
76,24,0.12,78.26,22.58,128.69,0.3271,-1,-1,-1
76,21,0.26,73.99,34.17,361.53,0.2824,-1,-1,-1
76,19,186.97,10.18,89.28,422.55,0.8553,-1,-1,-1
76,11,290.36,176.91,30.24,81.45,0.6551,-1,-1,-1
76,2,1.14,0.83,221.89,478.12,0.8184,-1,-1,-1
76,1,305.40,0.00,297.45,478.59,0.8883,-1,-1,-1
77,24,0.12,78.72,22.77,117.46,0.3556,-1,-1,-1
77,21,0.26,74.77,33.21,344.79,0.2896,-1,-1,-1
77,19,187.47,9.81,89.04,421.51,0.8452,-1,-1,-1
77,11,289.87,176.71,32.24,81.37,0.6553,-1,-1,-1
77,2,1.41,0.85,222.32,476.72,0.8269,-1,-1,-1
77,1,303.70,0.00,295.24,477.40,0.8744,-1,-1,-1
78,24,0.16,78.89,22.72,111.66,0.4589,-1,-1,-1
78,21,0.22,73.81,32.34,362.19,0.2758,-1,-1,-1
78,19,189.05,9.13,86.46,421.99,0.8443,-1,-1,-1
78,11,289.38,177.29,30.93,80.97,0.4946,-1,-1,-1
78,2,1.07,1.19,223.18,478.81,0.8335,-1,-1,-1
78,1,301.74,0.00,297.51,476.72,0.8931,-1,-1,-1
79,24,0.13,79.14,23.00,125.20,0.3723,-1,-1,-1
79,21,0.24,75.29,33.17,348.42,0.2702,-1,-1,-1
79,19,188.62,10.26,84.90,422.20,0.8373,-1,-1,-1
79,11,288.66,177.83,33.37,80.52,0.4671,-1,-1,-1
79,2,1.48,0.71,222.87,478.15,0.8325,-1,-1,-1
79,1,305.54,0.00,287.88,480.00,0.8717,-1,-1,-1
80,24,0.12,79.66,23.12,118.23,0.3803,-1,-1,-1
80,21,0.22,76.00,32.01,351.37,0.3045,-1,-1,-1
80,19,188.64,11.24,85.01,423.11,0.8294,-1,-1,-1
80,2,0.88,1.32,224.23,478.68,0.8516,-1,-1,-1
80,1,314.94,0.00,272.25,480.00,0.8759,-1,-1,-1
81,24,0.13,79.39,23.82,118.95,0.3807,-1,-1,-1
81,21,0.19,75.82,32.54,371.59,0.4099,-1,-1,-1
81,19,188.91,11.23,84.08,417.90,0.7937,-1,-1,-1
81,2,0.86,1.28,226.92,478.33,0.8432,-1,-1,-1
81,1,312.84,0.00,276.06,480.00,0.8798,-1,-1,-1
82,24,0.13,79.62,22.96,114.71,0.4136,-1,-1,-1
82,21,0.23,75.30,33.35,357.31,0.3528,-1,-1,-1
82,19,188.94,12.29,83.97,418.72,0.7392,-1,-1,-1
82,2,0.72,1.35,230.93,476.39,0.8403,-1,-1,-1
82,1,318.54,0.00,268.01,480.00,0.8624,-1,-1,-1
83,24,0.12,79.06,22.70,119.86,0.4516,-1,-1,-1
83,21,0.23,73.78,32.84,379.55,0.3457,-1,-1,-1
83,19,187.62,13.53,84.00,423.46,0.8172,-1,-1,-1
83,2,0.52,1.48,225.20,477.76,0.8173,-1,-1,-1
83,1,308.94,0.00,278.07,475.58,0.8782,-1,-1,-1
84,24,0.10,79.09,21.19,123.27,0.4579,-1,-1,-1
84,21,0.17,72.02,30.17,372.41,0.2616,-1,-1,-1
84,19,183.31,11.91,86.57,426.75,0.7983,-1,-1,-1
84,2,0.27,1.55,224.66,476.23,0.7691,-1,-1,-1
84,1,307.27,0.00,274.99,479.49,0.9028,-1,-1,-1
85,25,614.15,192.99,25.64,56.48,0.5777,-1,-1,-1
85,24,0.12,79.09,22.06,124.77,0.3620,-1,-1,-1
85,21,0.21,72.85,33.40,356.35,0.2932,-1,-1,-1
85,19,181.75,15.10,84.09,422.71,0.7471,-1,-1,-1
85,2,0.36,1.65,231.36,474.77,0.7584,-1,-1,-1
85,1,308.50,0.07,279.58,478.29,0.8923,-1,-1,-1
86,25,615.92,193.50,23.87,56.61,0.4649,-1,-1,-1
86,24,0.11,79.85,22.38,126.04,0.3754,-1,-1,-1
86,21,0.25,73.48,33.60,370.38,0.3084,-1,-1,-1
86,19,177.69,17.37,84.85,422.38,0.7507,-1,-1,-1
86,2,0.61,1.75,228.98,476.39,0.7405,-1,-1,-1
86,1,307.74,0.08,279.91,476.16,0.8679,-1,-1,-1
87,26,546.45,202.99,15.08,36.38,0.2514,-1,-1,-1
87,25,615.19,193.33,24.60,56.03,0.4894,-1,-1,-1
87,24,0.12,80.02,21.08,122.35,0.3263,-1,-1,-1
87,22,503.71,193.11,23.71,75.82,0.6588,-1,-1,-1
87,21,0.23,74.93,32.63,366.43,0.4767,-1,-1,-1
87,19,173.71,17.14,85.05,409.42,0.6689,-1,-1,-1
87,2,0.15,1.80,232.75,475.07,0.7021,-1,-1,-1
87,1,310.78,0.09,276.53,479.91,0.8880,-1,-1,-1
88,24,0.13,80.71,22.01,123.43,0.4351,-1,-1,-1
88,22,505.37,193.08,23.25,77.38,0.5258,-1,-1,-1
88,21,0.25,73.29,32.94,382.98,0.3262,-1,-1,-1
88,19,174.27,22.16,82.08,410.52,0.7451,-1,-1,-1
88,2,0.19,1.77,226.37,475.92,0.8129,-1,-1,-1
88,1,306.66,0.91,280.98,479.09,0.8988,-1,-1,-1
89,26,544.41,202.30,17.61,36.96,0.3356,-1,-1,-1
89,24,0.12,81.06,21.94,123.51,0.3758,-1,-1,-1
89,22,506.13,192.70,21.85,77.08,0.5054,-1,-1,-1
89,21,0.28,75.41,32.31,343.69,0.3430,-1,-1,-1
89,19,171.79,23.26,84.13,404.29,0.7138,-1,-1,-1
89,2,0.12,1.73,226.27,476.78,0.8042,-1,-1,-1
89,1,312.24,0.47,275.46,479.53,0.8955,-1,-1,-1
90,24,0.12,82.15,21.65,120.04,0.2839,-1,-1,-1
90,22,506.06,192.96,20.97,77.06,0.4277,-1,-1,-1
90,21,0.22,77.97,31.71,369.45,0.4337,-1,-1,-1
90,19,168.81,23.52,87.74,402.60,0.7513,-1,-1,-1
90,2,0.00,1.48,223.34,477.52,0.7954,-1,-1,-1
90,1,308.46,0.67,279.41,479.33,0.8977,-1,-1,-1
91,26,544.55,205.63,13.54,32.64,0.3147,-1,-1,-1
91,24,0.04,83.65,21.91,130.33,0.4233,-1,-1,-1
91,22,505.42,192.20,21.10,76.39,0.3014,-1,-1,-1
91,21,0.23,78.90,31.82,378.87,0.4672,-1,-1,-1
91,19,167.65,23.69,90.30,402.80,0.7204,-1,-1,-1
91,2,0.08,1.38,222.70,477.41,0.7909,-1,-1,-1
91,1,308.59,0.95,280.50,479.04,0.8943,-1,-1,-1
92,25,595.97,172.27,43.85,92.34,0.4476,-1,-1,-1
92,22,506.78,192.83,20.59,76.84,0.3287,-1,-1,-1
92,21,0.27,80.23,33.12,359.48,0.4237,-1,-1,-1
92,19,167.01,24.26,93.94,399.96,0.6925,-1,-1,-1
92,11,299.84,179.60,24.38,71.25,0.4452,-1,-1,-1
92,2,0.46,1.49,233.78,475.73,0.7655,-1,-1,-1
92,1,304.79,0.53,283.51,478.87,0.9045,-1,-1,-1
93,25,552.17,171.19,70.66,92.36,0.4666,-1,-1,-1
93,24,0.00,84.74,21.57,125.84,0.3357,-1,-1,-1
93,21,0.20,79.20,33.10,358.99,0.3017,-1,-1,-1
93,19,167.54,23.46,104.66,410.21,0.7883,-1,-1,-1
93,11,299.22,180.67,25.81,77.58,0.4503,-1,-1,-1
93,2,0.15,1.43,223.03,474.81,0.8433,-1,-1,-1
93,1,306.06,0.37,279.09,478.75,0.8917,-1,-1,-1
94,28,266.74,190.82,17.59,57.62,0.4865,-1,-1,-1
94,24,0.00,84.62,22.92,125.93,0.2947,-1,-1,-1
94,21,0.21,79.58,33.02,367.02,0.3167,-1,-1,-1
94,19,168.27,23.66,105.61,410.06,0.7889,-1,-1,-1
94,11,299.73,179.02,25.75,79.08,0.4521,-1,-1,-1
94,2,0.08,1.56,223.66,475.08,0.8469,-1,-1,-1
94,1,306.64,0.00,278.04,479.95,0.9028,-1,-1,-1
95,29,281.65,179.64,24.55,79.55,0.2625,-1,-1,-1
95,28,266.47,193.34,15.83,55.25,0.5569,-1,-1,-1
95,22,506.87,191.53,42.46,72.14,0.2972,-1,-1,-1
95,21,0.22,78.79,34.02,372.06,0.4191,-1,-1,-1
95,19,171.11,21.50,103.58,413.18,0.7886,-1,-1,-1
95,11,301.37,178.77,23.73,81.17,0.5122,-1,-1,-1
95,2,0.39,1.50,222.95,475.14,0.8603,-1,-1,-1
95,1,307.62,0.00,276.28,477.36,0.9010,-1,-1,-1
96,29,282.18,179.86,28.37,77.86,0.3064,-1,-1,-1
96,28,265.48,191.84,16.79,56.97,0.5346,-1,-1,-1
96,21,0.08,83.49,34.66,363.17,0.4157,-1,-1,-1
96,19,173.06,21.65,100.87,411.05,0.7914,-1,-1,-1
96,11,301.87,177.79,22.41,80.75,0.5020,-1,-1,-1
96,2,0.41,1.66,222.64,474.33,0.8357,-1,-1,-1
96,1,307.09,0.00,275.79,480.00,0.8999,-1,-1,-1
97,29,282.85,179.79,25.03,78.43,0.3714,-1,-1,-1
97,28,262.25,191.95,16.88,58.78,0.5794,-1,-1,-1
97,22,504.86,192.35,23.61,81.18,0.3291,-1,-1,-1
97,21,0.04,84.42,33.74,310.41,0.3742,-1,-1,-1
97,19,176.19,20.39,97.10,412.48,0.8179,-1,-1,-1
97,11,301.79,179.01,23.19,80.86,0.5721,-1,-1,-1
97,2,0.54,1.44,222.43,472.10,0.8640,-1,-1,-1
97,1,307.54,0.05,276.16,476.87,0.9031,-1,-1,-1
98,29,285.55,182.57,22.42,75.87,0.2867,-1,-1,-1
98,22,506.64,192.54,21.46,76.58,0.5041,-1,-1,-1
98,21,0.00,82.48,32.70,348.78,0.5054,-1,-1,-1
98,19,182.89,20.03,90.99,412.56,0.8351,-1,-1,-1
98,11,302.10,177.95,22.84,82.90,0.5933,-1,-1,-1
98,2,0.58,1.26,222.62,473.01,0.8745,-1,-1,-1
98,1,308.90,0.00,275.16,478.12,0.9064,-1,-1,-1
99,29,279.59,179.62,26.29,79.41,0.3549,-1,-1,-1
99,22,506.85,192.34,21.97,76.77,0.3765,-1,-1,-1
99,21,0.24,77.97,35.48,372.84,0.4600,-1,-1,-1
99,19,185.61,20.88,90.30,411.22,0.8484,-1,-1,-1
99,11,300.91,177.75,24.22,80.35,0.5364,-1,-1,-1
99,2,0.61,1.05,222.49,474.65,0.8855,-1,-1,-1
99,1,309.24,0.00,274.89,478.11,0.9089,-1,-1,-1
100,29,279.34,178.25,26.39,80.50,0.5712,-1,-1,-1
100,22,505.79,192.54,22.07,75.74,0.5333,-1,-1,-1
100,21,0.03,81.93,34.74,336.27,0.4245,-1,-1,-1
100,19,187.73,18.03,89.82,413.78,0.8406,-1,-1,-1
100,11,300.78,178.47,25.62,79.68,0.5874,-1,-1,-1
100,2,0.59,1.01,221.47,475.52,0.8820,-1,-1,-1
100,1,309.86,0.00,273.61,477.46,0.9027,-1,-1,-1
101,29,279.45,179.06,26.37,79.59,0.4007,-1,-1,-1
101,27,557.14,201.73,17.20,42.76,0.3069,-1,-1,-1
101,24,0.16,80.55,28.78,117.78,0.2592,-1,-1,-1
101,22,507.24,192.68,21.71,76.29,0.3761,-1,-1,-1
101,21,0.05,81.36,33.53,358.44,0.4260,-1,-1,-1
101,19,189.95,16.92,92.10,413.65,0.8511,-1,-1,-1
101,11,300.67,177.99,24.02,81.76,0.4528,-1,-1,-1
101,2,0.58,0.90,221.69,475.18,0.8767,-1,-1,-1
101,1,310.25,0.00,274.24,480.00,0.9086,-1,-1,-1
102,24,0.10,81.48,28.32,120.45,0.2553,-1,-1,-1
102,22,508.03,192.88,19.00,75.68,0.2892,-1,-1,-1
102,21,0.03,81.82,34.07,346.16,0.4412,-1,-1,-1
102,19,189.57,15.82,94.36,412.98,0.8479,-1,-1,-1
102,2,0.47,0.86,221.78,475.65,0.8734,-1,-1,-1
102,1,312.39,0.06,271.47,477.96,0.9022,-1,-1,-1
103,26,540.91,202.65,11.95,37.07,0.4241,-1,-1,-1
103,24,0.12,81.58,29.89,117.02,0.2886,-1,-1,-1
103,22,508.63,192.99,18.25,75.29,0.3142,-1,-1,-1
103,21,0.02,82.26,33.98,320.08,0.3833,-1,-1,-1
103,19,191.07,17.33,93.34,414.77,0.8402,-1,-1,-1
103,2,0.36,1.05,221.84,476.55,0.8702,-1,-1,-1
103,1,313.57,0.00,271.70,480.00,0.9122,-1,-1,-1
104,26,541.03,202.51,11.09,36.45,0.3313,-1,-1,-1
104,24,0.14,81.37,28.85,117.87,0.3109,-1,-1,-1
104,22,507.63,193.16,19.79,74.97,0.3212,-1,-1,-1
104,21,0.14,79.83,33.67,342.50,0.3355,-1,-1,-1
104,19,192.08,17.79,89.77,414.81,0.8419,-1,-1,-1
104,2,0.20,0.84,222.69,476.85,0.8893,-1,-1,-1
104,1,314.42,0.00,274.29,480.00,0.9108,-1,-1,-1
105,27,554.73,202.96,16.84,42.09,0.2653,-1,-1,-1
105,26,540.95,203.78,12.14,35.68,0.4041,-1,-1,-1
105,24,0.10,84.09,24.34,119.72,0.3026,-1,-1,-1
105,21,0.05,83.84,31.08,354.06,0.3764,-1,-1,-1
105,19,191.71,17.06,88.98,410.09,0.8375,-1,-1,-1
105,11,301.37,178.56,24.08,81.03,0.2987,-1,-1,-1
105,2,0.16,0.58,223.01,476.62,0.8627,-1,-1,-1
105,1,314.07,0.00,274.92,480.00,0.9087,-1,-1,-1
106,29,279.26,178.81,25.49,81.42,0.5835,-1,-1,-1
106,26,540.68,203.84,12.36,36.07,0.4060,-1,-1,-1
106,24,0.15,81.46,24.01,122.39,0.2777,-1,-1,-1
106,22,509.33,194.19,17.80,73.75,0.2975,-1,-1,-1
106,21,0.03,82.30,32.72,362.59,0.4081,-1,-1,-1
106,19,192.32,16.55,85.95,415.21,0.8269,-1,-1,-1
106,11,300.87,178.73,23.93,82.18,0.6317,-1,-1,-1
106,2,0.22,0.42,223.40,477.83,0.8800,-1,-1,-1
106,1,314.04,0.00,276.75,479.10,0.9044,-1,-1,-1
107,29,279.79,179.51,25.54,79.20,0.5654,-1,-1,-1
107,26,541.47,204.27,11.77,35.55,0.3816,-1,-1,-1
107,24,0.11,82.01,22.76,118.41,0.2879,-1,-1,-1
107,21,0.03,82.43,31.39,362.56,0.3576,-1,-1,-1
107,19,192.24,16.82,86.22,414.78,0.8186,-1,-1,-1
107,11,301.02,178.50,24.41,82.09,0.5889,-1,-1,-1
107,2,0.19,0.27,224.81,478.17,0.8803,-1,-1,-1
107,1,313.50,0.35,279.87,478.53,0.8953,-1,-1,-1
108,29,279.51,181.16,24.84,77.26,0.5106,-1,-1,-1
108,26,541.09,201.95,12.18,38.11,0.4677,-1,-1,-1
108,22,511.13,196.47,16.24,71.94,0.3205,-1,-1,-1
108,19,191.62,16.15,86.23,415.45,0.8234,-1,-1,-1
108,11,301.19,178.82,24.21,81.12,0.6020,-1,-1,-1
108,2,0.00,0.11,225.64,477.51,0.8742,-1,-1,-1
108,1,312.02,0.00,284.57,477.07,0.8996,-1,-1,-1
109,29,279.19,180.43,26.01,78.27,0.5028,-1,-1,-1
109,19,189.28,16.96,88.54,413.55,0.8310,-1,-1,-1
109,11,301.21,178.29,23.88,82.42,0.5538,-1,-1,-1
109,2,0.03,0.00,224.39,478.87,0.8857,-1,-1,-1
109,1,312.63,0.00,285.04,475.16,0.8313,-1,-1,-1
110,29,284.10,178.89,25.50,80.08,0.2629,-1,-1,-1
110,24,0.13,81.37,22.46,108.35,0.2801,-1,-1,-1
110,19,187.95,16.95,91.46,413.70,0.8395,-1,-1,-1
110,11,300.64,178.19,24.66,82.20,0.4505,-1,-1,-1
110,2,0.00,0.15,223.30,478.30,0.9072,-1,-1,-1
110,1,312.65,0.00,288.47,478.15,0.7599,-1,-1,-1
111,24,0.12,81.63,20.96,106.83,0.2923,-1,-1,-1
111,19,187.87,17.32,93.01,414.28,0.8444,-1,-1,-1
111,11,299.22,177.98,24.29,81.49,0.2963,-1,-1,-1
111,2,0.00,0.11,222.62,479.17,0.8961,-1,-1,-1
111,1,310.85,0.00,291.21,476.87,0.7984,-1,-1,-1
112,24,0.10,80.81,22.52,106.69,0.2902,-1,-1,-1
112,21,0.00,80.08,29.58,340.53,0.2960,-1,-1,-1
112,19,187.71,16.94,96.04,416.04,0.8493,-1,-1,-1
112,11,298.21,177.40,27.21,83.34,0.3507,-1,-1,-1
112,2,0.00,0.13,222.80,479.27,0.9072,-1,-1,-1
112,1,330.62,0.00,273.61,479.66,0.7949,-1,-1,-1
113,19,187.79,18.12,94.16,416.83,0.8531,-1,-1,-1
113,2,0.00,0.11,222.69,478.80,0.9028,-1,-1,-1
113,1,311.06,0.19,285.11,479.42,0.8647,-1,-1,-1
114,19,187.40,19.62,94.82,413.06,0.8538,-1,-1,-1
114,2,0.00,0.00,222.09,478.48,0.8955,-1,-1,-1
114,1,308.73,0.00,288.91,479.32,0.8970,-1,-1,-1
115,19,188.39,20.25,94.81,415.38,0.8666,-1,-1,-1
115,2,0.00,0.08,222.32,479.04,0.8898,-1,-1,-1
115,1,308.85,0.00,284.14,477.29,0.8815,-1,-1,-1
116,19,191.60,20.58,92.89,415.75,0.8595,-1,-1,-1
116,2,0.00,0.00,221.54,478.49,0.8794,-1,-1,-1
116,1,305.45,0.00,286.43,479.68,0.8949,-1,-1,-1
117,19,192.46,20.23,95.18,416.95,0.8547,-1,-1,-1
117,2,0.00,0.22,223.02,478.00,0.8703,-1,-1,-1
117,1,305.57,0.00,282.76,478.99,0.8835,-1,-1,-1
118,19,193.60,19.98,93.30,417.95,0.8588,-1,-1,-1
118,2,0.00,0.40,224.64,478.73,0.8679,-1,-1,-1
118,1,303.81,0.00,278.22,478.06,0.8898,-1,-1,-1
119,31,557.16,199.03,19.05,46.48,0.2728,-1,-1,-1
119,22,498.82,193.28,29.87,78.27,0.6998,-1,-1,-1
119,21,0.00,79.91,30.46,341.93,0.4008,-1,-1,-1
119,19,197.39,19.75,91.57,413.16,0.8164,-1,-1,-1
119,2,0.00,0.49,228.79,479.51,0.8854,-1,-1,-1
119,1,302.70,0.00,279.53,480.00,0.9113,-1,-1,-1
120,32,0.06,79.11,23.44,112.66,0.3264,-1,-1,-1
120,22,498.77,193.13,29.55,78.99,0.7203,-1,-1,-1
120,19,200.84,21.25,87.47,410.85,0.8094,-1,-1,-1
120,2,0.12,0.60,231.77,479.36,0.8727,-1,-1,-1
120,1,301.86,0.00,280.49,480.00,0.9103,-1,-1,-1
121,31,559.95,199.66,17.60,42.31,0.2565,-1,-1,-1
121,22,498.71,192.77,30.07,79.63,0.6617,-1,-1,-1
121,19,199.83,21.16,88.56,415.74,0.8196,-1,-1,-1
121,2,0.20,0.45,236.48,479.55,0.8772,-1,-1,-1
121,1,303.04,0.56,280.77,479.44,0.8873,-1,-1,-1
122,22,499.06,194.12,29.38,77.82,0.6640,-1,-1,-1
122,21,0.21,75.10,35.30,400.94,0.3786,-1,-1,-1
122,19,202.39,22.01,82.90,417.74,0.8232,-1,-1,-1
122,2,0.99,0.20,240.01,479.80,0.8574,-1,-1,-1
122,1,306.91,0.24,281.79,477.56,0.8887,-1,-1,-1
123,31,561.27,202.50,15.44,37.49,0.2704,-1,-1,-1
123,22,499.25,194.17,30.44,77.78,0.6804,-1,-1,-1
123,21,0.25,75.88,38.82,402.87,0.5531,-1,-1,-1
123,19,201.82,21.14,84.45,414.41,0.8338,-1,-1,-1
123,2,0.88,1.26,243.59,478.74,0.8722,-1,-1,-1
123,1,301.95,0.92,282.43,479.08,0.8961,-1,-1,-1
124,31,560.32,200.97,16.58,39.38,0.4120,-1,-1,-1
124,29,295.37,177.85,30.85,80.96,0.3166,-1,-1,-1
124,27,547.06,196.72,15.56,50.10,0.2998,-1,-1,-1
124,22,499.76,194.24,29.70,77.74,0.6531,-1,-1,-1
124,21,0.20,75.84,38.88,401.54,0.5479,-1,-1,-1
124,19,202.90,22.53,82.32,407.74,0.8398,-1,-1,-1
124,2,0.90,0.88,246.23,478.13,0.8645,-1,-1,-1
124,1,304.64,0.17,279.09,479.31,0.9043,-1,-1,-1
125,33,286.56,183.01,24.65,75.32,0.2996,-1,-1,-1
125,31,561.35,202.23,16.08,37.64,0.4810,-1,-1,-1
125,29,297.46,178.55,27.30,79.12,0.3564,-1,-1,-1
125,27,547.14,198.98,15.14,47.67,0.3745,-1,-1,-1
125,22,500.75,193.64,28.51,77.64,0.6406,-1,-1,-1
125,21,0.17,76.70,42.31,403.30,0.5959,-1,-1,-1
125,19,203.00,22.72,81.44,405.57,0.8189,-1,-1,-1
125,2,0.64,0.79,248.57,478.02,0.8533,-1,-1,-1
125,1,305.20,0.65,277.08,478.86,0.9025,-1,-1,-1
126,33,286.75,180.09,26.06,78.33,0.3457,-1,-1,-1
126,31,561.30,202.48,16.27,37.33,0.4963,-1,-1,-1
126,29,298.46,178.03,25.04,79.12,0.2942,-1,-1,-1
126,27,550.23,198.31,12.20,47.23,0.2926,-1,-1,-1
126,22,501.11,194.06,27.77,77.84,0.6269,-1,-1,-1
126,21,0.21,76.62,43.07,400.69,0.4500,-1,-1,-1
126,19,203.78,22.50,80.30,406.25,0.7895,-1,-1,-1
126,2,0.00,0.70,251.59,464.69,0.7892,-1,-1,-1
126,1,305.64,0.54,275.70,479.14,0.8998,-1,-1,-1
127,34,533.57,202.29,14.50,39.35,0.3146,-1,-1,-1
127,33,280.34,190.60,23.48,65.16,0.2787,-1,-1,-1
127,31,562.64,203.16,15.07,37.00,0.5211,-1,-1,-1
127,29,296.02,178.71,28.30,79.32,0.2797,-1,-1,-1
127,27,549.55,198.70,13.00,40.91,0.4048,-1,-1,-1
127,22,502.74,193.04,26.77,77.70,0.5878,-1,-1,-1
127,21,0.16,77.90,45.76,402.10,0.4094,-1,-1,-1
127,19,205.51,22.69,78.56,406.32,0.8087,-1,-1,-1
127,2,0.97,0.98,249.37,475.50,0.8428,-1,-1,-1
127,1,306.91,0.37,276.16,479.37,0.8968,-1,-1,-1
128,34,534.13,202.94,14.07,40.25,0.3203,-1,-1,-1
128,33,280.56,190.05,24.26,66.21,0.2652,-1,-1,-1
128,31,562.05,203.40,16.01,37.62,0.4789,-1,-1,-1
128,29,294.50,178.22,30.99,79.85,0.3225,-1,-1,-1
128,27,549.07,198.88,13.65,44.02,0.2945,-1,-1,-1
128,22,502.96,194.10,26.28,76.56,0.6020,-1,-1,-1
128,21,0.20,77.37,47.31,402.63,0.5861,-1,-1,-1
128,19,204.95,22.62,79.64,407.00,0.7369,-1,-1,-1
128,2,0.38,0.69,253.89,473.37,0.8329,-1,-1,-1
128,1,306.16,0.58,276.93,478.87,0.9036,-1,-1,-1
129,34,532.81,199.33,16.76,45.29,0.2775,-1,-1,-1
129,33,287.42,187.75,21.64,70.48,0.3244,-1,-1,-1
129,31,561.20,203.98,16.42,37.04,0.4410,-1,-1,-1
129,27,547.90,196.59,13.58,45.75,0.2629,-1,-1,-1
129,22,502.97,194.01,26.35,77.09,0.5890,-1,-1,-1
129,21,0.17,80.01,47.70,399.99,0.6338,-1,-1,-1
129,19,204.82,22.93,79.53,407.63,0.7420,-1,-1,-1
129,2,0.56,0.85,253.23,473.96,0.8553,-1,-1,-1
129,1,307.26,0.23,274.93,478.64,0.8964,-1,-1,-1
130,34,531.63,199.87,15.99,43.42,0.2775,-1,-1,-1
130,31,561.25,202.93,16.33,38.11,0.4589,-1,-1,-1
130,29,288.98,189.91,20.40,68.13,0.3439,-1,-1,-1
130,27,542.58,195.68,17.18,51.97,0.3480,-1,-1,-1
130,22,504.11,193.57,26.37,76.95,0.6022,-1,-1,-1
130,21,0.22,80.35,48.86,399.65,0.6942,-1,-1,-1
130,19,204.88,23.92,79.29,407.06,0.7662,-1,-1,-1
130,2,2.19,0.81,248.10,472.70,0.8327,-1,-1,-1
130,1,306.31,0.29,276.48,478.91,0.9090,-1,-1,-1
131,34,530.18,198.82,17.47,46.30,0.3021,-1,-1,-1
131,31,559.86,203.49,17.45,36.80,0.4561,-1,-1,-1
131,29,288.49,191.31,20.59,66.81,0.3437,-1,-1,-1
131,27,537.31,198.27,20.44,49.06,0.2592,-1,-1,-1
131,22,501.89,193.59,27.94,77.74,0.6511,-1,-1,-1
131,21,0.18,80.14,48.95,231.83,0.3753,-1,-1,-1
131,19,203.95,23.12,80.52,404.55,0.7974,-1,-1,-1
131,2,12.53,0.91,236.38,470.32,0.8096,-1,-1,-1
131,1,306.16,0.50,275.59,478.75,0.8997,-1,-1,-1
132,33,282.15,189.40,21.13,67.73,0.3154,-1,-1,-1
132,22,502.20,192.64,27.44,77.81,0.6410,-1,-1,-1
132,21,0.00,81.36,40.54,225.28,0.2927,-1,-1,-1
132,19,201.64,22.80,82.15,405.94,0.8254,-1,-1,-1
132,11,295.84,177.69,26.98,81.22,0.5026,-1,-1,-1
132,2,11.10,0.59,235.85,471.65,0.7880,-1,-1,-1
132,1,306.77,0.08,273.20,479.26,0.8961,-1,-1,-1
133,34,527.39,195.56,19.33,50.48,0.2605,-1,-1,-1
133,33,280.00,187.36,22.16,68.39,0.3829,-1,-1,-1
133,31,557.94,203.19,18.85,37.15,0.2552,-1,-1,-1
133,22,501.96,192.90,28.09,78.54,0.5934,-1,-1,-1
133,21,0.06,82.06,38.92,223.97,0.3324,-1,-1,-1
133,19,200.91,22.60,82.98,406.95,0.8321,-1,-1,-1
133,11,294.61,177.90,29.79,80.86,0.5434,-1,-1,-1
133,2,8.76,0.54,236.74,475.35,0.8360,-1,-1,-1
133,1,306.18,0.00,273.22,476.32,0.8985,-1,-1,-1
134,36,0.13,80.82,46.77,397.37,0.4216,-1,-1,-1
134,33,280.09,188.05,20.53,66.24,0.3152,-1,-1,-1
134,31,557.80,200.23,19.46,40.36,0.4410,-1,-1,-1
134,27,537.34,190.86,19.61,56.91,0.4863,-1,-1,-1
134,22,500.97,192.64,29.06,79.39,0.6285,-1,-1,-1
134,21,0.22,81.10,38.59,114.26,0.2979,-1,-1,-1
134,19,201.28,22.75,81.23,411.61,0.8371,-1,-1,-1
134,11,295.10,178.42,29.86,80.23,0.5868,-1,-1,-1
134,2,9.83,0.76,234.08,477.60,0.8550,-1,-1,-1
134,1,305.30,0.29,270.75,476.34,0.9034,-1,-1,-1
135,36,0.17,80.07,43.44,396.14,0.4010,-1,-1,-1
135,34,524.36,196.95,17.05,45.89,0.2514,-1,-1,-1
135,27,537.03,192.84,19.11,55.07,0.5086,-1,-1,-1
135,22,500.69,192.94,27.96,78.75,0.6259,-1,-1,-1
135,21,0.09,79.75,36.86,224.28,0.3089,-1,-1,-1
135,19,202.17,22.78,80.90,412.42,0.8360,-1,-1,-1
135,11,295.05,177.44,29.92,81.79,0.5319,-1,-1,-1
135,2,7.35,0.84,234.46,477.93,0.8785,-1,-1,-1
135,1,306.48,0.00,269.66,480.00,0.8891,-1,-1,-1
136,36,0.10,77.86,43.62,393.20,0.4053,-1,-1,-1
136,29,287.43,183.32,21.86,75.56,0.2837,-1,-1,-1
136,27,534.89,190.76,21.04,58.30,0.3690,-1,-1,-1
136,22,500.34,192.54,28.71,79.48,0.6364,-1,-1,-1
136,21,0.03,81.30,38.41,218.19,0.2676,-1,-1,-1
136,19,199.81,23.83,83.24,410.12,0.8288,-1,-1,-1
136,11,297.28,178.46,26.98,80.62,0.4172,-1,-1,-1
136,2,5.66,0.94,231.05,477.34,0.8581,-1,-1,-1
136,1,305.72,0.09,269.55,479.91,0.8891,-1,-1,-1
137,36,0.01,79.79,41.05,389.38,0.4105,-1,-1,-1
137,29,284.48,186.36,22.84,72.13,0.2652,-1,-1,-1
137,27,534.20,191.07,22.06,58.01,0.4986,-1,-1,-1
137,22,500.71,193.29,28.51,78.61,0.6001,-1,-1,-1
137,21,0.06,81.76,37.04,214.69,0.2831,-1,-1,-1
137,19,194.66,22.90,89.06,409.18,0.8276,-1,-1,-1
137,11,297.72,178.03,26.80,80.76,0.5052,-1,-1,-1
137,2,6.45,0.78,225.04,478.22,0.8566,-1,-1,-1
137,1,305.76,0.00,269.58,480.00,0.8920,-1,-1,-1
138,36,0.00,81.32,34.73,216.27,0.2543,-1,-1,-1
138,27,533.20,190.03,24.23,58.18,0.4706,-1,-1,-1
138,22,501.95,192.89,27.82,78.85,0.5734,-1,-1,-1
138,19,191.63,23.38,92.10,412.21,0.8408,-1,-1,-1
138,11,292.71,178.47,33.92,80.96,0.6002,-1,-1,-1
138,2,5.39,0.40,222.01,479.60,0.8711,-1,-1,-1
138,1,304.16,0.00,272.05,479.92,0.9059,-1,-1,-1
139,31,556.39,201.64,17.38,40.28,0.3997,-1,-1,-1
139,27,540.30,191.87,15.96,52.18,0.2543,-1,-1,-1
139,22,502.02,193.64,27.61,77.87,0.5509,-1,-1,-1
139,19,190.34,22.40,93.54,410.13,0.8469,-1,-1,-1
139,11,291.54,178.14,35.09,81.22,0.6246,-1,-1,-1
139,2,3.73,0.40,222.78,479.60,0.8713,-1,-1,-1
139,1,304.97,0.00,272.70,480.00,0.9105,-1,-1,-1
140,31,556.39,203.49,16.49,38.33,0.3277,-1,-1,-1
140,27,539.73,191.15,16.73,50.72,0.2968,-1,-1,-1
140,22,502.72,192.71,27.93,78.53,0.5436,-1,-1,-1
140,19,189.27,22.31,95.13,410.37,0.8525,-1,-1,-1
140,11,292.91,177.03,32.02,82.24,0.6005,-1,-1,-1
140,2,2.28,0.67,220.32,478.97,0.8797,-1,-1,-1
140,1,305.42,0.64,274.25,478.93,0.9103,-1,-1,-1
141,31,554.76,204.03,15.69,37.99,0.3268,-1,-1,-1
141,27,540.84,190.67,15.40,50.98,0.2983,-1,-1,-1
141,22,502.18,192.90,27.35,78.23,0.5853,-1,-1,-1
141,19,187.55,20.93,97.08,412.36,0.8562,-1,-1,-1
141,11,293.12,178.48,32.07,80.13,0.4768,-1,-1,-1
141,2,1.86,0.78,217.71,478.48,0.8872,-1,-1,-1
141,1,304.15,0.00,276.67,474.56,0.8997,-1,-1,-1
142,31,555.87,203.30,18.00,39.17,0.3902,-1,-1,-1
142,29,289.82,188.96,20.30,69.59,0.2524,-1,-1,-1
142,22,502.66,192.24,27.05,79.00,0.5656,-1,-1,-1
142,19,187.49,20.64,97.00,413.63,0.8585,-1,-1,-1
142,11,294.55,178.22,27.80,80.16,0.4528,-1,-1,-1
142,2,1.47,0.97,215.82,479.03,0.8836,-1,-1,-1
142,1,304.13,0.32,277.42,479.31,0.9093,-1,-1,-1
143,31,555.44,207.01,14.00,35.53,0.3286,-1,-1,-1
143,22,504.31,191.98,24.40,78.33,0.5970,-1,-1,-1
143,21,0.00,75.10,33.95,386.20,0.2789,-1,-1,-1
143,19,185.38,20.27,99.55,414.13,0.8618,-1,-1,-1
143,11,291.70,178.19,32.93,81.44,0.5429,-1,-1,-1
143,2,0.59,0.99,216.32,479.01,0.8861,-1,-1,-1
143,1,305.58,0.00,278.24,479.85,0.9058,-1,-1,-1
144,31,554.07,202.81,16.94,39.51,0.4357,-1,-1,-1
144,22,504.52,191.31,23.62,78.78,0.5340,-1,-1,-1
144,19,185.03,20.59,99.75,413.24,0.8556,-1,-1,-1
144,11,293.29,178.20,29.80,80.15,0.5565,-1,-1,-1
144,2,0.24,1.04,216.84,478.40,0.8927,-1,-1,-1
144,1,305.08,0.00,282.08,480.00,0.9140,-1,-1,-1
145,31,555.39,201.69,20.92,59.34,0.4485,-1,-1,-1
145,27,539.51,197.72,15.25,49.02,0.2549,-1,-1,-1
145,22,505.81,192.23,22.88,77.78,0.5526,-1,-1,-1
145,19,182.45,20.21,102.55,412.90,0.8542,-1,-1,-1
145,11,294.01,178.45,28.91,79.87,0.5813,-1,-1,-1
145,2,0.23,1.06,215.38,478.09,0.9011,-1,-1,-1
145,1,307.02,0.00,286.76,480.00,0.9005,-1,-1,-1
146,19,182.68,20.34,102.28,412.28,0.8512,-1,-1,-1
146,11,295.98,178.10,26.45,80.35,0.6026,-1,-1,-1
146,2,0.14,1.28,215.57,477.42,0.8963,-1,-1,-1
146,1,308.50,0.00,285.76,479.71,0.8601,-1,-1,-1
147,29,290.08,181.71,22.42,77.49,0.2898,-1,-1,-1
147,19,183.63,20.50,100.68,412.51,0.8538,-1,-1,-1
147,11,296.68,177.26,24.05,83.12,0.3723,-1,-1,-1
147,2,0.35,1.39,216.10,476.69,0.8911,-1,-1,-1
147,1,324.03,0.00,281.82,477.16,0.8399,-1,-1,-1
148,29,290.44,184.46,22.38,75.53,0.3475,-1,-1,-1
148,19,186.36,20.40,97.80,412.38,0.8583,-1,-1,-1
148,11,298.49,177.94,23.47,83.47,0.3982,-1,-1,-1
148,2,1.14,0.99,217.19,478.18,0.8647,-1,-1,-1
148,1,315.54,0.00,293.54,476.60,0.8729,-1,-1,-1
149,29,289.36,200.75,19.19,59.03,0.4409,-1,-1,-1
149,19,189.35,20.86,94.73,411.12,0.8564,-1,-1,-1
149,11,300.68,178.65,21.95,84.56,0.4503,-1,-1,-1
149,2,2.02,0.49,221.89,479.51,0.8584,-1,-1,-1
149,1,315.69,0.00,296.11,477.46,0.8849,-1,-1,-1
150,29,288.67,201.44,19.15,44.38,0.2917,-1,-1,-1
150,19,190.46,21.70,93.81,413.04,0.8526,-1,-1,-1
150,2,2.26,0.93,223.46,478.74,0.8666,-1,-1,-1
150,1,315.32,0.00,298.63,479.33,0.8775,-1,-1,-1
151,19,193.24,21.99,90.48,414.53,0.8591,-1,-1,-1
151,2,3.79,0.77,224.53,478.90,0.8561,-1,-1,-1
151,1,316.60,0.00,295.13,479.62,0.8437,-1,-1,-1
152,19,193.69,21.89,89.80,413.17,0.8665,-1,-1,-1
152,2,8.37,0.56,222.95,479.44,0.8586,-1,-1,-1
152,1,316.39,0.00,288.79,478.92,0.7839,-1,-1,-1
153,21,0.29,79.62,45.40,386.01,0.3094,-1,-1,-1
153,19,193.43,21.55,89.82,412.00,0.8636,-1,-1,-1
153,2,8.77,0.66,225.23,475.67,0.8399,-1,-1,-1
153,1,310.75,0.00,291.35,476.41,0.8181,-1,-1,-1
154,31,554.03,206.41,15.27,36.13,0.4258,-1,-1,-1
154,22,502.98,188.67,26.01,79.52,0.6720,-1,-1,-1
154,21,0.29,79.52,45.24,386.04,0.3527,-1,-1,-1
154,19,192.92,21.50,90.78,414.07,0.8523,-1,-1,-1
154,2,5.90,0.62,228.40,475.07,0.8284,-1,-1,-1
154,1,306.22,0.63,288.61,479.37,0.8766,-1,-1,-1
155,36,0.04,79.98,36.40,173.96,0.3235,-1,-1,-1
155,31,553.92,204.85,16.35,37.53,0.3844,-1,-1,-1
155,22,500.64,192.75,27.65,76.50,0.6320,-1,-1,-1
155,21,0.24,78.65,43.61,387.49,0.3324,-1,-1,-1
155,19,192.69,21.99,90.29,414.56,0.8441,-1,-1,-1
155,2,8.18,0.64,226.14,476.78,0.8269,-1,-1,-1
155,1,305.29,0.45,284.64,479.55,0.8916,-1,-1,-1
156,36,0.14,80.18,35.83,119.14,0.3455,-1,-1,-1
156,31,552.66,208.28,15.45,34.34,0.3116,-1,-1,-1
156,22,499.24,195.04,28.22,74.72,0.5653,-1,-1,-1
156,19,192.22,21.74,90.10,413.92,0.8660,-1,-1,-1
156,2,6.49,0.72,228.41,478.07,0.8638,-1,-1,-1
156,1,305.09,0.00,280.26,480.00,0.9024,-1,-1,-1
157,36,0.02,80.24,35.13,175.12,0.3268,-1,-1,-1
157,31,555.02,210.22,14.14,32.66,0.3182,-1,-1,-1
157,22,497.99,194.45,29.55,76.88,0.5832,-1,-1,-1
157,19,191.29,20.86,89.34,415.96,0.8651,-1,-1,-1
157,2,7.22,0.41,226.53,475.20,0.8367,-1,-1,-1
157,1,302.82,0.00,261.17,480.00,0.9151,-1,-1,-1
158,37,589.35,0.77,50.53,255.46,0.4965,-1,-1,-1
158,36,0.15,79.30,33.05,117.87,0.3698,-1,-1,-1
158,31,552.36,208.98,16.91,34.34,0.4272,-1,-1,-1
158,27,526.24,194.41,20.96,57.48,0.4336,-1,-1,-1
158,22,497.85,196.01,29.88,75.23,0.5185,-1,-1,-1
158,19,191.05,19.39,89.54,419.08,0.8586,-1,-1,-1
158,2,6.09,0.17,225.20,478.01,0.8401,-1,-1,-1
158,1,304.66,0.00,231.25,480.00,0.9172,-1,-1,-1
159,37,587.49,0.00,52.35,251.63,0.3510,-1,-1,-1
159,36,0.14,78.31,30.64,120.32,0.2846,-1,-1,-1
159,31,549.27,205.07,17.64,39.27,0.3318,-1,-1,-1
159,27,527.29,195.27,20.46,56.07,0.4933,-1,-1,-1
159,22,496.79,183.99,31.41,88.32,0.7013,-1,-1,-1
159,21,0.07,76.42,39.54,394.25,0.4543,-1,-1,-1
159,19,190.55,18.81,92.06,418.06,0.8466,-1,-1,-1
159,2,3.74,0.27,227.31,478.29,0.8463,-1,-1,-1
159,1,299.95,0.00,218.39,480.00,0.9095,-1,-1,-1
160,38,573.17,203.42,14.60,37.78,0.2678,-1,-1,-1
160,37,584.72,0.00,55.11,252.59,0.2673,-1,-1,-1
160,36,0.13,78.93,29.88,114.35,0.2833,-1,-1,-1
160,31,549.02,206.99,18.43,37.99,0.2925,-1,-1,-1
160,27,529.04,197.02,18.33,55.58,0.2913,-1,-1,-1
160,22,496.46,184.87,32.24,87.14,0.7204,-1,-1,-1
160,21,0.04,76.55,40.20,393.89,0.4342,-1,-1,-1
160,19,190.07,18.88,91.21,419.66,0.8495,-1,-1,-1
160,11,282.42,183.09,22.98,75.20,0.3029,-1,-1,-1
160,2,0.11,1.03,228.60,478.12,0.8645,-1,-1,-1
160,1,302.55,0.59,200.24,474.14,0.9183,-1,-1,-1
161,37,585.67,0.65,54.21,249.84,0.3898,-1,-1,-1
161,27,526.02,197.15,17.98,55.26,0.2945,-1,-1,-1
161,22,495.85,186.13,32.28,86.00,0.6946,-1,-1,-1
161,21,0.11,76.32,36.35,392.33,0.4413,-1,-1,-1
161,19,188.90,18.16,91.70,420.54,0.8480,-1,-1,-1
161,2,0.35,0.79,228.21,479.21,0.8620,-1,-1,-1
161,1,294.86,0.00,206.29,480.00,0.9106,-1,-1,-1
162,37,588.90,0.81,50.96,248.38,0.3289,-1,-1,-1
162,36,0.12,76.94,23.98,111.69,0.2857,-1,-1,-1
162,27,524.89,193.22,19.58,59.07,0.4749,-1,-1,-1
162,22,496.87,184.21,32.22,88.18,0.7159,-1,-1,-1
162,21,0.09,72.81,35.30,389.42,0.3495,-1,-1,-1
162,19,187.91,15.53,94.87,421.92,0.8529,-1,-1,-1
162,2,0.00,0.51,229.47,478.34,0.8341,-1,-1,-1
162,1,289.69,0.60,212.84,474.49,0.9057,-1,-1,-1
163,37,589.64,0.84,50.21,248.40,0.3877,-1,-1,-1
163,22,496.87,183.76,33.74,88.35,0.7191,-1,-1,-1
163,21,0.20,70.76,35.45,372.85,0.3299,-1,-1,-1
163,19,187.71,15.43,93.68,426.46,0.8500,-1,-1,-1
163,2,0.24,0.42,227.89,474.66,0.8299,-1,-1,-1
163,1,288.48,0.41,213.79,475.24,0.9063,-1,-1,-1
164,36,0.06,78.28,18.44,106.58,0.2985,-1,-1,-1
164,22,495.84,182.67,32.63,89.80,0.7221,-1,-1,-1
164,21,0.10,72.33,32.88,364.15,0.3528,-1,-1,-1
164,19,186.62,13.68,93.92,428.41,0.8366,-1,-1,-1
164,2,0.15,0.70,224.60,475.03,0.8047,-1,-1,-1
164,1,289.69,0.73,211.73,474.45,0.9039,-1,-1,-1
165,38,583.24,203.03,14.05,39.64,0.2963,-1,-1,-1
165,22,496.24,183.26,33.27,89.19,0.7144,-1,-1,-1
165,21,0.00,78.67,29.44,346.25,0.3294,-1,-1,-1
165,19,187.09,13.67,93.32,428.05,0.8456,-1,-1,-1
165,2,0.00,0.47,223.55,475.42,0.8194,-1,-1,-1
165,1,295.05,0.00,206.80,480.00,0.9196,-1,-1,-1
166,39,548.44,205.49,20.88,38.61,0.2868,-1,-1,-1
166,22,496.46,182.76,33.04,89.50,0.7192,-1,-1,-1
166,19,185.51,12.07,94.92,430.82,0.8412,-1,-1,-1
166,2,0.00,0.09,222.79,476.76,0.8165,-1,-1,-1
166,1,296.03,0.00,206.52,480.00,0.9216,-1,-1,-1
167,39,547.69,202.61,20.42,42.84,0.3510,-1,-1,-1
167,22,496.13,183.75,33.91,88.64,0.7212,-1,-1,-1
167,19,184.65,10.72,94.58,432.31,0.8182,-1,-1,-1
167,2,0.00,0.49,221.15,472.75,0.7956,-1,-1,-1
167,1,294.84,0.00,207.18,480.00,0.9166,-1,-1,-1
168,39,547.50,200.84,20.69,45.07,0.3971,-1,-1,-1
168,27,525.32,189.70,19.13,62.30,0.3093,-1,-1,-1
168,22,496.05,182.83,34.11,89.39,0.7227,-1,-1,-1
168,19,183.65,10.67,94.85,432.17,0.8436,-1,-1,-1
168,2,0.00,0.44,220.88,474.53,0.8193,-1,-1,-1
168,1,293.72,0.00,207.59,480.00,0.9129,-1,-1,-1
169,39,548.23,202.92,20.12,42.03,0.3257,-1,-1,-1
169,37,588.31,0.82,51.55,244.72,0.2692,-1,-1,-1
169,27,526.36,191.39,17.81,60.98,0.2898,-1,-1,-1
169,22,496.54,183.97,33.32,88.99,0.7323,-1,-1,-1
169,19,183.16,10.59,96.03,433.50,0.8432,-1,-1,-1
169,2,0.00,0.33,220.69,474.26,0.7547,-1,-1,-1
169,1,286.03,1.15,215.45,473.78,0.9026,-1,-1,-1
170,27,526.71,188.77,17.71,63.87,0.3592,-1,-1,-1
170,22,496.41,182.76,33.65,89.91,0.7139,-1,-1,-1
170,19,182.88,10.03,96.31,435.78,0.8438,-1,-1,-1
170,2,0.00,0.27,220.04,471.74,0.7600,-1,-1,-1
170,1,280.67,0.85,220.50,473.94,0.8991,-1,-1,-1
171,19,182.31,9.90,96.89,437.37,0.8462,-1,-1,-1
171,2,0.01,0.02,219.27,473.94,0.7945,-1,-1,-1
171,1,279.80,0.68,221.08,474.78,0.9022,-1,-1,-1
172,19,182.57,10.00,96.62,437.75,0.8467,-1,-1,-1
172,2,0.00,0.26,219.06,476.00,0.8448,-1,-1,-1
172,1,281.83,0.81,219.12,475.67,0.8971,-1,-1,-1
173,19,181.55,10.08,97.91,436.61,0.8485,-1,-1,-1
173,2,0.10,0.13,218.89,477.01,0.8155,-1,-1,-1
173,1,283.51,0.71,216.40,476.88,0.8991,-1,-1,-1
174,19,181.12,10.26,97.98,436.70,0.8488,-1,-1,-1
174,2,0.00,0.13,218.69,476.11,0.8274,-1,-1,-1
174,1,283.12,0.91,216.21,477.09,0.9030,-1,-1,-1
175,19,179.88,10.98,100.13,442.68,0.8492,-1,-1,-1
175,2,0.07,0.07,218.53,477.06,0.8592,-1,-1,-1
175,1,280.92,0.89,218.30,477.45,0.8518,-1,-1,-1
176,19,180.73,11.37,99.60,439.10,0.8400,-1,-1,-1
176,2,0.00,0.00,218.90,476.87,0.8271,-1,-1,-1
176,1,283.80,0.00,215.41,479.17,0.8983,-1,-1,-1
177,19,181.04,11.71,97.97,438.73,0.8551,-1,-1,-1
177,2,0.00,0.00,218.67,474.49,0.7940,-1,-1,-1
177,1,282.86,0.63,216.22,475.27,0.8925,-1,-1,-1
178,39,547.43,202.94,18.86,42.91,0.5523,-1,-1,-1
178,22,495.85,183.48,34.63,89.43,0.7167,-1,-1,-1
178,19,180.14,11.12,99.71,436.71,0.8604,-1,-1,-1
178,2,0.06,0.11,218.19,477.54,0.8280,-1,-1,-1
178,1,282.09,0.00,219.31,478.33,0.9043,-1,-1,-1
179,39,548.69,204.54,17.95,40.91,0.4060,-1,-1,-1
179,22,496.40,183.29,33.78,89.63,0.7313,-1,-1,-1
179,19,181.00,11.31,98.32,440.18,0.8657,-1,-1,-1
179,2,0.11,0.12,218.14,475.79,0.8366,-1,-1,-1
179,1,266.90,0.62,233.77,477.00,0.8599,-1,-1,-1
180,39,549.81,206.33,17.12,39.93,0.3466,-1,-1,-1
180,22,496.34,183.28,33.28,89.47,0.7044,-1,-1,-1
180,19,180.43,11.41,98.89,437.76,0.8560,-1,-1,-1
180,2,0.00,0.18,218.43,477.60,0.8417,-1,-1,-1
180,1,283.65,0.00,217.52,479.26,0.9031,-1,-1,-1
181,39,549.77,206.58,17.29,40.07,0.3743,-1,-1,-1
181,22,496.57,183.51,32.83,89.31,0.7025,-1,-1,-1
181,19,182.15,11.75,96.89,437.23,0.8607,-1,-1,-1
181,2,0.00,0.05,218.22,476.72,0.8206,-1,-1,-1
181,1,281.86,0.00,219.98,479.90,0.9067,-1,-1,-1
182,39,548.97,206.40,15.61,40.27,0.2835,-1,-1,-1
182,22,496.60,183.72,32.60,88.52,0.7112,-1,-1,-1
182,19,181.33,11.16,97.24,435.38,0.8435,-1,-1,-1
182,2,0.00,0.26,217.86,474.23,0.8315,-1,-1,-1
182,1,282.73,0.63,220.97,475.24,0.9032,-1,-1,-1
183,41,523.25,188.66,23.88,68.38,0.5396,-1,-1,-1
183,39,548.71,205.75,16.04,40.57,0.3510,-1,-1,-1
183,22,497.07,184.60,31.17,87.76,0.7189,-1,-1,-1
183,19,182.04,11.71,96.38,435.93,0.8514,-1,-1,-1
183,2,0.01,0.45,218.84,476.07,0.8451,-1,-1,-1
183,1,283.12,0.56,221.27,475.93,0.9035,-1,-1,-1
184,41,524.07,187.48,25.53,69.69,0.5913,-1,-1,-1
184,39,549.30,205.50,18.26,41.35,0.2842,-1,-1,-1
184,31,570.52,201.92,15.10,37.91,0.2888,-1,-1,-1
184,22,497.94,184.12,29.74,88.57,0.7044,-1,-1,-1
184,19,181.15,11.61,97.25,435.22,0.8483,-1,-1,-1
184,2,0.16,0.48,218.44,474.83,0.8220,-1,-1,-1
184,1,285.33,0.86,220.77,475.27,0.9052,-1,-1,-1
185,41,522.85,189.09,25.57,66.90,0.4258,-1,-1,-1
185,39,546.79,202.69,18.38,44.31,0.3309,-1,-1,-1
185,22,498.52,184.46,29.37,87.57,0.7017,-1,-1,-1
185,19,180.71,11.58,97.54,435.15,0.8490,-1,-1,-1
185,2,0.06,0.36,218.50,475.40,0.8311,-1,-1,-1
185,1,288.78,0.79,219.00,474.77,0.8970,-1,-1,-1
186,41,522.74,187.80,22.64,68.80,0.5184,-1,-1,-1
186,39,548.44,205.08,18.08,42.13,0.3171,-1,-1,-1
186,22,498.65,185.53,28.73,85.96,0.6988,-1,-1,-1
186,19,181.25,11.47,97.23,435.84,0.8525,-1,-1,-1
186,2,0.00,0.37,218.74,476.50,0.8593,-1,-1,-1
186,1,294.83,1.16,214.53,474.37,0.9137,-1,-1,-1
187,41,522.91,191.97,20.91,64.82,0.5338,-1,-1,-1
187,39,548.51,203.96,17.24,42.92,0.2975,-1,-1,-1
187,22,499.38,185.66,27.98,85.40,0.6706,-1,-1,-1
187,19,182.37,11.48,96.00,435.73,0.8491,-1,-1,-1
187,2,0.08,0.28,218.69,475.83,0.8708,-1,-1,-1
187,1,294.76,1.07,215.41,474.75,0.9097,-1,-1,-1
188,42,292.87,178.64,23.68,77.07,0.4587,-1,-1,-1
188,41,522.65,192.10,19.51,67.56,0.4157,-1,-1,-1
188,39,549.48,206.61,16.36,40.51,0.3245,-1,-1,-1
188,22,499.78,185.19,28.15,86.51,0.6809,-1,-1,-1
188,19,181.10,11.37,97.34,435.51,0.8515,-1,-1,-1
188,2,0.06,0.41,218.69,475.88,0.8590,-1,-1,-1
188,1,295.98,0.99,214.19,474.18,0.9124,-1,-1,-1
189,42,293.80,177.87,23.32,76.10,0.3287,-1,-1,-1
189,41,523.86,189.17,20.52,70.19,0.5306,-1,-1,-1
189,22,499.39,184.41,28.80,87.17,0.6820,-1,-1,-1
189,19,181.34,10.94,96.77,435.84,0.8536,-1,-1,-1
189,2,0.06,0.28,218.71,475.42,0.8383,-1,-1,-1
189,1,296.58,0.89,213.30,473.85,0.9132,-1,-1,-1
190,42,293.70,178.21,23.21,78.46,0.4623,-1,-1,-1
190,41,523.40,188.88,20.25,70.94,0.5004,-1,-1,-1
190,22,499.07,185.56,29.07,85.83,0.6711,-1,-1,-1
190,19,181.77,11.08,96.31,434.60,0.8423,-1,-1,-1
190,2,0.07,0.31,218.54,475.34,0.8498,-1,-1,-1
190,1,296.47,0.80,213.47,474.68,0.9129,-1,-1,-1
191,42,294.67,178.00,22.94,78.24,0.5033,-1,-1,-1
191,41,524.99,189.47,21.23,69.71,0.4338,-1,-1,-1
191,22,498.89,184.73,29.50,87.45,0.6865,-1,-1,-1
191,19,181.56,10.90,96.62,435.80,0.8468,-1,-1,-1
191,2,0.11,0.44,218.41,475.69,0.8552,-1,-1,-1
191,1,296.65,0.96,212.91,474.60,0.9146,-1,-1,-1
192,42,294.33,178.38,23.06,77.53,0.4818,-1,-1,-1
192,41,525.65,188.91,22.71,71.68,0.2815,-1,-1,-1
192,22,498.88,184.45,29.49,87.03,0.6716,-1,-1,-1
192,19,180.84,11.12,97.54,435.70,0.8523,-1,-1,-1
192,2,0.06,0.40,218.37,475.57,0.8473,-1,-1,-1
192,1,295.49,0.97,214.18,474.39,0.9103,-1,-1,-1
193,42,293.16,177.23,23.93,77.77,0.3567,-1,-1,-1
193,41,525.07,188.96,24.84,72.04,0.3441,-1,-1,-1
193,22,499.08,184.75,29.10,87.50,0.6919,-1,-1,-1
193,19,181.50,11.18,96.81,436.32,0.8511,-1,-1,-1
193,2,0.13,0.37,217.91,474.31,0.8335,-1,-1,-1
193,1,294.42,0.71,215.28,474.56,0.9086,-1,-1,-1
194,41,523.14,188.75,26.98,73.07,0.3116,-1,-1,-1
194,22,499.32,184.61,29.01,87.70,0.6949,-1,-1,-1
194,19,180.30,11.00,97.78,436.78,0.8552,-1,-1,-1
194,2,0.21,0.37,217.32,475.86,0.8347,-1,-1,-1
194,1,290.12,0.46,219.21,475.75,0.8972,-1,-1,-1
195,41,526.48,191.15,27.13,71.04,0.2969,-1,-1,-1
195,22,498.90,184.17,28.55,88.50,0.6763,-1,-1,-1
195,19,180.16,11.00,97.40,436.81,0.8556,-1,-1,-1
195,2,0.27,0.56,217.11,475.64,0.8490,-1,-1,-1
195,1,285.35,0.44,223.67,476.11,0.8812,-1,-1,-1
196,41,526.51,189.99,28.64,72.01,0.3361,-1,-1,-1
196,22,499.67,183.62,28.83,89.14,0.6643,-1,-1,-1
196,19,178.96,10.96,98.82,436.83,0.8553,-1,-1,-1
196,2,0.35,0.42,216.73,474.12,0.7973,-1,-1,-1
196,1,282.56,0.49,226.39,476.22,0.8901,-1,-1,-1
197,41,526.52,189.63,26.84,73.29,0.3969,-1,-1,-1
197,22,499.01,184.53,29.30,87.76,0.6447,-1,-1,-1
197,19,178.15,10.34,99.29,437.54,0.8517,-1,-1,-1
197,2,0.30,0.45,217.18,474.27,0.8443,-1,-1,-1
197,1,281.16,0.50,228.74,476.66,0.8978,-1,-1,-1
198,41,527.56,188.13,36.56,75.08,0.3527,-1,-1,-1
198,22,499.18,184.76,30.11,87.66,0.6915,-1,-1,-1
198,19,177.31,10.44,98.84,438.48,0.8590,-1,-1,-1
198,2,0.29,0.51,216.32,474.69,0.8636,-1,-1,-1
198,1,281.09,0.70,228.14,475.89,0.9113,-1,-1,-1
199,41,540.14,187.21,23.35,73.75,0.3555,-1,-1,-1
199,22,498.15,184.67,30.78,86.40,0.6871,-1,-1,-1
199,19,175.91,11.42,98.58,437.68,0.8502,-1,-1,-1
199,2,0.12,1.57,216.74,473.38,0.8072,-1,-1,-1
199,1,279.37,0.68,229.73,476.63,0.9094,-1,-1,-1
200,41,529.28,185.72,35.93,74.34,0.4081,-1,-1,-1
200,22,498.19,185.21,30.77,87.31,0.7191,-1,-1,-1
200,19,174.56,12.01,96.52,437.64,0.8485,-1,-1,-1
200,2,0.07,5.23,216.31,469.09,0.7861,-1,-1,-1
200,1,276.99,0.76,231.67,475.67,0.9050,-1,-1,-1
201,43,524.48,192.46,22.50,68.73,0.2530,-1,-1,-1
201,41,542.37,199.65,22.51,48.92,0.2703,-1,-1,-1
201,22,497.58,185.20,30.12,87.47,0.7009,-1,-1,-1
201,19,169.55,12.94,99.15,438.68,0.8344,-1,-1,-1
201,2,0.13,3.14,216.43,471.08,0.7750,-1,-1,-1
201,1,274.16,0.00,233.55,480.00,0.9075,-1,-1,-1
202,43,524.82,189.15,26.84,75.67,0.3470,-1,-1,-1
202,42,291.76,178.62,19.84,43.46,0.3217,-1,-1,-1
202,41,545.56,196.40,18.55,52.30,0.2832,-1,-1,-1
202,22,497.31,185.33,29.85,87.23,0.6884,-1,-1,-1
202,19,164.07,15.34,100.60,435.65,0.8103,-1,-1,-1
202,2,0.10,7.15,216.81,468.85,0.7269,-1,-1,-1
202,1,273.48,0.00,233.39,480.00,0.9087,-1,-1,-1
203,43,524.10,188.05,27.97,77.02,0.5196,-1,-1,-1
203,42,291.09,178.35,19.58,43.43,0.2882,-1,-1,-1
203,22,496.91,184.76,29.76,88.20,0.7030,-1,-1,-1
203,19,155.46,16.91,106.55,432.34,0.7759,-1,-1,-1
203,2,0.09,14.58,214.59,461.36,0.6432,-1,-1,-1
203,1,273.35,0.00,232.79,478.58,0.8960,-1,-1,-1
204,43,519.68,189.46,31.57,76.78,0.5677,-1,-1,-1
204,41,546.92,206.21,16.86,43.73,0.2872,-1,-1,-1
204,22,495.18,186.33,29.60,86.99,0.7610,-1,-1,-1
204,19,155.89,18.93,101.97,419.87,0.8094,-1,-1,-1
204,2,0.24,1.44,214.43,470.14,0.6962,-1,-1,-1
204,1,273.15,0.83,232.43,474.40,0.8902,-1,-1,-1
205,43,521.86,187.77,30.22,78.62,0.5854,-1,-1,-1
205,41,546.58,207.68,15.30,42.55,0.3068,-1,-1,-1
205,22,496.22,186.50,28.62,85.96,0.7396,-1,-1,-1
205,19,154.15,20.92,97.62,412.70,0.8102,-1,-1,-1
205,2,0.15,0.99,214.18,470.08,0.6692,-1,-1,-1
205,1,272.14,1.03,234.58,473.67,0.8818,-1,-1,-1
206,43,523.69,186.72,29.63,78.23,0.4710,-1,-1,-1
206,41,548.92,204.33,13.42,45.94,0.3129,-1,-1,-1
206,22,495.21,186.48,29.38,85.43,0.7051,-1,-1,-1
206,19,153.43,23.30,95.33,406.62,0.7806,-1,-1,-1
206,2,0.11,1.91,212.20,471.31,0.6222,-1,-1,-1
206,1,269.52,0.75,236.98,473.99,0.8896,-1,-1,-1
207,43,519.46,185.51,31.44,80.06,0.5179,-1,-1,-1
207,41,548.09,202.05,14.00,48.50,0.3131,-1,-1,-1
207,22,495.28,185.96,28.63,86.26,0.7399,-1,-1,-1
207,19,156.28,25.02,92.12,396.10,0.7154,-1,-1,-1
207,2,0.19,2.13,211.50,469.62,0.5666,-1,-1,-1
207,1,271.85,0.95,234.49,474.15,0.8838,-1,-1,-1
208,43,519.52,187.10,34.96,78.17,0.4415,-1,-1,-1
208,41,548.79,200.21,14.70,49.38,0.2548,-1,-1,-1
208,22,493.67,186.65,29.86,87.15,0.7037,-1,-1,-1
208,19,166.68,30.08,85.08,374.33,0.7922,-1,-1,-1
208,2,0.16,0.32,210.96,474.08,0.7748,-1,-1,-1
208,1,263.39,0.60,243.61,475.04,0.8869,-1,-1,-1
209,43,521.21,185.83,33.89,81.93,0.4602,-1,-1,-1
209,22,494.49,185.94,29.07,86.77,0.7292,-1,-1,-1
209,19,169.96,33.67,81.06,365.32,0.7931,-1,-1,-1
209,2,0.00,0.35,209.16,474.40,0.7688,-1,-1,-1
209,1,261.20,0.84,246.10,475.40,0.8913,-1,-1,-1
210,43,519.84,186.45,24.41,80.65,0.4350,-1,-1,-1
210,41,548.43,198.28,15.58,52.68,0.2508,-1,-1,-1
210,39,538.66,191.15,24.25,60.53,0.2886,-1,-1,-1
210,22,492.52,185.60,30.55,88.30,0.7283,-1,-1,-1
210,19,173.10,44.92,79.66,352.95,0.8382,-1,-1,-1
210,2,0.24,1.04,204.15,474.47,0.8731,-1,-1,-1
210,1,256.52,0.77,248.81,476.51,0.8626,-1,-1,-1
211,43,524.68,184.99,24.82,80.49,0.4119,-1,-1,-1
211,41,548.28,200.26,15.76,50.17,0.2880,-1,-1,-1
211,22,491.65,183.54,31.57,89.75,0.7399,-1,-1,-1
211,19,171.83,48.12,84.60,349.30,0.8474,-1,-1,-1
211,2,0.17,1.44,201.06,475.67,0.8799,-1,-1,-1
211,1,267.94,1.23,237.07,476.52,0.8113,-1,-1,-1
212,43,524.90,187.07,34.02,78.67,0.3879,-1,-1,-1
212,22,491.15,185.97,30.02,89.49,0.7197,-1,-1,-1
212,19,169.80,54.39,93.41,345.29,0.8593,-1,-1,-1
212,2,0.40,0.77,197.28,472.23,0.8260,-1,-1,-1
212,1,264.28,1.10,240.48,476.45,0.8355,-1,-1,-1
213,43,520.77,186.02,24.30,80.22,0.4450,-1,-1,-1
213,22,490.15,184.72,29.27,89.39,0.6653,-1,-1,-1
213,19,167.57,53.64,103.74,344.83,0.8614,-1,-1,-1
213,2,0.47,2.49,188.25,473.74,0.7969,-1,-1,-1
213,1,252.19,1.26,250.92,477.01,0.8697,-1,-1,-1
214,43,517.74,185.28,26.64,83.23,0.5564,-1,-1,-1
214,22,489.69,184.73,28.57,90.01,0.7140,-1,-1,-1
214,19,154.72,56.14,121.85,354.11,0.8709,-1,-1,-1
214,2,0.37,0.59,183.46,477.28,0.8096,-1,-1,-1
214,1,254.54,0.80,245.18,476.73,0.8787,-1,-1,-1
215,43,516.16,184.51,26.48,83.60,0.5473,-1,-1,-1
215,39,539.13,198.54,20.21,54.34,0.4529,-1,-1,-1
215,22,485.34,185.06,33.07,89.38,0.7066,-1,-1,-1
215,19,161.61,56.36,117.86,345.47,0.8818,-1,-1,-1
215,2,0.54,0.20,182.72,476.34,0.7638,-1,-1,-1
215,1,256.24,0.66,241.35,475.23,0.8978,-1,-1,-1
216,43,524.00,187.94,17.79,77.39,0.4099,-1,-1,-1
216,39,536.89,197.71,20.79,53.21,0.4393,-1,-1,-1
216,22,488.00,184.37,28.18,90.05,0.7329,-1,-1,-1
216,19,168.01,59.13,114.37,341.10,0.8860,-1,-1,-1
216,2,0.52,0.36,179.18,474.09,0.7176,-1,-1,-1
216,1,255.94,0.29,239.12,476.26,0.8769,-1,-1,-1
217,43,522.59,184.99,19.06,79.83,0.5048,-1,-1,-1
217,39,538.27,196.33,19.25,54.54,0.4278,-1,-1,-1
217,22,485.49,182.36,31.58,91.77,0.7294,-1,-1,-1
217,19,170.47,61.79,115.00,339.37,0.8841,-1,-1,-1
217,2,0.56,0.24,179.05,477.25,0.8026,-1,-1,-1
217,1,289.38,1.15,204.93,478.85,0.8183,-1,-1,-1
218,43,521.77,190.99,18.57,75.58,0.3865,-1,-1,-1
218,39,537.73,198.74,19.67,52.12,0.2767,-1,-1,-1
218,22,482.23,181.69,31.34,95.02,0.7213,-1,-1,-1
218,19,173.73,69.07,113.98,331.46,0.8689,-1,-1,-1
218,2,0.55,0.39,181.14,478.32,0.7906,-1,-1,-1
218,1,263.96,1.05,226.07,478.95,0.7992,-1,-1,-1
219,43,506.36,184.69,30.44,83.54,0.4128,-1,-1,-1
219,39,535.06,198.36,21.71,53.93,0.3229,-1,-1,-1
219,22,481.35,180.46,30.87,94.29,0.7533,-1,-1,-1
219,19,181.16,74.79,110.24,325.70,0.8703,-1,-1,-1
219,2,0.44,0.38,182.86,476.07,0.8156,-1,-1,-1
219,1,294.34,0.10,193.42,479.72,0.8272,-1,-1,-1
220,43,509.85,184.27,27.39,84.75,0.5773,-1,-1,-1
220,39,537.04,197.00,21.97,54.87,0.3200,-1,-1,-1
220,22,480.02,180.24,31.16,95.99,0.7701,-1,-1,-1
220,19,186.39,80.22,105.39,316.95,0.8613,-1,-1,-1
220,2,0.27,0.30,186.86,476.17,0.8105,-1,-1,-1
220,1,292.95,9.82,191.21,468.49,0.7502,-1,-1,-1
221,43,506.76,184.31,29.44,84.57,0.6150,-1,-1,-1
221,39,537.79,200.08,21.18,52.06,0.3590,-1,-1,-1
221,22,483.83,181.74,25.65,93.55,0.7413,-1,-1,-1
221,19,189.49,87.94,104.31,301.19,0.8713,-1,-1,-1
221,2,0.11,1.00,193.17,475.59,0.7595,-1,-1,-1
221,1,268.13,22.38,218.50,456.93,0.8683,-1,-1,-1
222,43,506.69,182.40,30.43,86.59,0.6739,-1,-1,-1
222,39,538.50,204.09,21.03,49.34,0.4664,-1,-1,-1
222,22,486.75,182.99,24.01,91.57,0.6505,-1,-1,-1
222,19,196.76,90.60,102.23,290.08,0.8688,-1,-1,-1
222,2,0.12,2.43,199.08,477.57,0.5482,-1,-1,-1
222,1,282.46,28.43,209.60,450.87,0.9130,-1,-1,-1
223,43,506.61,183.73,29.15,88.15,0.4495,-1,-1,-1
223,39,537.77,203.86,22.16,49.76,0.5080,-1,-1,-1
223,22,488.83,182.57,21.75,97.67,0.4524,-1,-1,-1
223,19,203.11,92.76,96.52,273.24,0.8623,-1,-1,-1
223,2,0.07,0.70,211.94,472.08,0.7694,-1,-1,-1
223,1,290.18,32.74,206.05,447.26,0.8906,-1,-1,-1
224,43,508.96,185.76,25.21,86.52,0.3165,-1,-1,-1
224,39,538.06,202.94,22.06,50.88,0.5157,-1,-1,-1
224,22,488.76,182.60,23.49,95.52,0.5208,-1,-1,-1
224,19,208.23,95.04,92.81,271.19,0.8636,-1,-1,-1
224,2,0.00,0.94,216.09,474.96,0.6642,-1,-1,-1
224,1,291.56,35.21,205.34,444.79,0.9124,-1,-1,-1
225,45,561.15,204.54,15.75,39.08,0.3295,-1,-1,-1
225,43,508.34,190.47,19.81,81.48,0.2732,-1,-1,-1
225,39,538.62,201.02,22.50,53.34,0.5121,-1,-1,-1
225,22,486.00,184.25,28.87,94.55,0.6243,-1,-1,-1
225,19,214.06,101.83,89.21,266.21,0.8740,-1,-1,-1
225,2,0.00,0.00,220.20,478.07,0.8392,-1,-1,-1
225,1,292.67,38.85,202.27,440.08,0.9179,-1,-1,-1
226,45,562.86,206.40,16.26,37.41,0.2826,-1,-1,-1
226,43,510.96,189.72,21.28,82.52,0.4362,-1,-1,-1
226,39,539.19,202.01,23.26,53.53,0.5074,-1,-1,-1
226,22,484.31,180.16,30.27,98.49,0.6673,-1,-1,-1
226,19,219.82,107.77,85.63,260.62,0.8761,-1,-1,-1
226,2,0.00,2.22,227.06,473.79,0.8229,-1,-1,-1
226,1,295.26,43.39,193.18,436.61,0.9127,-1,-1,-1
227,45,562.77,202.29,14.95,42.49,0.2778,-1,-1,-1
227,43,510.30,188.52,21.47,83.93,0.4042,-1,-1,-1
227,39,540.10,201.04,21.93,54.00,0.5437,-1,-1,-1
227,22,481.07,180.29,33.21,100.34,0.7179,-1,-1,-1
227,19,222.02,111.16,87.22,249.63,0.8699,-1,-1,-1
227,2,0.13,1.16,227.09,475.74,0.8159,-1,-1,-1
227,1,299.19,49.70,182.95,430.30,0.9026,-1,-1,-1
228,45,563.11,195.24,15.98,49.79,0.3397,-1,-1,-1
228,43,510.69,185.28,21.92,87.05,0.3751,-1,-1,-1
228,39,542.26,201.73,21.27,54.98,0.5633,-1,-1,-1
228,22,481.86,180.40,34.12,102.82,0.7388,-1,-1,-1
228,19,231.00,111.21,84.08,245.88,0.8428,-1,-1,-1
228,2,0.08,1.38,231.36,475.80,0.9135,-1,-1,-1
228,1,302.77,55.04,172.53,423.93,0.9124,-1,-1,-1
229,45,564.73,202.68,17.50,44.49,0.3109,-1,-1,-1
229,39,543.12,199.79,23.73,58.30,0.5926,-1,-1,-1
229,22,484.75,183.85,31.71,100.94,0.6981,-1,-1,-1
229,19,236.82,109.74,86.18,231.54,0.8608,-1,-1,-1
229,2,0.80,1.54,225.51,475.91,0.9023,-1,-1,-1
229,1,306.43,61.62,158.01,418.38,0.9038,-1,-1,-1
230,46,454.11,169.04,33.40,123.16,0.6901,-1,-1,-1
230,45,567.09,204.41,17.57,41.54,0.2931,-1,-1,-1
230,43,512.40,184.35,22.68,90.34,0.2878,-1,-1,-1
230,41,532.80,196.49,15.75,49.46,0.3335,-1,-1,-1
230,39,545.68,199.49,21.22,59.10,0.6460,-1,-1,-1
230,22,485.96,182.97,32.05,102.88,0.6962,-1,-1,-1
230,19,239.37,110.22,84.67,229.96,0.8486,-1,-1,-1
230,2,0.14,1.44,223.28,477.75,0.8908,-1,-1,-1
230,1,309.13,66.16,151.39,413.19,0.8855,-1,-1,-1
231,47,586.15,152.40,53.74,146.31,0.6934,-1,-1,-1
231,46,453.14,165.27,38.57,126.48,0.7728,-1,-1,-1
231,43,515.39,184.60,22.73,88.92,0.4094,-1,-1,-1
231,39,552.04,199.51,22.32,59.02,0.6640,-1,-1,-1
231,22,489.27,183.53,29.31,103.00,0.7233,-1,-1,-1
231,19,244.97,110.42,83.43,229.53,0.8647,-1,-1,-1
231,2,0.24,4.97,222.39,470.26,0.7200,-1,-1,-1
231,1,308.34,66.14,148.31,413.86,0.8866,-1,-1,-1
232,47,575.07,156.52,64.83,201.63,0.6592,-1,-1,-1
232,46,456.23,162.70,42.02,130.49,0.7573,-1,-1,-1
232,43,514.65,184.01,25.05,92.77,0.5437,-1,-1,-1
232,39,552.92,199.64,26.76,60.46,0.5282,-1,-1,-1
232,22,494.26,183.14,24.99,101.46,0.6563,-1,-1,-1
232,19,251.81,113.70,81.08,227.94,0.8517,-1,-1,-1
232,2,0.52,5.66,221.61,472.97,0.8021,-1,-1,-1
232,1,325.25,65.41,135.50,413.53,0.8691,-1,-1,-1
233,47,576.65,164.31,63.29,190.51,0.3391,-1,-1,-1
233,46,467.04,160.12,38.07,133.32,0.6889,-1,-1,-1
233,43,522.10,184.87,20.34,92.36,0.5433,-1,-1,-1
233,39,557.65,198.84,25.36,61.38,0.6117,-1,-1,-1
233,22,503.07,178.73,19.72,98.12,0.3929,-1,-1,-1
233,19,258.22,119.07,79.03,223.29,0.8270,-1,-1,-1
233,2,0.25,2.49,221.35,470.52,0.5810,-1,-1,-1
233,1,332.56,64.24,131.71,415.41,0.8699,-1,-1,-1
234,47,585.95,167.53,53.94,216.44,0.4554,-1,-1,-1
234,46,477.32,160.48,37.20,132.02,0.5218,-1,-1,-1
234,43,519.77,184.53,26.19,92.68,0.4931,-1,-1,-1
234,39,566.57,202.99,21.07,57.40,0.5038,-1,-1,-1
234,22,492.45,162.46,29.43,130.00,0.3091,-1,-1,-1
234,19,265.97,121.57,75.72,216.87,0.8079,-1,-1,-1
234,2,0.48,1.56,223.06,470.63,0.6604,-1,-1,-1
234,1,322.56,70.28,164.63,409.72,0.8999,-1,-1,-1
235,46,484.54,158.98,36.72,129.50,0.3937,-1,-1,-1
235,43,526.89,187.09,23.18,92.81,0.4074,-1,-1,-1
235,39,570.04,198.28,28.08,63.59,0.4993,-1,-1,-1
235,22,505.40,178.54,23.42,107.02,0.2834,-1,-1,-1
235,19,270.37,121.67,77.36,213.18,0.8104,-1,-1,-1
235,2,6.08,0.79,220.01,477.75,0.8443,-1,-1,-1
235,1,334.50,74.76,168.31,405.15,0.8958,-1,-1,-1
236,48,0.22,114.20,47.30,347.15,0.2564,-1,-1,-1
236,47,609.59,168.19,30.28,273.06,0.5690,-1,-1,-1
236,43,530.31,192.06,26.16,85.56,0.4800,-1,-1,-1
236,39,574.95,190.70,29.27,70.12,0.5551,-1,-1,-1
236,22,505.87,173.87,28.44,114.02,0.3169,-1,-1,-1
236,19,278.74,117.48,73.58,205.99,0.7916,-1,-1,-1
236,2,6.96,0.78,224.04,477.21,0.8866,-1,-1,-1
236,1,343.23,79.39,169.45,400.61,0.8977,-1,-1,-1
237,49,0.52,119.93,57.22,153.36,0.5859,-1,-1,-1
237,47,610.33,202.56,29.53,276.41,0.6431,-1,-1,-1
237,43,541.66,182.80,18.90,96.51,0.4478,-1,-1,-1
237,39,584.68,192.63,27.44,69.28,0.5668,-1,-1,-1
237,19,286.73,118.89,74.57,204.37,0.8394,-1,-1,-1
237,2,8.11,7.14,232.40,471.98,0.8752,-1,-1,-1
237,1,361.95,88.25,164.68,391.31,0.9058,-1,-1,-1
238,51,241.89,170.44,30.03,102.72,0.5701,-1,-1,-1
238,49,0.19,116.74,66.83,156.44,0.4626,-1,-1,-1
238,47,609.26,205.83,30.64,273.99,0.5991,-1,-1,-1
238,43,545.57,185.35,20.53,97.51,0.3524,-1,-1,-1
238,39,589.26,195.36,29.47,67.97,0.5369,-1,-1,-1
238,19,290.06,120.11,77.08,202.93,0.8212,-1,-1,-1
238,2,9.85,7.21,235.96,472.79,0.8706,-1,-1,-1
238,1,373.61,85.62,162.76,394.38,0.9026,-1,-1,-1
239,53,364.96,175.66,23.44,86.76,0.5241,-1,-1,-1
239,51,248.04,163.24,32.88,115.50,0.5147,-1,-1,-1
239,48,0.00,115.51,81.18,348.46,0.4056,-1,-1,-1
239,47,597.50,216.07,42.34,263.81,0.3971,-1,-1,-1
239,39,595.06,200.27,29.56,63.14,0.3590,-1,-1,-1
239,19,305.71,124.68,65.02,198.80,0.7860,-1,-1,-1
239,2,3.03,14.12,249.25,465.49,0.8337,-1,-1,-1
239,1,391.54,88.34,156.17,391.20,0.8984,-1,-1,-1
240,54,0.00,166.26,45.30,96.86,0.5318,-1,-1,-1
240,53,366.05,180.75,24.73,79.68,0.4230,-1,-1,-1
240,51,252.65,158.71,38.13,116.24,0.7075,-1,-1,-1
240,48,0.83,107.10,98.22,342.01,0.2730,-1,-1,-1
240,39,596.56,189.50,31.52,72.52,0.5210,-1,-1,-1
240,19,304.69,124.92,69.42,194.32,0.7561,-1,-1,-1
240,2,18.79,15.13,243.41,463.50,0.7606,-1,-1,-1
240,1,398.26,85.24,160.33,373.08,0.8860,-1,-1,-1
241,53,366.20,180.77,24.09,79.81,0.3866,-1,-1,-1
241,48,0.25,110.77,105.12,327.17,0.3254,-1,-1,-1
241,39,598.03,198.66,30.64,56.61,0.3109,-1,-1,-1
241,19,308.78,123.35,76.81,194.30,0.7989,-1,-1,-1
241,2,0.00,14.72,265.83,460.69,0.7141,-1,-1,-1
241,1,410.56,83.15,154.29,376.21,0.8927,-1,-1,-1
242,56,392.53,180.85,25.26,80.30,0.5069,-1,-1,-1
242,49,23.38,115.18,84.41,139.48,0.4010,-1,-1,-1
242,48,3.36,114.75,104.98,324.83,0.4648,-1,-1,-1
242,47,591.26,166.94,48.56,312.27,0.7150,-1,-1,-1
242,19,290.01,121.98,94.53,192.77,0.8221,-1,-1,-1
242,2,47.78,9.17,225.50,470.83,0.8343,-1,-1,-1
242,1,414.02,86.88,149.10,377.88,0.8769,-1,-1,-1
243,56,391.19,180.90,26.73,81.04,0.5727,-1,-1,-1
243,54,17.94,165.88,45.95,86.26,0.6016,-1,-1,-1
243,48,9.54,115.52,101.62,326.06,0.3915,-1,-1,-1
243,47,575.84,19.39,64.01,460.61,0.7338,-1,-1,-1
243,22,531.02,139.30,37.28,177.93,0.3246,-1,-1,-1
243,19,304.18,121.72,78.25,189.37,0.8472,-1,-1,-1
243,2,51.70,6.83,224.96,471.09,0.8378,-1,-1,-1
243,1,415.02,88.81,146.22,380.99,0.8920,-1,-1,-1
244,56,393.76,178.84,25.16,83.34,0.5854,-1,-1,-1
244,54,10.15,168.58,57.30,85.90,0.7447,-1,-1,-1
244,47,543.16,2.22,96.62,477.78,0.8332,-1,-1,-1
244,22,536.88,135.14,34.80,84.64,0.3441,-1,-1,-1
244,19,316.53,120.39,66.04,189.71,0.7005,-1,-1,-1
244,2,76.33,6.86,205.71,468.78,0.7835,-1,-1,-1
244,1,424.32,90.36,141.43,378.76,0.8873,-1,-1,-1
245,57,413.45,172.74,31.06,106.66,0.4902,-1,-1,-1
245,56,391.62,179.56,25.58,82.40,0.6204,-1,-1,-1
245,47,530.98,0.00,108.90,478.61,0.7258,-1,-1,-1
245,19,310.87,121.17,72.12,192.90,0.7877,-1,-1,-1
245,2,69.55,9.71,214.39,449.47,0.8552,-1,-1,-1
245,1,428.75,87.39,133.83,385.17,0.8594,-1,-1,-1
246,58,33.27,196.07,19.38,37.08,0.5091,-1,-1,-1
246,57,411.44,169.24,39.22,109.46,0.7345,-1,-1,-1
246,56,387.90,174.88,28.16,86.96,0.5734,-1,-1,-1
246,47,533.48,0.00,106.41,479.04,0.7496,-1,-1,-1
246,19,306.09,121.01,75.71,190.41,0.8129,-1,-1,-1
246,2,74.23,9.00,212.92,468.25,0.9022,-1,-1,-1
246,1,434.07,86.29,119.02,381.84,0.8571,-1,-1,-1
247,59,0.35,165.79,15.96,87.93,0.6918,-1,-1,-1
247,58,28.41,195.34,18.76,38.51,0.5784,-1,-1,-1
247,57,408.75,171.63,32.84,106.77,0.7496,-1,-1,-1
247,56,386.33,176.33,25.91,84.66,0.6345,-1,-1,-1
247,50,286.46,169.80,28.11,91.82,0.4162,-1,-1,-1
247,47,504.09,0.81,135.41,477.29,0.8081,-1,-1,-1
247,19,307.05,122.26,72.15,190.03,0.8134,-1,-1,-1
247,2,80.59,9.96,206.90,466.35,0.9034,-1,-1,-1
247,1,436.82,85.19,116.65,364.13,0.8353,-1,-1,-1
248,58,27.18,194.72,18.77,38.93,0.6141,-1,-1,-1
248,57,407.68,171.98,34.20,107.84,0.7694,-1,-1,-1
248,56,383.84,174.47,28.38,87.23,0.6754,-1,-1,-1
248,50,285.42,168.75,28.10,93.46,0.5163,-1,-1,-1
248,47,524.95,1.00,114.88,479.00,0.8615,-1,-1,-1
248,19,306.41,122.68,73.32,190.08,0.8410,-1,-1,-1
248,2,87.55,8.72,201.94,469.65,0.8323,-1,-1,-1
248,1,436.23,87.83,130.09,353.16,0.8476,-1,-1,-1
249,58,29.20,195.42,17.10,38.11,0.5671,-1,-1,-1
249,57,410.46,170.11,34.94,110.91,0.7719,-1,-1,-1
249,56,386.05,173.95,29.48,88.02,0.6865,-1,-1,-1
249,50,290.34,169.59,24.36,92.33,0.6555,-1,-1,-1
249,47,497.70,0.75,141.92,477.05,0.8527,-1,-1,-1
249,19,311.68,121.75,72.89,186.70,0.8361,-1,-1,-1
249,2,97.72,7.07,197.32,471.67,0.8886,-1,-1,-1
249,1,446.28,86.50,122.93,360.17,0.7634,-1,-1,-1
250,58,32.93,197.06,18.39,39.56,0.5369,-1,-1,-1
250,57,414.20,171.91,35.24,113.30,0.7797,-1,-1,-1
250,56,390.20,175.02,30.28,91.06,0.6790,-1,-1,-1
250,50,297.54,172.87,21.54,91.63,0.5936,-1,-1,-1
250,49,77.55,175.82,37.66,87.77,0.4467,-1,-1,-1
250,47,502.74,0.65,137.09,479.35,0.8216,-1,-1,-1
250,19,318.83,123.09,71.51,181.99,0.8530,-1,-1,-1
250,2,109.98,7.92,193.75,470.43,0.9175,-1,-1,-1
250,1,459.87,87.56,122.77,366.25,0.6550,-1,-1,-1
251,58,35.05,197.01,17.10,40.60,0.5071,-1,-1,-1
251,57,414.90,170.54,36.99,116.26,0.7772,-1,-1,-1
251,56,394.74,175.10,27.06,91.36,0.6133,-1,-1,-1
251,54,71.85,178.93,26.77,83.99,0.3684,-1,-1,-1
251,49,78.35,177.37,41.42,89.74,0.5202,-1,-1,-1
251,47,511.29,0.26,128.54,479.67,0.8438,-1,-1,-1
251,19,324.51,123.92,67.34,182.29,0.8604,-1,-1,-1
251,2,120.58,10.14,189.09,469.86,0.9128,-1,-1,-1
252,58,37.08,199.30,16.25,40.56,0.4360,-1,-1,-1
252,57,416.44,174.51,35.92,116.95,0.7352,-1,-1,-1
252,56,397.37,177.33,27.16,92.26,0.5378,-1,-1,-1
252,49,66.50,179.67,50.94,90.39,0.6008,-1,-1,-1
252,47,519.09,3.27,120.62,470.72,0.8710,-1,-1,-1
252,19,327.88,128.66,65.94,181.57,0.8593,-1,-1,-1
252,2,126.86,17.10,189.77,462.90,0.8903,-1,-1,-1
253,62,460.98,142.35,57.69,179.04,0.7376,-1,-1,-1
253,58,42.91,202.34,14.84,39.12,0.4388,-1,-1,-1
253,57,420.55,174.24,36.98,120.31,0.6896,-1,-1,-1
253,56,401.08,174.01,27.36,95.45,0.5319,-1,-1,-1
253,50,319.77,192.65,22.79,75.51,0.4194,-1,-1,-1
253,49,65.78,180.13,49.93,93.80,0.7021,-1,-1,-1
253,47,523.30,5.39,116.53,466.96,0.8819,-1,-1,-1
253,19,333.69,130.64,68.27,182.52,0.8574,-1,-1,-1
253,2,137.73,28.20,186.00,451.66,0.8998,-1,-1,-1
254,62,459.93,141.41,56.72,181.82,0.7379,-1,-1,-1
254,58,44.37,203.03,14.73,39.16,0.3581,-1,-1,-1
254,57,421.62,171.39,37.95,123.54,0.6798,-1,-1,-1
254,56,405.01,175.61,25.99,95.11,0.4111,-1,-1,-1
254,49,67.99,179.93,44.73,93.16,0.6662,-1,-1,-1
254,47,529.04,4.02,110.51,473.26,0.8783,-1,-1,-1
254,19,338.88,133.79,63.29,179.87,0.8497,-1,-1,-1
254,2,147.44,28.72,182.30,450.72,0.8914,-1,-1,-1
255,64,113.00,143.05,54.20,160.90,0.7455,-1,-1,-1
255,62,440.47,142.27,74.29,187.25,0.8488,-1,-1,-1
255,57,418.80,171.91,37.93,126.17,0.6404,-1,-1,-1
255,49,59.29,180.54,40.38,97.33,0.6410,-1,-1,-1
255,47,527.85,3.97,111.64,475.22,0.8989,-1,-1,-1
255,19,342.41,137.18,60.13,178.67,0.8388,-1,-1,-1
255,2,129.10,37.83,211.79,442.06,0.8651,-1,-1,-1
256,64,81.45,134.49,73.18,169.11,0.6308,-1,-1,-1
256,62,427.45,141.49,86.09,190.57,0.8100,-1,-1,-1
256,57,415.71,168.10,36.28,130.49,0.5564,-1,-1,-1
256,49,37.98,178.07,48.05,100.70,0.6230,-1,-1,-1
256,47,525.63,0.77,114.10,477.27,0.9070,-1,-1,-1
256,19,344.42,134.22,58.53,177.17,0.7647,-1,-1,-1
256,2,166.55,35.40,186.30,443.80,0.8960,-1,-1,-1
257,66,489.25,167.57,51.72,143.56,0.6823,-1,-1,-1
257,64,58.08,131.55,84.87,176.52,0.7949,-1,-1,-1
257,62,426.96,139.07,84.25,196.22,0.8734,-1,-1,-1
257,49,14.77,178.95,64.86,101.52,0.6379,-1,-1,-1
257,47,524.23,0.35,115.45,478.76,0.9039,-1,-1,-1
257,19,345.71,132.76,52.40,176.26,0.7822,-1,-1,-1
257,2,168.60,35.88,185.82,442.15,0.8837,-1,-1,-1
258,66,483.57,163.97,53.52,149.12,0.6868,-1,-1,-1
258,64,32.84,132.33,99.10,180.08,0.8589,-1,-1,-1
258,62,412.41,132.02,78.58,207.69,0.8205,-1,-1,-1
258,59,36.23,183.08,31.72,83.01,0.2608,-1,-1,-1
258,49,0.72,183.44,52.18,95.79,0.3842,-1,-1,-1
258,47,483.45,0.60,156.43,479.40,0.8379,-1,-1,-1
258,19,343.08,133.20,55.88,179.68,0.7985,-1,-1,-1
258,2,151.69,27.49,203.02,449.82,0.8612,-1,-1,-1
259,66,480.35,163.23,58.63,149.85,0.6150,-1,-1,-1
259,64,11.44,129.13,111.36,184.89,0.8813,-1,-1,-1
259,62,397.90,128.36,72.93,213.26,0.8711,-1,-1,-1
259,59,22.81,179.53,28.73,91.40,0.2653,-1,-1,-1
259,49,0.56,176.10,43.48,99.04,0.4509,-1,-1,-1
259,47,472.68,0.00,167.18,480.00,0.8553,-1,-1,-1
259,19,344.51,136.48,50.99,177.09,0.7992,-1,-1,-1
259,2,150.70,28.50,200.55,449.95,0.8737,-1,-1,-1
260,66,473.14,141.70,58.19,177.81,0.6934,-1,-1,-1
260,64,0.00,127.25,104.66,192.61,0.8999,-1,-1,-1
260,62,391.24,127.51,72.16,224.95,0.7486,-1,-1,-1
260,19,335.99,141.19,53.45,173.76,0.7811,-1,-1,-1
260,2,143.40,27.46,197.75,452.54,0.9072,-1,-1,-1
260,1,498.57,1.22,141.16,478.78,0.8915,-1,-1,-1
261,66,466.61,146.64,46.65,178.65,0.6191,-1,-1,-1
261,64,0.15,124.22,78.98,195.52,0.8625,-1,-1,-1
261,62,359.98,129.41,99.73,232.69,0.8355,-1,-1,-1
261,19,323.74,145.82,58.06,171.77,0.8075,-1,-1,-1
261,2,134.08,26.68,193.27,453.32,0.8995,-1,-1,-1
261,1,488.76,1.43,151.07,477.66,0.9111,-1,-1,-1
262,64,0.05,157.64,40.39,162.68,0.3262,-1,-1,-1
262,62,332.48,128.39,111.79,240.55,0.8337,-1,-1,-1
262,19,317.47,146.57,56.36,168.77,0.6457,-1,-1,-1
262,2,117.78,21.90,195.33,457.52,0.8415,-1,-1,-1
262,1,459.23,1.82,180.53,475.65,0.8910,-1,-1,-1
263,66,388.22,165.34,58.01,151.06,0.3993,-1,-1,-1
263,62,320.73,120.99,102.38,257.70,0.8725,-1,-1,-1
263,2,108.96,11.78,196.11,468.22,0.8953,-1,-1,-1
263,1,442.95,0.85,196.80,477.59,0.9250,-1,-1,-1
264,68,291.86,198.60,17.08,75.65,0.4328,-1,-1,-1
264,66,391.29,162.93,40.50,152.21,0.2617,-1,-1,-1
264,62,318.19,117.18,106.55,264.01,0.8487,-1,-1,-1
264,2,103.14,10.57,194.33,468.12,0.8477,-1,-1,-1
264,1,437.73,0.57,201.99,478.99,0.9050,-1,-1,-1
265,66,354.78,172.47,26.31,130.41,0.2501,-1,-1,-1
265,19,287.82,107.71,78.35,279.99,0.7723,-1,-1,-1
265,2,72.91,8.09,219.43,471.51,0.8510,-1,-1,-1
265,1,431.30,0.85,208.34,476.68,0.9102,-1,-1,-1
266,70,370.66,156.05,46.84,159.76,0.7845,-1,-1,-1
266,66,336.29,147.36,41.72,157.43,0.7443,-1,-1,-1
266,19,284.17,99.29,63.73,287.53,0.7699,-1,-1,-1
266,2,80.37,9.32,212.12,470.19,0.8523,-1,-1,-1
266,1,424.84,0.78,214.86,476.11,0.8698,-1,-1,-1
267,70,359.97,146.93,63.13,165.31,0.7855,-1,-1,-1
267,66,315.26,140.40,51.17,158.35,0.8247,-1,-1,-1
267,63,420.36,138.67,63.19,184.92,0.2746,-1,-1,-1
267,62,256.53,88.74,82.83,293.49,0.7856,-1,-1,-1
267,2,57.86,6.81,229.16,471.61,0.8257,-1,-1,-1
267,1,422.73,0.91,217.14,476.40,0.9143,-1,-1,-1
268,70,355.61,141.18,66.34,166.40,0.7798,-1,-1,-1
268,66,308.80,134.03,54.45,161.47,0.8494,-1,-1,-1
268,62,242.45,77.41,90.85,300.97,0.5002,-1,-1,-1
268,56,285.54,159.90,29.89,101.66,0.3467,-1,-1,-1
268,2,36.39,0.88,246.74,479.12,0.7727,-1,-1,-1
268,1,423.27,0.62,216.48,476.10,0.9181,-1,-1,-1
269,70,347.26,135.55,60.23,171.10,0.7764,-1,-1,-1
269,66,308.06,130.09,53.18,158.68,0.8000,-1,-1,-1
269,57,275.98,145.48,34.69,130.45,0.3927,-1,-1,-1
269,2,32.69,0.00,262.90,480.00,0.8081,-1,-1,-1
269,1,419.35,0.93,220.65,474.09,0.9117,-1,-1,-1
270,71,589.61,179.39,50.29,228.11,0.6833,-1,-1,-1
270,70,337.51,114.74,56.97,176.84,0.7991,-1,-1,-1
270,66,311.00,110.67,40.84,160.22,0.7387,-1,-1,-1
270,53,282.84,128.41,21.68,116.54,0.2886,-1,-1,-1
270,2,37.04,0.66,255.37,479.15,0.8814,-1,-1,-1
270,1,405.00,0.74,235.00,476.46,0.9088,-1,-1,-1
271,71,591.68,93.87,48.24,274.09,0.5437,-1,-1,-1
271,70,328.20,86.35,60.02,182.10,0.7889,-1,-1,-1
271,66,315.71,83.80,34.61,162.11,0.5844,-1,-1,-1
271,2,31.88,0.49,258.90,474.87,0.8834,-1,-1,-1
271,1,400.30,0.66,239.65,479.34,0.9133,-1,-1,-1
272,72,271.00,67.61,39.22,138.29,0.4070,-1,-1,-1
272,71,590.42,39.28,49.45,299.71,0.4047,-1,-1,-1
272,70,314.65,47.75,67.38,192.05,0.8086,-1,-1,-1
272,2,32.44,0.62,245.18,441.28,0.7821,-1,-1,-1
272,1,396.88,0.20,242.68,479.80,0.9158,-1,-1,-1
273,73,0.72,5.08,101.98,372.39,0.3712,-1,-1,-1
273,72,252.47,61.17,61.43,147.17,0.7548,-1,-1,-1
273,71,585.34,138.00,54.48,180.48,0.3695,-1,-1,-1
273,70,311.24,41.23,65.62,195.04,0.7510,-1,-1,-1
273,2,24.90,0.97,247.12,446.40,0.6985,-1,-1,-1
273,1,397.48,0.19,242.14,479.76,0.9118,-1,-1,-1
274,73,34.22,0.37,134.44,405.92,0.2689,-1,-1,-1
274,72,258.63,80.78,51.08,142.41,0.7571,-1,-1,-1
274,71,585.95,59.53,53.95,264.76,0.4814,-1,-1,-1
274,70,306.13,54.79,69.14,199.06,0.7752,-1,-1,-1
274,2,81.95,0.00,180.54,478.77,0.7080,-1,-1,-1
274,1,396.93,0.49,241.83,473.21,0.9034,-1,-1,-1
275,74,0.00,82.98,53.24,236.39,0.6450,-1,-1,-1
275,72,265.23,100.53,38.77,139.44,0.6510,-1,-1,-1
275,71,599.85,5.85,40.06,324.73,0.5052,-1,-1,-1
275,70,297.14,73.21,65.95,203.08,0.7900,-1,-1,-1
275,2,33.20,0.23,221.24,476.21,0.8454,-1,-1,-1
275,1,394.69,0.31,241.51,475.33,0.8676,-1,-1,-1
276,72,260.08,133.34,47.24,131.67,0.4930,-1,-1,-1
276,71,604.40,132.93,35.13,224.73,0.4004,-1,-1,-1
276,70,292.52,102.06,71.44,204.51,0.8094,-1,-1,-1
276,2,39.37,0.64,210.53,466.95,0.8090,-1,-1,-1
276,1,404.09,0.43,234.53,478.22,0.9043,-1,-1,-1
277,77,247.92,142.89,37.92,130.87,0.4886,-1,-1,-1
277,72,261.42,140.85,36.47,136.26,0.3699,-1,-1,-1
277,71,596.47,41.55,43.38,327.72,0.4076,-1,-1,-1
277,70,283.65,112.37,69.75,210.21,0.7238,-1,-1,-1
277,2,45.73,0.02,198.82,436.09,0.8311,-1,-1,-1
277,1,404.62,0.32,234.42,479.68,0.9186,-1,-1,-1
278,77,238.79,148.04,37.09,127.33,0.5447,-1,-1,-1
278,71,590.42,107.70,49.51,259.84,0.4631,-1,-1,-1
278,70,269.94,112.96,72.15,218.70,0.7791,-1,-1,-1
278,53,205.38,120.59,46.09,187.92,0.3726,-1,-1,-1
278,2,24.71,0.00,209.26,478.05,0.8500,-1,-1,-1
278,1,401.30,0.19,219.57,479.81,0.9041,-1,-1,-1
279,78,315.39,148.48,54.75,144.25,0.6580,-1,-1,-1
279,72,188.36,143.17,64.29,194.92,0.7392,-1,-1,-1
279,71,578.58,62.57,61.34,314.42,0.8095,-1,-1,-1
279,70,254.04,129.09,74.77,223.86,0.7787,-1,-1,-1
279,2,8.79,22.19,204.97,454.60,0.8796,-1,-1,-1
279,1,381.09,0.06,218.59,479.23,0.8974,-1,-1,-1
280,78,298.41,149.44,54.13,146.47,0.8051,-1,-1,-1
280,72,168.90,144.85,72.51,201.90,0.8066,-1,-1,-1
280,71,565.34,60.95,74.66,314.80,0.8290,-1,-1,-1
280,70,232.46,126.58,74.58,228.31,0.7875,-1,-1,-1
280,63,350.87,121.18,54.84,209.75,0.3081,-1,-1,-1
280,2,0.46,20.67,184.83,456.55,0.8899,-1,-1,-1
280,1,359.21,0.00,221.99,477.95,0.8895,-1,-1,-1
281,78,269.12,138.30,51.50,145.03,0.8328,-1,-1,-1
281,77,140.00,132.48,74.14,200.76,0.8363,-1,-1,-1
281,71,543.46,58.46,83.84,307.31,0.8293,-1,-1,-1
281,70,193.78,105.65,78.38,243.66,0.7881,-1,-1,-1
281,63,317.30,101.72,57.82,220.08,0.6757,-1,-1,-1
281,2,0.14,3.08,146.86,476.92,0.9054,-1,-1,-1
281,1,330.88,0.50,233.50,479.50,0.9069,-1,-1,-1
282,78,259.35,145.04,42.82,143.92,0.8065,-1,-1,-1
282,77,137.38,135.08,37.68,189.00,0.6079,-1,-1,-1
282,71,531.98,96.96,80.33,293.45,0.4127,-1,-1,-1
282,70,162.48,106.82,82.92,256.16,0.8023,-1,-1,-1
282,63,291.31,73.75,75.29,299.75,0.5355,-1,-1,-1
282,2,0.18,11.09,117.43,466.31,0.8910,-1,-1,-1
282,1,329.27,0.59,238.43,479.41,0.9030,-1,-1,-1
283,79,110.68,166.77,45.23,150.06,0.6085,-1,-1,-1
283,78,263.19,158.24,36.82,144.55,0.7235,-1,-1,-1
283,71,529.33,136.58,76.59,279.19,0.3848,-1,-1,-1
283,70,147.80,115.38,92.71,266.09,0.8316,-1,-1,-1
283,63,307.83,134.51,73.75,273.54,0.6678,-1,-1,-1
283,2,0.25,21.51,117.95,455.77,0.8595,-1,-1,-1
283,1,349.98,0.00,234.34,480.00,0.8830,-1,-1,-1
284,80,297.66,85.42,69.00,232.52,0.5066,-1,-1,-1
284,79,117.49,164.92,43.48,152.37,0.7253,-1,-1,-1
284,78,274.58,160.31,40.37,144.51,0.7296,-1,-1,-1
284,71,555.13,146.69,58.20,275.76,0.2860,-1,-1,-1
284,70,149.40,113.11,94.70,272.51,0.8489,-1,-1,-1
284,63,317.93,129.25,83.01,289.32,0.7438,-1,-1,-1
284,2,0.24,17.18,127.22,461.88,0.8169,-1,-1,-1
284,1,380.61,0.68,226.58,479.32,0.8913,-1,-1,-1
285,80,311.25,74.13,69.07,279.91,0.7349,-1,-1,-1
285,79,121.79,160.62,47.06,158.84,0.6721,-1,-1,-1
285,78,290.04,158.99,36.83,141.78,0.7029,-1,-1,-1
285,70,159.90,105.45,89.56,277.53,0.8549,-1,-1,-1
285,63,338.22,84.80,88.86,332.58,0.8513,-1,-1,-1
285,2,0.22,17.71,134.29,461.85,0.8868,-1,-1,-1
285,1,412.34,0.63,225.35,479.37,0.9175,-1,-1,-1
286,81,252.01,173.08,34.26,129.42,0.4763,-1,-1,-1
286,80,316.95,72.38,77.20,284.68,0.6261,-1,-1,-1
286,79,129.71,164.59,41.79,160.96,0.6712,-1,-1,-1
286,70,164.93,105.37,92.06,283.73,0.8644,-1,-1,-1
286,63,354.01,77.30,104.10,360.07,0.8755,-1,-1,-1
286,2,0.18,29.30,141.38,450.70,0.9024,-1,-1,-1
286,1,442.57,0.69,197.33,478.63,0.9100,-1,-1,-1
287,81,265.50,172.91,33.61,128.26,0.4458,-1,-1,-1
287,80,328.84,72.27,80.10,293.81,0.7646,-1,-1,-1
287,79,136.63,162.54,39.49,166.15,0.6259,-1,-1,-1
287,70,168.55,104.27,100.00,289.49,0.8161,-1,-1,-1
287,63,367.66,66.59,121.32,383.42,0.8855,-1,-1,-1
287,2,0.17,37.41,146.10,442.59,0.8947,-1,-1,-1
287,1,472.10,0.00,167.66,479.35,0.8892,-1,-1,-1
288,81,277.81,168.47,31.49,132.31,0.5886,-1,-1,-1
288,80,339.43,64.56,85.00,303.23,0.8195,-1,-1,-1
288,79,138.31,160.08,46.43,166.25,0.6094,-1,-1,-1
288,70,173.77,99.13,95.18,303.03,0.8313,-1,-1,-1
288,66,252.83,159.89,36.96,170.56,0.5594,-1,-1,-1
288,63,383.65,56.50,142.42,404.97,0.8844,-1,-1,-1
288,2,0.07,39.53,149.87,440.47,0.8996,-1,-1,-1
288,1,503.11,0.00,136.70,479.61,0.8587,-1,-1,-1
289,81,294.33,169.82,33.59,132.91,0.5497,-1,-1,-1
289,80,356.93,60.42,86.30,314.71,0.7690,-1,-1,-1
289,79,146.89,158.43,60.30,175.32,0.6040,-1,-1,-1
289,70,185.07,101.34,99.34,316.43,0.8151,-1,-1,-1
289,66,260.28,157.92,47.41,177.00,0.6808,-1,-1,-1
289,63,406.30,51.80,150.13,422.26,0.8817,-1,-1,-1
289,2,0.31,51.35,160.15,428.34,0.9024,-1,-1,-1
289,1,556.98,6.02,82.87,471.59,0.8151,-1,-1,-1
290,81,316.90,173.19,32.31,125.46,0.4800,-1,-1,-1
290,80,375.30,51.74,89.98,339.09,0.8410,-1,-1,-1
290,79,158.73,156.33,47.20,177.91,0.6925,-1,-1,-1
290,70,196.53,98.98,103.07,327.95,0.8002,-1,-1,-1
290,66,288.71,160.43,41.99,178.92,0.5818,-1,-1,-1
290,63,431.08,38.36,163.40,441.64,0.8745,-1,-1,-1
290,2,0.73,59.32,173.50,420.35,0.8948,-1,-1,-1
291,82,587.69,55.99,51.99,397.29,0.6427,-1,-1,-1
291,80,391.02,42.34,107.48,352.62,0.8330,-1,-1,-1
291,79,166.44,151.69,49.75,179.74,0.7067,-1,-1,-1
291,70,211.17,91.57,104.47,345.46,0.8386,-1,-1,-1
291,66,306.99,161.75,50.55,176.51,0.6888,-1,-1,-1
291,63,449.64,25.18,178.89,450.11,0.8856,-1,-1,-1
291,2,3.45,56.44,178.18,423.56,0.8691,-1,-1,-1
292,81,359.33,183.05,24.56,116.22,0.3406,-1,-1,-1
292,80,406.92,36.97,112.52,371.95,0.8805,-1,-1,-1
292,79,170.53,156.65,56.17,176.50,0.7101,-1,-1,-1
292,70,222.06,88.31,112.77,364.44,0.8385,-1,-1,-1
292,66,322.65,167.02,58.35,174.56,0.7875,-1,-1,-1
292,63,471.85,11.98,168.00,466.80,0.8920,-1,-1,-1
292,2,11.00,53.87,180.04,425.50,0.8850,-1,-1,-1
293,80,417.47,25.52,122.58,402.14,0.8619,-1,-1,-1
293,79,167.17,150.27,63.58,183.63,0.5395,-1,-1,-1
293,70,231.33,76.87,111.14,373.59,0.8477,-1,-1,-1
293,66,332.24,168.45,63.63,173.84,0.8566,-1,-1,-1
293,63,488.38,0.00,151.59,479.57,0.8871,-1,-1,-1
293,2,12.74,45.17,181.75,434.83,0.9074,-1,-1,-1
294,80,430.19,17.20,133.16,423.24,0.8433,-1,-1,-1
294,70,238.75,68.16,118.11,394.76,0.8386,-1,-1,-1
294,66,349.29,166.51,65.24,175.73,0.8115,-1,-1,-1
294,63,513.97,1.55,125.80,476.34,0.8183,-1,-1,-1
294,2,24.84,46.08,178.44,433.92,0.8777,-1,-1,-1
295,85,214.00,192.66,38.14,114.65,0.7580,-1,-1,-1
295,80,443.16,8.51,142.98,442.21,0.8817,-1,-1,-1
295,70,244.91,57.79,122.63,414.13,0.8833,-1,-1,-1
295,66,370.50,165.06,59.49,172.34,0.7780,-1,-1,-1
295,63,536.69,69.63,102.69,409.99,0.8526,-1,-1,-1
295,2,39.31,47.08,178.71,432.66,0.7477,-1,-1,-1
296,85,219.82,194.97,40.56,114.64,0.7645,-1,-1,-1
296,80,452.14,1.39,153.55,460.15,0.8690,-1,-1,-1
296,70,250.52,50.31,124.63,425.42,0.8884,-1,-1,-1
296,66,385.49,163.91,56.76,177.28,0.8128,-1,-1,-1
296,63,556.59,63.05,83.25,416.95,0.7014,-1,-1,-1
296,2,1.83,55.29,219.59,423.01,0.8221,-1,-1,-1
297,88,0.21,125.48,69.76,213.20,0.7810,-1,-1,-1
297,85,222.88,195.40,37.52,111.46,0.4856,-1,-1,-1
297,80,460.20,0.00,165.53,465.57,0.8799,-1,-1,-1
297,70,247.60,35.11,132.38,441.68,0.8809,-1,-1,-1
297,66,387.20,161.95,68.44,176.18,0.8627,-1,-1,-1
297,63,590.60,108.19,49.12,332.11,0.4677,-1,-1,-1
297,2,3.46,55.09,224.44,422.95,0.8672,-1,-1,-1
298,88,0.05,120.96,54.07,194.53,0.8388,-1,-1,-1
298,80,467.45,0.14,172.27,479.19,0.9150,-1,-1,-1
298,70,237.51,18.23,143.92,460.86,0.8797,-1,-1,-1
298,66,399.06,166.22,84.62,171.34,0.8573,-1,-1,-1
298,2,50.66,54.74,186.19,424.19,0.7866,-1,-1,-1
299,89,394.24,172.32,36.09,124.48,0.3710,-1,-1,-1
299,88,0.20,117.09,51.78,202.31,0.8598,-1,-1,-1
299,80,472.43,0.39,167.36,479.61,0.9084,-1,-1,-1
299,70,238.90,8.38,139.48,471.62,0.8843,-1,-1,-1
299,66,403.97,168.47,86.18,169.26,0.8671,-1,-1,-1
299,2,62.35,53.51,180.97,424.53,0.8572,-1,-1,-1
300,90,369.45,167.97,49.49,138.12,0.7342,-1,-1,-1
300,89,406.82,174.10,31.34,118.34,0.4042,-1,-1,-1
300,88,0.19,136.68,58.64,198.36,0.8118,-1,-1,-1
300,80,487.79,0.00,151.95,480.00,0.8959,-1,-1,-1
300,70,225.10,0.00,146.21,478.11,0.8594,-1,-1,-1
300,66,411.93,164.60,82.91,171.64,0.8894,-1,-1,-1
300,2,79.88,50.45,164.81,429.55,0.8131,-1,-1,-1
301,90,364.87,166.19,56.03,139.25,0.7594,-1,-1,-1
301,89,404.65,192.09,34.76,102.91,0.4450,-1,-1,-1
301,88,0.18,149.38,61.98,176.59,0.7264,-1,-1,-1
301,80,495.38,0.00,144.59,478.24,0.9061,-1,-1,-1
301,70,208.83,0.00,168.42,480.00,0.9034,-1,-1,-1
301,66,419.48,163.42,78.08,172.55,0.8430,-1,-1,-1
301,53,46.16,151.79,77.49,255.27,0.2931,-1,-1,-1
301,2,87.85,47.66,150.66,431.24,0.8624,-1,-1,-1
302,90,361.05,164.70,71.40,142.21,0.6599,-1,-1,-1
302,88,0.82,145.20,52.86,170.11,0.6397,-1,-1,-1
302,81,442.09,160.11,63.27,173.33,0.7802,-1,-1,-1
302,80,510.92,0.12,129.07,479.88,0.9075,-1,-1,-1
302,70,175.73,0.00,180.50,478.51,0.8283,-1,-1,-1
302,2,96.74,41.97,137.16,432.88,0.7945,-1,-1,-1
303,93,337.03,192.33,31.79,119.10,0.6985,-1,-1,-1
303,92,48.06,101.89,90.17,305.36,0.6893,-1,-1,-1
303,90,381.31,163.03,57.40,143.15,0.6279,-1,-1,-1
303,88,9.94,145.65,52.31,169.43,0.6055,-1,-1,-1
303,81,450.66,158.84,69.17,174.06,0.7804,-1,-1,-1
303,80,526.19,0.00,113.67,480.00,0.9000,-1,-1,-1
303,75,307.93,161.44,39.32,156.16,0.6533,-1,-1,-1
303,70,100.03,0.13,222.69,479.84,0.6799,-1,-1,-1
304,93,335.91,191.57,50.96,122.21,0.6366,-1,-1,-1
304,92,1.71,92.28,118.26,296.96,0.8245,-1,-1,-1
304,90,384.38,160.26,53.76,140.35,0.6639,-1,-1,-1
304,81,460.55,157.72,64.71,173.06,0.8056,-1,-1,-1
304,80,540.10,2.68,99.75,477.32,0.8459,-1,-1,-1
304,78,531.00,183.83,50.30,188.57,0.4728,-1,-1,-1
304,75,281.54,160.88,65.48,154.72,0.5007,-1,-1,-1
304,70,108.12,0.00,187.76,476.45,0.7526,-1,-1,-1
305,93,334.78,189.27,58.47,126.69,0.7112,-1,-1,-1
305,92,0.02,91.03,143.51,302.55,0.8745,-1,-1,-1
305,90,385.92,160.60,50.61,148.47,0.7339,-1,-1,-1
305,83,524.88,142.20,72.57,234.18,0.7762,-1,-1,-1
305,81,463.30,161.65,65.66,171.37,0.8322,-1,-1,-1
305,80,556.54,5.14,83.36,473.82,0.7596,-1,-1,-1
305,75,301.21,156.57,54.35,160.36,0.5843,-1,-1,-1
305,70,85.40,0.73,186.27,469.75,0.3601,-1,-1,-1
306,95,270.75,161.13,37.31,147.17,0.5980,-1,-1,-1
306,93,348.68,188.57,40.56,125.30,0.5545,-1,-1,-1
306,90,383.83,159.18,56.56,148.66,0.7649,-1,-1,-1
306,83,511.88,134.17,93.69,242.98,0.8043,-1,-1,-1
306,81,464.56,161.43,71.45,169.42,0.8049,-1,-1,-1
306,80,577.81,0.00,61.82,480.00,0.4578,-1,-1,-1
306,79,0.51,86.10,85.44,232.32,0.3057,-1,-1,-1
306,75,304.53,153.61,51.84,163.89,0.6876,-1,-1,-1
306,70,3.76,0.80,242.16,466.22,0.3534,-1,-1,-1
307,95,266.37,153.26,41.88,150.17,0.4168,-1,-1,-1
307,93,341.87,187.10,46.41,127.91,0.5542,-1,-1,-1
307,90,385.01,158.67,65.85,148.89,0.7865,-1,-1,-1
307,83,507.72,128.09,110.92,249.65,0.8132,-1,-1,-1
307,81,466.96,164.42,61.95,169.65,0.7173,-1,-1,-1
307,75,304.94,152.78,51.91,166.17,0.7663,-1,-1,-1
307,72,177.15,100.11,101.06,337.53,0.6156,-1,-1,-1
307,70,0.29,0.36,214.43,477.48,0.3875,-1,-1,-1
308,100,468.07,168.38,29.36,122.20,0.4673,-1,-1,-1
308,95,274.18,179.87,32.61,111.61,0.4042,-1,-1,-1
308,93,354.62,185.63,35.45,129.51,0.7032,-1,-1,-1
308,90,384.32,159.01,74.32,147.98,0.8040,-1,-1,-1
308,83,496.57,123.40,123.08,259.14,0.8262,-1,-1,-1
308,81,477.37,173.76,60.25,154.12,0.3117,-1,-1,-1
308,75,307.97,151.02,51.09,168.48,0.7903,-1,-1,-1
308,72,150.06,58.71,137.17,416.50,0.8631,-1,-1,-1
309,100,467.64,169.19,33.38,121.21,0.6658,-1,-1,-1
309,93,363.57,185.07,36.83,128.93,0.6370,-1,-1,-1
309,92,0.16,0.74,107.36,478.29,0.5364,-1,-1,-1
309,90,389.29,158.38,71.02,150.76,0.8140,-1,-1,-1
309,83,490.41,118.59,136.41,282.30,0.8728,-1,-1,-1
309,75,309.19,150.86,70.17,169.53,0.8433,-1,-1,-1
309,72,115.56,57.22,179.36,422.78,0.8760,-1,-1,-1
310,100,463.92,175.59,37.96,117.75,0.6793,-1,-1,-1
310,93,363.39,186.02,54.50,131.65,0.6415,-1,-1,-1
310,90,394.78,159.08,61.90,153.95,0.7615,-1,-1,-1
310,83,496.58,119.49,138.21,292.81,0.8440,-1,-1,-1
310,75,305.27,152.36,79.64,171.79,0.8537,-1,-1,-1
310,72,105.03,85.58,187.23,394.42,0.8673,-1,-1,-1
310,2,77.19,85.42,85.86,320.26,0.6474,-1,-1,-1
311,100,459.78,177.32,38.07,116.20,0.7471,-1,-1,-1
311,93,364.47,187.53,56.56,133.24,0.6605,-1,-1,-1
311,90,396.43,159.32,59.94,157.63,0.7741,-1,-1,-1
311,88,0.15,153.35,43.04,155.02,0.5226,-1,-1,-1
311,83,494.44,115.25,143.99,317.54,0.8847,-1,-1,-1
311,75,297.71,152.84,84.73,173.79,0.8541,-1,-1,-1
311,72,117.44,82.36,170.17,397.64,0.8417,-1,-1,-1
311,2,38.00,72.98,111.28,370.71,0.8240,-1,-1,-1
312,100,453.70,177.48,36.29,116.08,0.7328,-1,-1,-1
312,95,269.32,176.04,33.46,138.24,0.2755,-1,-1,-1
312,93,362.68,189.27,56.00,134.00,0.6159,-1,-1,-1
312,90,396.71,153.78,60.84,164.01,0.7224,-1,-1,-1
312,83,489.70,105.98,144.71,333.00,0.8926,-1,-1,-1
312,75,292.74,150.86,87.26,178.30,0.8819,-1,-1,-1
312,72,114.91,62.48,166.36,415.66,0.8811,-1,-1,-1
312,2,0.00,60.79,125.26,392.39,0.8998,-1,-1,-1
313,100,445.99,178.13,38.13,113.77,0.7120,-1,-1,-1
313,95,271.95,177.32,36.52,139.08,0.3455,-1,-1,-1
313,93,358.78,188.73,53.43,137.79,0.6820,-1,-1,-1
313,90,397.40,156.67,59.91,162.38,0.7334,-1,-1,-1
313,83,483.54,95.39,144.88,348.25,0.8804,-1,-1,-1
313,75,295.31,150.07,83.24,180.71,0.8425,-1,-1,-1
313,72,108.47,68.82,168.93,409.89,0.8785,-1,-1,-1
313,2,0.00,51.41,99.35,412.49,0.8864,-1,-1,-1
314,100,444.12,177.37,34.82,114.23,0.6567,-1,-1,-1
314,93,364.14,185.09,47.87,140.33,0.7039,-1,-1,-1
314,90,399.29,155.86,59.20,164.25,0.7813,-1,-1,-1
314,83,479.67,85.47,149.98,362.89,0.8714,-1,-1,-1
314,75,300.77,148.92,80.82,183.42,0.8190,-1,-1,-1
314,72,108.33,66.11,171.66,413.85,0.8714,-1,-1,-1
314,2,0.09,38.57,82.94,435.59,0.8191,-1,-1,-1
315,102,5.13,149.65,84.95,181.63,0.7585,-1,-1,-1
315,93,375.83,189.79,47.70,145.21,0.6789,-1,-1,-1
315,90,406.38,159.73,67.21,162.43,0.7406,-1,-1,-1
315,83,479.34,78.80,159.71,394.21,0.8983,-1,-1,-1
315,75,314.84,152.10,63.25,187.54,0.8029,-1,-1,-1
315,72,114.37,69.32,173.65,410.68,0.8883,-1,-1,-1
316,102,19.56,145.78,65.00,179.26,0.8003,-1,-1,-1
316,93,374.44,188.69,72.71,145.28,0.8180,-1,-1,-1
316,90,416.28,156.79,61.75,162.06,0.7188,-1,-1,-1
316,83,480.75,66.88,158.62,413.12,0.9018,-1,-1,-1
316,75,318.98,146.24,67.16,192.90,0.7824,-1,-1,-1
316,72,118.52,64.93,178.02,415.07,0.8936,-1,-1,-1
317,102,31.40,145.69,55.99,178.25,0.8410,-1,-1,-1
317,93,386.84,188.65,77.08,148.20,0.5474,-1,-1,-1
317,90,427.49,156.16,58.50,167.40,0.7290,-1,-1,-1
317,83,488.00,51.69,151.94,428.31,0.9216,-1,-1,-1
317,75,324.17,143.79,79.64,197.19,0.8410,-1,-1,-1
317,72,124.79,65.47,178.51,413.49,0.8970,-1,-1,-1
318,102,32.85,146.13,58.85,179.31,0.8350,-1,-1,-1
318,93,397.82,185.08,73.08,151.83,0.7631,-1,-1,-1
318,90,435.07,156.69,58.87,166.57,0.7450,-1,-1,-1
318,83,492.12,41.17,147.81,438.83,0.9193,-1,-1,-1
318,75,326.64,142.00,84.15,200.43,0.8617,-1,-1,-1
318,72,129.25,67.47,184.47,412.53,0.8459,-1,-1,-1
319,102,37.47,145.74,61.53,176.99,0.8264,-1,-1,-1
319,93,407.62,183.74,71.98,151.88,0.5634,-1,-1,-1
319,90,443.65,149.86,59.36,171.34,0.6665,-1,-1,-1
319,83,503.43,14.81,136.39,463.12,0.9129,-1,-1,-1
319,75,330.81,126.13,96.08,216.43,0.8664,-1,-1,-1
319,72,137.72,71.30,178.37,406.68,0.8765,-1,-1,-1
320,102,33.60,143.15,72.59,177.16,0.8178,-1,-1,-1
320,93,421.33,172.46,63.48,162.27,0.6893,-1,-1,-1
320,90,459.22,145.58,59.05,175.73,0.4718,-1,-1,-1
320,83,518.57,0.00,121.18,480.00,0.8849,-1,-1,-1
320,75,332.89,132.41,102.88,208.74,0.8862,-1,-1,-1
320,72,149.99,74.67,176.18,404.67,0.8649,-1,-1,-1
321,106,152.28,119.73,57.20,191.48,0.4292,-1,-1,-1
321,102,44.79,135.36,70.51,179.67,0.8634,-1,-1,-1
321,99,459.17,171.91,39.70,161.45,0.5411,-1,-1,-1
321,95,329.45,162.42,45.59,140.36,0.3487,-1,-1,-1
321,91,525.88,165.92,35.57,133.65,0.4954,-1,-1,-1
321,81,547.26,51.26,92.59,426.62,0.3471,-1,-1,-1
321,75,343.60,125.30,102.76,215.58,0.8861,-1,-1,-1
321,72,171.34,52.98,167.85,426.54,0.8705,-1,-1,-1
322,106,144.67,111.72,69.37,196.36,0.7456,-1,-1,-1
322,102,58.04,129.49,65.51,177.90,0.8230,-1,-1,-1
322,95,344.81,156.07,48.25,133.30,0.5332,-1,-1,-1
322,93,472.13,160.34,65.12,170.62,0.6780,-1,-1,-1
322,91,544.14,157.12,40.79,137.76,0.4816,-1,-1,-1
322,75,356.68,116.46,102.99,219.29,0.8588,-1,-1,-1
322,72,184.14,44.75,169.98,435.25,0.8802,-1,-1,-1
323,108,467.50,165.09,38.34,108.58,0.7130,-1,-1,-1
323,106,141.04,103.24,79.20,217.97,0.8354,-1,-1,-1
323,102,74.39,125.31,59.60,176.03,0.8201,-1,-1,-1
323,99,482.39,162.53,63.33,169.22,0.5735,-1,-1,-1
323,95,361.05,156.33,50.70,112.28,0.4356,-1,-1,-1
323,91,542.69,151.25,57.80,144.65,0.5030,-1,-1,-1
323,75,385.18,113.74,93.32,225.40,0.8612,-1,-1,-1
323,72,197.68,39.66,174.53,440.34,0.9011,-1,-1,-1
324,108,474.57,163.13,34.62,108.29,0.6748,-1,-1,-1
324,106,136.33,97.22,84.02,223.67,0.8335,-1,-1,-1
324,102,79.20,122.55,59.99,176.39,0.7950,-1,-1,-1
324,99,489.64,157.44,100.92,174.24,0.7861,-1,-1,-1
324,95,370.99,149.64,53.11,168.99,0.5656,-1,-1,-1
324,75,403.80,108.19,81.32,229.70,0.8248,-1,-1,-1
324,72,205.16,31.73,178.99,448.27,0.9034,-1,-1,-1
325,106,125.53,91.66,87.18,242.37,0.8381,-1,-1,-1
325,102,67.15,122.51,76.83,176.66,0.7950,-1,-1,-1
325,95,380.92,143.85,52.33,175.78,0.7265,-1,-1,-1
325,93,568.76,165.38,38.43,149.87,0.3107,-1,-1,-1
325,91,512.31,152.75,90.15,178.32,0.7680,-1,-1,-1
325,75,421.64,100.30,76.49,238.25,0.8089,-1,-1,-1
325,72,216.38,32.86,180.21,447.14,0.9066,-1,-1,-1
326,106,116.71,89.23,90.58,248.57,0.8178,-1,-1,-1
326,102,66.23,124.32,85.99,178.51,0.7127,-1,-1,-1
326,100,512.79,118.38,74.93,197.36,0.4443,-1,-1,-1
326,95,387.42,142.34,50.29,177.69,0.6698,-1,-1,-1
326,93,584.27,165.44,37.50,148.93,0.4571,-1,-1,-1
326,91,530.77,151.13,77.21,180.25,0.6981,-1,-1,-1
326,75,431.81,98.30,75.45,244.22,0.8656,-1,-1,-1
326,72,216.09,36.49,183.37,443.48,0.8993,-1,-1,-1
327,106,99.68,81.41,95.96,259.00,0.8709,-1,-1,-1
327,102,74.01,124.12,70.04,176.18,0.6387,-1,-1,-1
327,100,515.39,113.61,85.59,200.98,0.7679,-1,-1,-1
327,95,394.17,139.82,52.87,178.39,0.7289,-1,-1,-1
327,90,563.34,144.13,67.66,184.05,0.8159,-1,-1,-1
327,75,433.87,94.07,87.01,248.44,0.8880,-1,-1,-1
327,72,219.49,37.79,187.08,440.33,0.8833,-1,-1,-1
328,110,0.06,125.60,32.22,159.02,0.7583,-1,-1,-1
328,106,89.15,78.30,92.10,277.95,0.7852,-1,-1,-1
328,102,60.64,136.27,66.41,166.01,0.2629,-1,-1,-1
328,100,520.24,111.14,89.24,212.44,0.4250,-1,-1,-1
328,99,513.12,137.14,46.18,158.30,0.4084,-1,-1,-1
328,95,401.63,138.96,48.53,132.27,0.3023,-1,-1,-1
328,90,568.76,143.68,71.02,191.37,0.7823,-1,-1,-1
328,75,429.69,94.00,101.46,250.52,0.8788,-1,-1,-1
328,72,208.78,41.18,206.31,434.80,0.8396,-1,-1,-1
329,106,53.19,67.74,111.75,291.84,0.8753,-1,-1,-1
329,104,0.26,125.06,46.59,157.63,0.7695,-1,-1,-1
329,100,537.51,107.46,72.82,208.54,0.5157,-1,-1,-1
329,99,511.78,138.02,54.32,155.46,0.4948,-1,-1,-1
329,95,407.66,137.47,45.98,138.73,0.4208,-1,-1,-1
329,90,564.47,146.06,75.32,189.20,0.8077,-1,-1,-1
329,75,424.06,92.63,107.08,254.07,0.8939,-1,-1,-1
329,72,223.57,40.05,193.67,439.95,0.8232,-1,-1,-1
330,106,44.11,62.02,107.81,307.39,0.8381,-1,-1,-1
330,104,0.11,130.86,47.61,156.14,0.6365,-1,-1,-1
330,100,552.97,109.08,58.88,217.31,0.5737,-1,-1,-1
330,99,503.67,138.23,60.48,161.22,0.6628,-1,-1,-1
330,95,410.38,140.27,47.74,151.38,0.5149,-1,-1,-1
330,90,559.80,149.98,80.13,190.29,0.7780,-1,-1,-1
330,75,421.37,94.30,106.33,259.50,0.8873,-1,-1,-1
330,72,241.97,34.95,179.98,445.05,0.8506,-1,-1,-1
331,106,22.57,54.08,114.96,319.61,0.8639,-1,-1,-1
331,104,0.16,132.18,46.65,158.17,0.6217,-1,-1,-1
331,100,562.06,110.76,56.99,227.99,0.7401,-1,-1,-1
331,99,498.68,138.45,62.78,162.07,0.5724,-1,-1,-1
331,95,391.89,142.18,73.39,191.93,0.6657,-1,-1,-1
331,75,427.21,94.73,101.36,263.23,0.8693,-1,-1,-1
331,72,241.63,32.76,182.00,447.24,0.8659,-1,-1,-1
332,106,3.97,41.36,110.11,339.24,0.8851,-1,-1,-1
332,100,560.64,106.99,72.73,218.51,0.7998,-1,-1,-1
332,95,412.36,136.49,56.34,198.25,0.6836,-1,-1,-1
332,90,585.71,152.49,54.21,185.11,0.2960,-1,-1,-1
332,75,446.57,88.81,95.46,264.90,0.8648,-1,-1,-1
332,72,240.47,27.46,184.92,452.41,0.9126,-1,-1,-1
333,108,523.66,139.39,27.56,97.68,0.4556,-1,-1,-1
333,106,0.00,34.13,99.56,351.77,0.9165,-1,-1,-1
333,100,559.43,108.98,80.42,226.24,0.8702,-1,-1,-1
333,95,423.08,131.79,52.95,206.36,0.8001,-1,-1,-1
333,75,456.13,88.06,85.77,265.14,0.8395,-1,-1,-1
333,72,243.45,25.38,181.99,454.62,0.8930,-1,-1,-1
334,106,0.21,23.90,67.16,367.76,0.8868,-1,-1,-1
334,102,40.61,120.60,59.41,176.46,0.6977,-1,-1,-1
334,100,552.52,108.82,87.35,222.03,0.9007,-1,-1,-1
334,95,418.60,130.10,60.89,211.63,0.8473,-1,-1,-1
334,75,462.37,83.31,92.61,271.35,0.8788,-1,-1,-1
334,72,240.43,29.80,180.91,450.20,0.8954,-1,-1,-1
335,111,77.95,174.91,29.00,88.76,0.4101,-1,-1,-1
335,106,0.13,45.65,49.10,354.97,0.8330,-1,-1,-1
335,102,28.34,121.23,71.04,181.37,0.7376,-1,-1,-1
335,100,548.92,110.92,90.94,220.61,0.8956,-1,-1,-1
335,95,416.20,132.56,57.50,213.15,0.6963,-1,-1,-1
335,75,463.76,84.74,90.52,271.62,0.8360,-1,-1,-1
335,72,240.26,29.46,179.69,447.77,0.9059,-1,-1,-1
336,106,0.00,121.09,39.75,174.03,0.3885,-1,-1,-1
336,102,26.68,115.78,61.69,178.22,0.7521,-1,-1,-1
336,100,552.84,104.40,86.99,225.65,0.8826,-1,-1,-1
336,95,410.43,128.52,81.05,219.24,0.6553,-1,-1,-1
336,75,464.28,77.92,100.58,273.60,0.8487,-1,-1,-1
336,72,240.64,22.75,178.09,454.24,0.9050,-1,-1,-1
337,102,28.85,110.84,56.25,174.94,0.8423,-1,-1,-1
337,100,572.27,97.31,67.60,223.49,0.8724,-1,-1,-1
337,95,410.45,120.07,94.10,229.29,0.7624,-1,-1,-1
337,75,464.85,71.67,114.65,273.96,0.8443,-1,-1,-1
337,72,240.36,13.02,182.13,466.98,0.9129,-1,-1,-1
338,102,25.14,113.49,62.86,179.42,0.8275,-1,-1,-1
338,100,594.76,97.03,45.17,223.15,0.8011,-1,-1,-1
338,95,425.57,116.56,70.64,226.37,0.7688,-1,-1,-1
338,75,469.02,69.37,114.36,284.62,0.8408,-1,-1,-1
338,72,240.78,19.98,186.35,459.30,0.9027,-1,-1,-1
339,117,193.51,210.38,14.18,28.23,0.4361,-1,-1,-1
339,116,0.00,154.79,26.69,136.57,0.4014,-1,-1,-1
339,102,23.68,113.33,63.53,181.45,0.8276,-1,-1,-1
339,100,595.37,94.32,44.63,229.66,0.8486,-1,-1,-1
339,95,432.33,115.68,71.46,221.53,0.7680,-1,-1,-1
339,75,465.62,68.96,118.21,288.97,0.8681,-1,-1,-1
339,72,240.60,17.05,186.85,462.95,0.9062,-1,-1,-1
340,117,188.19,198.21,15.93,40.72,0.4480,-1,-1,-1
340,116,0.11,114.95,22.86,174.60,0.5376,-1,-1,-1
340,102,13.74,113.30,94.97,182.48,0.8413,-1,-1,-1
340,100,603.28,94.70,36.45,229.84,0.8175,-1,-1,-1
340,95,460.26,116.86,53.93,213.66,0.7128,-1,-1,-1
340,75,467.54,67.88,130.28,289.53,0.8770,-1,-1,-1
340,72,241.99,12.45,191.90,467.55,0.8863,-1,-1,-1
341,119,433.89,108.18,53.54,210.47,0.7800,-1,-1,-1
341,116,0.04,115.48,27.69,173.78,0.6964,-1,-1,-1
341,102,2.50,117.30,112.56,181.94,0.8640,-1,-1,-1
341,100,610.20,120.31,29.66,208.50,0.6625,-1,-1,-1
341,95,475.78,120.48,53.72,224.53,0.7191,-1,-1,-1
341,75,496.18,65.84,118.43,294.93,0.8618,-1,-1,-1
341,72,250.40,14.94,185.54,465.06,0.8715,-1,-1,-1
342,122,228.56,170.29,35.65,86.66,0.6955,-1,-1,-1
342,119,432.63,104.27,65.65,218.34,0.7182,-1,-1,-1
342,116,0.00,113.60,36.69,177.51,0.7069,-1,-1,-1
342,102,0.02,117.05,113.45,181.61,0.8865,-1,-1,-1
342,100,612.75,105.51,27.02,224.55,0.4782,-1,-1,-1
342,95,486.51,112.93,60.79,236.64,0.8003,-1,-1,-1
342,75,516.74,60.17,114.38,299.87,0.8154,-1,-1,-1
342,72,252.10,14.12,194.43,465.88,0.8401,-1,-1,-1
343,122,222.94,173.52,38.27,88.89,0.7600,-1,-1,-1
343,119,453.29,104.05,57.58,219.84,0.7998,-1,-1,-1
343,116,0.28,119.68,51.56,182.11,0.7693,-1,-1,-1
343,102,24.89,119.88,87.64,173.89,0.8432,-1,-1,-1
343,95,497.03,117.43,72.16,239.90,0.7783,-1,-1,-1
343,75,546.29,59.85,93.32,308.35,0.8511,-1,-1,-1
343,72,248.70,17.02,215.79,462.98,0.8245,-1,-1,-1
344,122,219.72,172.89,37.09,90.51,0.7700,-1,-1,-1
344,119,459.94,103.72,57.09,228.99,0.7392,-1,-1,-1
344,116,0.19,121.83,56.06,177.74,0.7613,-1,-1,-1
344,102,36.28,119.93,73.58,177.72,0.8142,-1,-1,-1
344,95,500.15,120.86,80.84,238.68,0.8537,-1,-1,-1
344,75,557.58,58.74,82.25,316.31,0.8875,-1,-1,-1
344,72,258.15,14.94,214.23,465.06,0.8382,-1,-1,-1
345,122,207.87,169.72,45.53,94.43,0.7456,-1,-1,-1
345,119,466.37,97.94,49.69,235.04,0.4731,-1,-1,-1
345,116,0.06,122.96,68.68,171.58,0.8403,-1,-1,-1
345,102,61.01,115.70,51.51,180.49,0.8050,-1,-1,-1
345,95,514.47,117.48,80.28,241.94,0.8285,-1,-1,-1
345,75,575.21,55.74,64.70,321.21,0.8783,-1,-1,-1
345,72,273.67,4.87,215.76,473.24,0.8087,-1,-1,-1
346,122,208.42,176.17,47.87,95.61,0.7929,-1,-1,-1
346,119,461.93,103.77,55.96,245.56,0.4935,-1,-1,-1
346,116,0.53,132.59,77.17,170.37,0.8447,-1,-1,-1
346,102,73.52,125.25,50.06,179.61,0.7773,-1,-1,-1
346,95,543.32,116.04,83.98,255.74,0.7942,-1,-1,-1
346,75,595.87,58.95,43.87,329.50,0.7633,-1,-1,-1
346,72,298.73,5.17,196.90,474.83,0.7968,-1,-1,-1
347,122,214.23,176.24,44.44,96.58,0.7566,-1,-1,-1
347,119,489.92,96.13,57.33,247.15,0.4443,-1,-1,-1
347,116,9.11,130.76,76.81,174.84,0.8244,-1,-1,-1
347,102,84.68,128.93,62.90,177.41,0.8375,-1,-1,-1
347,95,570.74,113.18,69.15,264.47,0.8130,-1,-1,-1
347,72,304.64,1.50,206.74,478.50,0.8326,-1,-1,-1
348,122,214.65,170.74,40.72,99.90,0.6570,-1,-1,-1
348,119,491.43,86.12,83.95,263.78,0.3049,-1,-1,-1
348,116,26.83,126.24,63.09,174.17,0.7701,-1,-1,-1
348,102,84.65,128.65,77.67,173.50,0.8690,-1,-1,-1
348,95,583.41,107.21,56.49,258.61,0.8473,-1,-1,-1
348,72,313.37,1.39,204.46,478.61,0.7764,-1,-1,-1
349,122,207.68,170.78,43.65,102.09,0.5479,-1,-1,-1
349,119,500.43,82.94,63.71,279.28,0.5499,-1,-1,-1
349,116,50.58,128.55,54.94,174.70,0.7852,-1,-1,-1
349,102,85.73,133.21,85.00,169.18,0.8357,-1,-1,-1
349,95,597.48,112.96,42.50,258.51,0.7199,-1,-1,-1
349,72,317.63,1.75,208.75,476.49,0.8062,-1,-1,-1
350,128,25.84,158.52,36.06,117.56,0.5303,-1,-1,-1
350,122,203.63,170.21,43.47,104.09,0.6748,-1,-1,-1
350,119,508.33,78.63,57.71,300.34,0.7982,-1,-1,-1
350,116,52.87,130.38,54.75,170.79,0.7859,-1,-1,-1
350,102,85.82,131.00,84.89,174.33,0.8514,-1,-1,-1
350,95,607.74,134.50,32.26,239.28,0.6293,-1,-1,-1
350,72,319.12,1.17,207.69,478.83,0.8556,-1,-1,-1
351,128,23.26,154.10,42.78,120.11,0.5894,-1,-1,-1
351,122,198.48,167.83,45.17,103.32,0.6916,-1,-1,-1
351,119,512.75,62.75,66.65,329.61,0.7698,-1,-1,-1
351,116,51.40,128.60,84.42,170.02,0.8459,-1,-1,-1
351,102,119.10,127.04,52.52,170.42,0.8051,-1,-1,-1
351,72,321.03,1.21,211.65,478.79,0.8401,-1,-1,-1
352,128,25.57,151.35,47.48,120.81,0.3489,-1,-1,-1
352,122,194.38,165.20,46.25,107.86,0.7718,-1,-1,-1
352,119,510.33,59.12,90.82,346.36,0.5611,-1,-1,-1
352,116,52.47,130.05,99.45,165.58,0.8871,-1,-1,-1
352,104,0.00,108.14,47.18,244.08,0.4304,-1,-1,-1
352,102,133.23,125.21,50.86,170.40,0.8240,-1,-1,-1
352,72,324.42,1.32,196.58,476.78,0.8305,-1,-1,-1
353,128,27.55,144.24,42.87,124.68,0.3288,-1,-1,-1
353,122,196.51,160.32,42.94,109.48,0.5693,-1,-1,-1
353,119,515.19,49.09,105.53,370.64,0.8688,-1,-1,-1
353,116,57.81,130.90,92.97,161.96,0.8760,-1,-1,-1
353,104,0.15,87.73,34.59,257.81,0.7840,-1,-1,-1
353,102,144.10,120.96,54.43,171.86,0.8178,-1,-1,-1
353,72,328.85,1.03,204.26,478.85,0.8403,-1,-1,-1
354,132,530.42,56.96,40.06,71.18,0.5130,-1,-1,-1
354,128,32.50,146.88,43.32,126.74,0.2613,-1,-1,-1
354,122,197.36,164.76,37.73,105.98,0.6842,-1,-1,-1
354,119,524.69,43.52,114.13,384.87,0.9041,-1,-1,-1
354,116,66.10,133.77,87.32,163.33,0.8426,-1,-1,-1
354,104,0.27,88.42,43.59,263.76,0.7611,-1,-1,-1
354,102,151.59,126.41,62.84,171.95,0.8322,-1,-1,-1
354,72,329.51,1.35,211.71,477.94,0.8394,-1,-1,-1
355,132,537.31,47.57,47.62,110.78,0.5609,-1,-1,-1
355,119,548.76,32.85,91.08,406.51,0.8924,-1,-1,-1
355,116,96.59,133.74,73.98,163.25,0.8368,-1,-1,-1
355,104,0.11,70.86,70.90,298.88,0.8493,-1,-1,-1
355,102,151.91,134.83,87.99,166.49,0.8619,-1,-1,-1
355,72,327.42,0.74,224.80,476.26,0.7049,-1,-1,-1
356,132,540.27,33.49,51.96,129.55,0.2728,-1,-1,-1
356,119,558.52,13.87,81.34,421.90,0.8952,-1,-1,-1
356,116,112.98,127.38,59.34,163.91,0.7902,-1,-1,-1
356,104,0.05,42.91,78.09,317.67,0.8704,-1,-1,-1
356,102,148.51,130.42,90.10,166.06,0.8628,-1,-1,-1
356,72,326.93,0.59,235.53,471.04,0.6621,-1,-1,-1
357,132,535.70,20.16,67.15,358.67,0.5879,-1,-1,-1
357,119,575.69,11.48,64.21,468.52,0.7955,-1,-1,-1
357,116,125.50,125.96,55.29,161.17,0.7951,-1,-1,-1
357,104,0.00,39.37,104.46,309.41,0.9116,-1,-1,-1
357,102,157.10,127.66,79.06,166.36,0.8381,-1,-1,-1
357,72,325.42,0.61,235.00,479.39,0.7511,-1,-1,-1
358,133,225.86,202.50,14.15,47.70,0.2603,-1,-1,-1
358,132,534.89,20.41,79.63,375.31,0.8244,-1,-1,-1
358,122,172.23,130.29,61.06,164.96,0.7143,-1,-1,-1
358,119,585.30,64.43,54.44,381.99,0.7906,-1,-1,-1
358,116,126.06,132.28,60.08,162.21,0.8413,-1,-1,-1
358,104,0.13,45.27,107.43,307.43,0.9061,-1,-1,-1
358,72,327.81,0.86,237.45,479.14,0.7974,-1,-1,-1
359,132,532.39,42.74,82.61,388.03,0.8600,-1,-1,-1
359,119,594.68,87.62,45.10,370.68,0.7897,-1,-1,-1
359,116,117.52,160.05,75.98,157.74,0.8435,-1,-1,-1
359,104,0.02,79.07,98.79,303.97,0.9116,-1,-1,-1
359,102,186.99,153.89,46.31,164.30,0.7842,-1,-1,-1
359,72,329.06,16.81,232.48,459.59,0.8331,-1,-1,-1
360,132,535.65,42.07,98.91,405.98,0.8534,-1,-1,-1
360,119,614.04,106.74,25.73,211.55,0.3686,-1,-1,-1
360,116,117.49,162.29,75.93,164.29,0.8403,-1,-1,-1
360,104,0.02,85.28,94.18,306.80,0.9074,-1,-1,-1
360,102,193.39,161.08,42.19,165.30,0.8011,-1,-1,-1
360,72,332.05,28.35,230.26,449.00,0.8131,-1,-1,-1
361,132,526.97,21.24,112.84,422.46,0.8875,-1,-1,-1
361,116,116.59,161.06,69.60,160.77,0.8033,-1,-1,-1
361,104,0.07,75.07,87.04,315.02,0.9181,-1,-1,-1
361,102,188.83,157.58,47.87,164.83,0.8306,-1,-1,-1
361,72,334.54,19.03,224.93,456.72,0.8067,-1,-1,-1
362,132,526.36,0.00,113.54,443.80,0.8871,-1,-1,-1
362,116,135.16,154.07,48.28,155.48,0.7194,-1,-1,-1
362,104,0.26,65.90,89.84,321.38,0.8995,-1,-1,-1
362,102,181.19,154.31,55.29,162.59,0.8650,-1,-1,-1
362,72,335.22,11.82,222.41,465.94,0.8219,-1,-1,-1
363,134,97.10,174.20,48.33,135.16,0.7428,-1,-1,-1
363,132,534.06,0.00,105.78,453.53,0.8737,-1,-1,-1
363,116,139.44,154.66,47.24,156.06,0.7851,-1,-1,-1
363,104,0.08,67.46,97.92,325.61,0.8985,-1,-1,-1
363,102,178.96,157.20,62.08,162.64,0.8109,-1,-1,-1
363,72,340.83,12.69,220.10,463.58,0.8706,-1,-1,-1
364,134,93.55,180.01,46.52,138.20,0.7116,-1,-1,-1
364,132,546.82,2.16,93.02,477.84,0.8256,-1,-1,-1
364,116,146.61,163.07,46.91,157.45,0.8068,-1,-1,-1
364,104,0.00,76.46,104.30,327.32,0.8798,-1,-1,-1
364,102,183.08,164.10,58.93,164.01,0.8289,-1,-1,-1
364,72,353.43,18.31,206.41,458.48,0.8308,-1,-1,-1
365,134,81.32,178.22,50.54,145.65,0.3854,-1,-1,-1
365,132,548.54,37.59,91.29,441.36,0.8246,-1,-1,-1
365,116,142.63,168.75,53.42,157.40,0.8375,-1,-1,-1
365,104,0.05,84.84,103.33,323.13,0.8847,-1,-1,-1
365,102,192.80,168.80,48.70,160.52,0.8368,-1,-1,-1
365,72,352.30,21.51,202.69,458.49,0.8641,-1,-1,-1
366,132,570.70,29.79,69.17,445.95,0.8544,-1,-1,-1
366,116,129.62,160.60,83.90,153.69,0.8549,-1,-1,-1
366,104,0.06,72.49,101.97,321.11,0.8833,-1,-1,-1
366,102,193.29,155.01,48.49,160.11,0.8535,-1,-1,-1
366,72,350.66,17.61,199.77,462.39,0.8090,-1,-1,-1
367,132,595.56,37.36,44.23,441.56,0.4231,-1,-1,-1
367,116,132.36,152.10,76.16,151.63,0.8683,-1,-1,-1
367,104,0.00,63.44,113.53,320.67,0.6887,-1,-1,-1
367,102,201.46,147.61,49.64,158.96,0.8118,-1,-1,-1
367,72,357.74,12.73,202.28,467.27,0.7831,-1,-1,-1
368,116,142.63,154.97,72.45,151.24,0.8737,-1,-1,-1
368,104,0.00,65.93,122.26,323.00,0.9084,-1,-1,-1
368,102,212.61,149.19,55.95,159.27,0.8367,-1,-1,-1
368,72,369.53,14.21,206.88,461.50,0.7972,-1,-1,-1
369,116,161.14,160.01,67.51,153.05,0.8360,-1,-1,-1
369,104,0.00,77.20,135.28,309.86,0.9081,-1,-1,-1
369,102,222.54,156.31,66.76,159.78,0.8792,-1,-1,-1
369,72,382.85,14.91,208.30,465.09,0.7992,-1,-1,-1
370,137,0.00,207.44,32.78,167.38,0.4450,-1,-1,-1
370,116,175.74,161.69,57.26,149.53,0.8049,-1,-1,-1
370,104,0.00,77.56,135.33,305.31,0.9045,-1,-1,-1
370,102,219.99,162.03,67.90,157.15,0.8730,-1,-1,-1
370,72,376.03,30.06,147.39,443.11,0.3531,-1,-1,-1
371,137,0.06,218.89,44.39,153.76,0.2539,-1,-1,-1
371,116,188.15,156.81,49.87,153.39,0.8103,-1,-1,-1
371,104,0.00,74.75,135.04,308.12,0.8934,-1,-1,-1
371,102,221.51,159.95,65.86,157.42,0.8603,-1,-1,-1
371,72,377.37,6.84,232.86,472.46,0.7239,-1,-1,-1
372,138,391.76,0.52,239.24,474.26,0.7739,-1,-1,-1
372,137,0.05,161.12,41.81,213.68,0.4373,-1,-1,-1
372,116,195.07,158.60,50.71,151.41,0.8387,-1,-1,-1
372,104,7.99,73.55,132.05,307.66,0.8884,-1,-1,-1
372,102,231.00,159.13,61.58,155.23,0.8309,-1,-1,-1
373,138,389.64,0.46,249.76,477.72,0.7730,-1,-1,-1
373,137,0.18,110.67,38.17,269.05,0.5748,-1,-1,-1
373,116,206.04,159.20,54.95,150.64,0.7865,-1,-1,-1
373,104,21.44,79.75,131.19,307.83,0.8768,-1,-1,-1
373,102,249.92,156.93,55.45,157.80,0.8102,-1,-1,-1
374,140,186.96,220.83,20.30,49.38,0.6453,-1,-1,-1
374,137,0.11,105.82,48.04,275.65,0.8111,-1,-1,-1
374,116,212.24,165.22,60.26,146.89,0.8291,-1,-1,-1
374,104,26.97,85.17,133.17,310.79,0.9135,-1,-1,-1
374,102,267.28,158.36,45.24,157.49,0.8150,-1,-1,-1
374,72,395.94,0.61,243.83,479.39,0.8052,-1,-1,-1
375,140,187.86,221.11,17.77,47.63,0.4484,-1,-1,-1
375,137,0.06,102.34,51.09,281.00,0.8408,-1,-1,-1
375,116,214.54,164.42,60.33,146.96,0.8252,-1,-1,-1
375,104,29.93,79.61,127.68,319.35,0.9087,-1,-1,-1
375,102,273.44,157.57,44.91,157.49,0.8192,-1,-1,-1
375,72,416.68,0.38,223.00,479.62,0.8331,-1,-1,-1
376,140,187.44,218.71,18.73,48.53,0.4895,-1,-1,-1
376,137,0.18,99.96,60.40,281.17,0.8471,-1,-1,-1
376,116,221.69,162.29,55.13,149.59,0.8276,-1,-1,-1
376,104,34.62,79.87,130.08,312.50,0.8995,-1,-1,-1
376,102,277.80,159.62,45.34,154.14,0.8114,-1,-1,-1
376,72,427.31,0.78,212.47,479.22,0.8702,-1,-1,-1
377,141,445.80,192.57,40.79,89.79,0.6946,-1,-1,-1
377,140,185.87,217.28,20.25,49.73,0.5288,-1,-1,-1
377,137,0.23,96.91,65.47,289.52,0.8691,-1,-1,-1
377,116,229.64,159.50,48.23,145.61,0.8411,-1,-1,-1
377,104,35.59,73.15,137.02,314.84,0.9036,-1,-1,-1
377,102,279.28,161.03,47.77,153.88,0.8217,-1,-1,-1
377,72,454.33,18.32,185.15,460.69,0.8271,-1,-1,-1
378,141,447.99,193.09,39.71,91.49,0.7469,-1,-1,-1
378,140,186.79,216.89,18.89,48.88,0.4006,-1,-1,-1
378,137,0.20,96.39,66.78,290.71,0.8417,-1,-1,-1
378,116,234.20,159.13,45.17,147.72,0.8088,-1,-1,-1
378,104,44.09,72.55,131.07,305.47,0.9042,-1,-1,-1
378,102,281.63,159.67,48.50,156.01,0.7886,-1,-1,-1
378,72,480.30,26.63,159.26,451.22,0.7827,-1,-1,-1
379,141,446.73,191.31,41.60,88.44,0.7358,-1,-1,-1
379,138,505.17,40.95,134.69,439.05,0.8235,-1,-1,-1
379,137,0.20,95.66,55.33,276.48,0.8316,-1,-1,-1
379,116,237.79,158.38,44.25,147.88,0.7581,-1,-1,-1
379,104,44.42,70.33,129.18,311.49,0.9090,-1,-1,-1
379,102,288.04,155.47,47.38,154.70,0.8250,-1,-1,-1
380,141,444.67,193.07,40.98,91.71,0.7601,-1,-1,-1
380,138,532.33,54.76,107.67,423.97,0.7982,-1,-1,-1
380,137,0.22,100.62,55.34,278.97,0.8308,-1,-1,-1
380,116,238.19,161.85,53.84,147.96,0.7777,-1,-1,-1
380,104,41.14,72.10,129.35,318.44,0.9091,-1,-1,-1
380,102,292.35,158.95,45.22,153.49,0.8534,-1,-1,-1
381,144,508.97,164.66,65.78,168.45,0.7992,-1,-1,-1
381,141,443.00,195.91,42.09,91.72,0.6528,-1,-1,-1
381,140,172.65,218.91,21.13,53.61,0.3524,-1,-1,-1
381,138,552.43,79.33,87.09,399.31,0.8514,-1,-1,-1
381,137,0.09,111.80,49.33,271.47,0.8099,-1,-1,-1
381,116,234.68,169.48,59.60,144.83,0.8033,-1,-1,-1
381,104,37.73,75.64,126.62,324.68,0.9010,-1,-1,-1
381,102,293.39,161.66,46.16,155.30,0.8393,-1,-1,-1
382,144,508.70,164.02,77.34,172.77,0.8205,-1,-1,-1
382,141,448.20,195.14,37.77,90.27,0.5538,-1,-1,-1
382,138,574.59,119.33,65.26,358.33,0.8172,-1,-1,-1
382,137,0.08,125.05,40.16,208.71,0.7745,-1,-1,-1
382,116,231.37,170.03,58.75,144.13,0.7872,-1,-1,-1
382,104,33.38,75.60,123.23,331.56,0.8928,-1,-1,-1
382,102,292.17,159.32,52.47,157.39,0.8302,-1,-1,-1
383,144,503.52,163.28,89.16,179.93,0.8430,-1,-1,-1
383,143,441.08,203.89,20.91,79.93,0.3228,-1,-1,-1
383,141,442.74,200.84,36.30,86.15,0.5164,-1,-1,-1
383,138,592.47,232.81,47.40,245.86,0.6736,-1,-1,-1
383,137,0.00,137.48,37.86,198.75,0.7271,-1,-1,-1
383,116,228.10,171.95,58.94,145.13,0.8325,-1,-1,-1
383,104,21.75,75.73,125.30,337.99,0.9024,-1,-1,-1
383,102,289.68,161.35,58.63,160.10,0.8608,-1,-1,-1
384,144,509.43,152.58,82.57,186.75,0.8693,-1,-1,-1
384,141,433.27,196.23,43.47,88.24,0.5954,-1,-1,-1
384,140,150.52,218.44,20.05,52.54,0.2843,-1,-1,-1
384,137,0.15,177.87,24.85,143.47,0.5620,-1,-1,-1
384,116,230.20,166.09,58.40,145.12,0.8165,-1,-1,-1
384,104,5.07,72.95,126.85,335.19,0.8993,-1,-1,-1
384,102,283.81,161.57,56.10,157.93,0.8820,-1,-1,-1
385,144,512.42,148.16,78.73,193.13,0.8483,-1,-1,-1
385,141,432.33,194.36,42.51,86.56,0.7242,-1,-1,-1
385,140,146.90,235.22,18.00,33.94,0.2529,-1,-1,-1
385,116,235.91,162.35,51.36,146.42,0.8233,-1,-1,-1
385,104,0.00,66.63,126.63,333.61,0.9165,-1,-1,-1
385,102,283.13,160.22,55.43,157.84,0.8696,-1,-1,-1
386,144,524.56,143.41,57.27,206.67,0.8515,-1,-1,-1
386,143,428.34,195.61,22.01,79.10,0.2862,-1,-1,-1
386,141,428.25,191.25,43.36,86.94,0.6964,-1,-1,-1
386,116,238.72,159.25,50.23,150.10,0.8104,-1,-1,-1
386,104,0.00,62.34,121.10,337.88,0.9177,-1,-1,-1
386,102,284.82,156.88,53.53,158.12,0.8676,-1,-1,-1
387,150,386.56,217.70,13.60,32.20,0.2933,-1,-1,-1
387,149,372.83,218.08,13.21,31.04,0.2557,-1,-1,-1
387,144,523.23,137.16,68.74,221.64,0.8725,-1,-1,-1
387,141,421.55,190.83,41.74,87.17,0.6860,-1,-1,-1
387,116,234.91,159.58,54.24,149.04,0.8193,-1,-1,-1
387,104,0.05,57.60,118.04,350.28,0.9154,-1,-1,-1
387,102,288.36,153.03,46.92,159.26,0.8399,-1,-1,-1
388,150,381.88,219.99,13.33,31.36,0.3619,-1,-1,-1
388,144,521.69,135.97,70.09,230.48,0.8618,-1,-1,-1
388,141,417.87,190.62,39.90,89.92,0.5981,-1,-1,-1
388,116,234.44,164.00,51.72,146.90,0.8594,-1,-1,-1
388,104,0.10,57.07,111.38,358.49,0.9080,-1,-1,-1
388,102,288.62,155.12,44.26,160.31,0.8042,-1,-1,-1
389,144,522.94,136.57,73.16,243.96,0.8784,-1,-1,-1
389,143,412.48,198.74,23.53,84.19,0.3859,-1,-1,-1
389,141,427.28,197.26,24.31,87.47,0.4452,-1,-1,-1
389,116,228.27,171.57,52.68,144.22,0.8681,-1,-1,-1
389,104,0.05,59.38,106.01,358.01,0.9008,-1,-1,-1
389,102,284.43,163.29,45.43,159.63,0.7682,-1,-1,-1
390,150,366.74,221.19,14.58,31.55,0.3018,-1,-1,-1
390,144,519.12,125.70,75.91,253.53,0.8743,-1,-1,-1
390,143,404.05,194.77,38.93,85.41,0.6970,-1,-1,-1
390,140,101.37,220.00,21.81,53.11,0.3754,-1,-1,-1
390,116,222.17,167.33,54.17,149.37,0.8404,-1,-1,-1
390,104,0.03,58.70,95.35,341.34,0.8814,-1,-1,-1
390,102,275.99,163.17,51.90,154.36,0.8282,-1,-1,-1
391,150,357.02,218.22,13.83,32.69,0.4373,-1,-1,-1
391,144,505.41,114.43,99.26,266.76,0.8818,-1,-1,-1
391,143,395.81,192.10,35.78,84.13,0.6724,-1,-1,-1
391,116,215.71,164.02,49.50,143.42,0.8555,-1,-1,-1
391,104,0.28,93.89,78.37,311.17,0.8843,-1,-1,-1
391,102,268.13,162.77,48.64,153.87,0.7900,-1,-1,-1
392,150,350.15,217.05,13.17,32.91,0.3846,-1,-1,-1
392,144,498.64,107.68,120.95,275.57,0.8903,-1,-1,-1
392,143,388.60,192.30,36.78,78.50,0.7530,-1,-1,-1
392,140,75.40,221.15,23.72,51.86,0.3589,-1,-1,-1
392,116,213.60,160.93,47.26,145.73,0.8308,-1,-1,-1
392,104,0.04,96.55,65.12,312.29,0.8573,-1,-1,-1
392,102,264.01,157.12,50.53,158.23,0.7479,-1,-1,-1
393,150,341.78,219.52,12.85,33.94,0.4788,-1,-1,-1
393,144,489.65,106.93,150.18,302.35,0.9025,-1,-1,-1
393,143,382.69,196.57,37.17,82.64,0.7256,-1,-1,-1
393,116,209.88,164.19,46.17,149.90,0.8187,-1,-1,-1
393,104,0.29,103.12,51.89,310.50,0.7828,-1,-1,-1
393,102,259.12,163.45,52.80,153.16,0.8069,-1,-1,-1
394,150,342.49,221.02,12.51,33.42,0.3722,-1,-1,-1
394,144,492.46,103.29,147.53,313.35,0.9112,-1,-1,-1
394,143,383.18,195.84,37.62,83.38,0.7380,-1,-1,-1
394,116,211.84,165.14,46.08,150.28,0.8239,-1,-1,-1
394,104,0.25,104.09,66.01,313.18,0.6979,-1,-1,-1
394,102,260.83,161.72,51.08,154.46,0.7966,-1,-1,-1
395,150,335.78,218.75,11.81,32.78,0.2936,-1,-1,-1
395,144,486.87,93.61,153.00,336.37,0.9142,-1,-1,-1
395,143,377.97,193.09,37.04,84.05,0.7644,-1,-1,-1
395,140,55.22,214.57,23.74,59.31,0.5390,-1,-1,-1
395,116,207.57,161.80,52.39,149.88,0.8530,-1,-1,-1
395,104,0.23,103.76,36.01,225.71,0.6573,-1,-1,-1
395,102,255.19,158.85,51.19,154.97,0.8398,-1,-1,-1
396,144,487.84,87.29,152.04,362.06,0.9193,-1,-1,-1
396,143,373.40,197.22,35.49,82.45,0.7302,-1,-1,-1
396,140,45.05,223.58,23.20,51.30,0.2523,-1,-1,-1
396,116,202.96,166.52,57.00,149.64,0.8394,-1,-1,-1
396,104,0.02,110.12,25.48,223.36,0.6883,-1,-1,-1
396,102,253.71,161.06,47.99,155.66,0.8373,-1,-1,-1
397,150,325.76,218.19,14.08,38.41,0.2996,-1,-1,-1
397,144,493.18,76.42,146.66,387.54,0.9147,-1,-1,-1
397,141,370.81,200.28,31.62,80.41,0.4871,-1,-1,-1
397,116,198.83,169.65,54.46,147.29,0.8517,-1,-1,-1
397,102,254.12,165.34,47.69,154.96,0.8373,-1,-1,-1
398,157,305.90,224.22,13.15,32.34,0.3173,-1,-1,-1
398,150,323.70,219.18,13.17,38.36,0.4336,-1,-1,-1
398,144,511.97,60.81,127.88,411.41,0.8971,-1,-1,-1
398,143,369.61,202.23,32.70,80.23,0.5843,-1,-1,-1
398,116,199.18,173.06,51.70,146.77,0.8325,-1,-1,-1
398,102,254.03,169.18,46.72,154.38,0.8324,-1,-1,-1
399,150,321.95,220.50,14.76,34.94,0.3617,-1,-1,-1
399,144,522.70,38.97,117.30,440.35,0.8849,-1,-1,-1
399,143,368.37,196.30,35.75,83.84,0.5748,-1,-1,-1
399,140,27.82,221.84,24.41,57.78,0.4439,-1,-1,-1
399,116,200.18,169.70,51.53,147.25,0.8104,-1,-1,-1
399,102,252.72,166.13,49.41,155.30,0.8189,-1,-1,-1
400,150,316.50,218.08,13.52,35.50,0.3485,-1,-1,-1
400,144,539.92,24.01,99.91,455.99,0.8502,-1,-1,-1
400,143,364.30,195.13,32.71,84.13,0.7028,-1,-1,-1
400,140,19.57,219.50,22.77,56.56,0.2817,-1,-1,-1
400,116,205.64,164.43,44.50,147.64,0.8163,-1,-1,-1
400,102,250.63,164.61,48.89,152.29,0.8584,-1,-1,-1
401,144,564.13,26.80,75.65,453.20,0.8554,-1,-1,-1
401,143,359.54,198.71,32.55,81.13,0.4776,-1,-1,-1
401,116,199.78,163.69,51.64,147.33,0.8370,-1,-1,-1
401,102,248.77,164.28,48.65,150.16,0.8306,-1,-1,-1
402,144,584.47,80.56,55.39,399.44,0.8286,-1,-1,-1
402,143,352.69,200.33,35.09,76.11,0.2657,-1,-1,-1
402,116,196.68,160.94,50.19,148.48,0.8397,-1,-1,-1
402,102,246.05,160.65,45.48,149.42,0.8265,-1,-1,-1
403,150,305.25,220.50,12.63,33.42,0.2909,-1,-1,-1
403,144,599.08,102.99,40.74,375.26,0.4066,-1,-1,-1
403,143,352.09,193.71,34.46,84.82,0.4305,-1,-1,-1
403,140,0.00,216.61,20.96,62.06,0.2692,-1,-1,-1
403,116,197.19,165.79,49.86,147.82,0.8565,-1,-1,-1
403,102,244.19,167.29,50.47,148.66,0.8471,-1,-1,-1
404,143,350.60,193.97,34.73,81.93,0.5321,-1,-1,-1
404,116,197.59,168.03,48.52,145.19,0.8520,-1,-1,-1
404,102,243.73,166.90,51.89,149.47,0.8152,-1,-1,-1
405,150,300.60,216.19,14.13,34.07,0.3752,-1,-1,-1
405,143,348.42,193.38,31.95,79.39,0.5735,-1,-1,-1
405,116,195.00,167.74,51.77,143.04,0.8551,-1,-1,-1
405,102,243.86,165.11,51.87,148.28,0.8255,-1,-1,-1
406,150,299.61,212.64,14.61,37.70,0.2717,-1,-1,-1
406,143,347.40,191.82,32.87,82.15,0.6692,-1,-1,-1
406,116,194.55,166.09,52.46,139.98,0.8376,-1,-1,-1
406,102,244.01,164.82,48.99,144.63,0.8270,-1,-1,-1
407,143,347.23,192.27,31.51,78.93,0.6988,-1,-1,-1
407,116,195.50,159.78,50.64,143.20,0.8292,-1,-1,-1
407,102,248.91,160.46,46.70,144.05,0.8035,-1,-1,-1
408,143,345.71,191.19,32.55,78.30,0.7891,-1,-1,-1
408,116,197.72,155.21,46.08,147.44,0.8224,-1,-1,-1
408,102,249.95,158.76,45.87,144.55,0.8270,-1,-1,-1
409,143,345.34,187.85,33.25,79.82,0.7918,-1,-1,-1
409,116,196.12,156.41,45.63,144.78,0.8380,-1,-1,-1
409,102,249.01,157.35,46.07,145.20,0.8137,-1,-1,-1
410,143,339.50,184.56,34.81,80.66,0.5613,-1,-1,-1
410,116,191.53,159.16,48.82,142.30,0.8356,-1,-1,-1
410,102,246.77,157.60,47.19,145.70,0.8264,-1,-1,-1
411,151,334.33,188.34,18.80,70.24,0.4328,-1,-1,-1
411,150,283.94,206.67,13.23,36.19,0.3091,-1,-1,-1
411,143,334.96,189.49,34.18,74.95,0.3803,-1,-1,-1
411,116,183.55,159.33,52.22,139.59,0.8485,-1,-1,-1
411,102,242.63,158.44,45.19,145.59,0.8172,-1,-1,-1
412,159,144.05,213.32,15.66,55.53,0.2853,-1,-1,-1
412,143,328.23,188.97,33.00,77.45,0.6979,-1,-1,-1
412,116,183.92,162.86,43.82,140.26,0.8242,-1,-1,-1
412,102,238.39,162.22,45.55,142.20,0.8009,-1,-1,-1
413,143,325.40,187.38,34.18,76.77,0.5349,-1,-1,-1
413,116,182.95,162.14,44.34,139.80,0.8220,-1,-1,-1
413,102,235.85,159.64,47.87,142.59,0.7735,-1,-1,-1
414,144,566.13,193.01,73.73,237.93,0.6420,-1,-1,-1
414,143,317.89,188.55,36.71,76.84,0.6138,-1,-1,-1
414,116,178.82,161.10,48.32,140.07,0.8273,-1,-1,-1
414,102,233.65,162.80,46.31,139.55,0.7848,-1,-1,-1
415,151,311.51,194.47,18.76,68.13,0.2603,-1,-1,-1
415,144,546.50,133.00,93.50,283.52,0.8507,-1,-1,-1
415,143,312.22,191.81,32.98,74.00,0.4624,-1,-1,-1
415,116,173.17,160.01,48.46,140.26,0.8282,-1,-1,-1
415,102,227.79,159.95,45.55,140.66,0.8078,-1,-1,-1
416,151,304.46,195.30,27.83,72.47,0.3410,-1,-1,-1
416,144,543.94,93.08,96.06,334.67,0.8902,-1,-1,-1
416,116,169.93,161.94,50.52,138.92,0.8229,-1,-1,-1
416,102,221.61,164.98,46.07,139.25,0.7812,-1,-1,-1
417,151,300.75,193.16,31.39,77.56,0.6706,-1,-1,-1
417,144,544.54,41.37,95.38,393.56,0.8590,-1,-1,-1
417,116,168.70,163.95,48.99,140.48,0.8352,-1,-1,-1
417,102,218.64,169.93,42.84,137.55,0.7351,-1,-1,-1
418,144,543.89,28.41,95.94,406.99,0.8707,-1,-1,-1
418,143,297.09,193.81,31.13,72.73,0.6019,-1,-1,-1
418,116,166.65,163.73,48.16,137.27,0.8473,-1,-1,-1
418,102,210.69,167.76,51.68,135.59,0.8222,-1,-1,-1
419,144,526.18,26.11,113.55,411.66,0.8962,-1,-1,-1
419,143,294.70,191.91,31.87,75.57,0.7494,-1,-1,-1
419,116,164.05,166.98,49.90,135.41,0.8385,-1,-1,-1
419,102,209.44,169.39,49.67,135.21,0.8021,-1,-1,-1
420,144,494.05,23.22,145.82,423.09,0.9185,-1,-1,-1
420,143,288.26,193.73,32.61,70.56,0.7500,-1,-1,-1
420,116,160.17,166.84,49.51,135.50,0.8040,-1,-1,-1
420,102,208.64,169.05,44.78,133.15,0.7918,-1,-1,-1
421,144,472.86,28.84,166.77,420.24,0.9189,-1,-1,-1
421,143,280.70,191.50,32.44,74.08,0.8138,-1,-1,-1
421,116,153.56,167.08,47.40,129.63,0.8402,-1,-1,-1
421,102,203.24,167.36,42.84,129.16,0.7574,-1,-1,-1
422,144,465.12,32.46,174.27,416.71,0.9191,-1,-1,-1
422,143,277.90,189.96,30.88,74.72,0.7364,-1,-1,-1
422,116,151.58,163.68,46.67,131.25,0.8325,-1,-1,-1
422,102,199.29,163.39,42.88,132.67,0.7857,-1,-1,-1
423,144,456.68,36.78,175.60,416.20,0.9169,-1,-1,-1
423,143,271.90,190.03,30.97,71.80,0.6319,-1,-1,-1
423,116,146.73,159.76,46.72,134.18,0.8229,-1,-1,-1
423,102,195.72,159.35,42.51,132.13,0.7961,-1,-1,-1
424,144,442.88,44.35,179.88,409.49,0.8874,-1,-1,-1
424,143,266.60,187.53,29.91,74.86,0.7524,-1,-1,-1
424,116,141.96,159.76,45.22,135.29,0.8041,-1,-1,-1
424,102,193.49,161.47,40.37,131.89,0.7994,-1,-1,-1
425,144,428.16,46.60,182.30,400.91,0.8982,-1,-1,-1
425,143,259.39,185.95,30.14,73.18,0.7063,-1,-1,-1
425,116,135.27,161.00,46.40,131.64,0.8080,-1,-1,-1
425,102,185.92,159.83,40.91,132.71,0.7889,-1,-1,-1
426,144,419.14,47.64,185.81,397.96,0.8713,-1,-1,-1
426,143,254.80,183.61,28.53,73.36,0.6914,-1,-1,-1
426,116,129.90,158.63,49.18,132.13,0.7797,-1,-1,-1
426,102,182.85,159.71,39.14,130.18,0.7942,-1,-1,-1
427,159,39.00,203.90,24.39,61.95,0.2937,-1,-1,-1
427,144,409.37,45.51,156.97,392.74,0.8805,-1,-1,-1
427,143,249.19,178.57,27.93,76.00,0.7291,-1,-1,-1
427,116,124.60,158.60,50.14,129.57,0.7878,-1,-1,-1
427,102,177.32,157.02,44.41,130.35,0.7679,-1,-1,-1
428,161,559.20,0.00,80.66,476.91,0.8489,-1,-1,-1
428,144,406.46,42.72,131.20,376.60,0.9018,-1,-1,-1
428,143,240.86,179.46,29.38,73.36,0.6687,-1,-1,-1
428,116,118.93,157.60,51.86,128.74,0.8163,-1,-1,-1
428,102,174.00,152.21,42.21,130.29,0.7951,-1,-1,-1
429,161,470.76,1.31,169.24,478.10,0.8366,-1,-1,-1
429,144,400.03,45.38,114.58,355.67,0.9054,-1,-1,-1
429,143,235.02,179.38,28.26,74.55,0.7572,-1,-1,-1
429,116,116.70,156.02,48.82,127.59,0.7954,-1,-1,-1
429,102,170.99,152.45,42.98,129.63,0.7994,-1,-1,-1
430,161,403.12,0.00,236.48,479.34,0.8965,-1,-1,-1
430,144,366.40,50.14,128.91,351.15,0.8954,-1,-1,-1
430,143,229.00,182.14,27.27,71.53,0.5696,-1,-1,-1
430,116,111.74,154.42,50.63,127.12,0.8178,-1,-1,-1
430,102,165.85,153.56,41.86,128.02,0.7855,-1,-1,-1
431,161,385.86,0.00,253.62,480.00,0.8793,-1,-1,-1
431,144,343.80,52.13,140.84,345.76,0.8956,-1,-1,-1
431,143,223.07,178.81,30.65,72.50,0.7435,-1,-1,-1
431,116,108.51,151.72,51.66,127.21,0.7934,-1,-1,-1
431,102,163.69,153.76,44.39,125.84,0.7832,-1,-1,-1
432,161,414.67,0.00,225.33,477.54,0.8881,-1,-1,-1
432,144,337.06,54.65,124.10,315.02,0.8706,-1,-1,-1
432,143,221.46,174.16,29.99,76.90,0.7563,-1,-1,-1
432,116,108.11,151.92,51.21,125.65,0.8176,-1,-1,-1
432,102,161.26,156.40,40.85,122.29,0.6760,-1,-1,-1
433,164,0.18,99.43,71.81,260.84,0.6652,-1,-1,-1
433,161,411.80,0.00,228.20,479.50,0.8542,-1,-1,-1
433,144,336.29,56.62,104.22,314.91,0.8565,-1,-1,-1
433,143,218.28,176.50,30.61,73.94,0.8186,-1,-1,-1
433,116,106.20,154.18,50.90,124.48,0.8293,-1,-1,-1
433,102,156.79,154.27,42.28,124.34,0.7053,-1,-1,-1
434,164,0.16,59.09,76.07,303.94,0.6242,-1,-1,-1
434,161,384.77,0.36,183.17,479.64,0.7955,-1,-1,-1
434,144,330.52,58.55,86.69,314.84,0.7950,-1,-1,-1
434,143,212.30,173.27,31.04,76.95,0.7606,-1,-1,-1
434,116,100.05,156.64,50.02,122.19,0.8361,-1,-1,-1
434,102,155.26,153.80,40.84,123.70,0.7952,-1,-1,-1
435,164,0.19,56.35,77.73,306.73,0.5675,-1,-1,-1
435,161,345.22,0.00,167.92,479.18,0.8552,-1,-1,-1
435,144,313.67,97.87,67.60,277.04,0.7107,-1,-1,-1
435,143,209.42,176.89,30.52,72.60,0.6597,-1,-1,-1
435,116,96.66,153.67,51.81,123.68,0.8350,-1,-1,-1
435,102,151.93,152.32,40.67,120.59,0.7762,-1,-1,-1
436,161,300.05,0.46,188.18,479.54,0.8962,-1,-1,-1
436,144,291.71,147.51,42.23,109.68,0.3862,-1,-1,-1
436,143,205.54,173.79,28.80,73.10,0.6914,-1,-1,-1
436,116,91.64,151.31,48.14,122.49,0.8044,-1,-1,-1
436,102,149.67,147.96,41.45,121.74,0.7938,-1,-1,-1
437,164,0.24,64.96,76.32,269.54,0.3918,-1,-1,-1
437,161,247.39,0.00,227.26,478.87,0.9259,-1,-1,-1
437,143,204.05,171.83,28.29,75.68,0.7493,-1,-1,-1
437,116,88.99,149.43,46.80,122.15,0.8180,-1,-1,-1
437,102,148.41,150.19,42.38,120.37,0.7414,-1,-1,-1
438,168,552.07,68.44,87.86,332.60,0.8624,-1,-1,-1
438,161,198.43,0.00,277.44,479.96,0.9043,-1,-1,-1
438,143,145.47,149.71,42.95,120.17,0.7582,-1,-1,-1
438,116,0.06,75.85,74.46,269.13,0.5819,-1,-1,-1
438,102,84.53,152.50,46.82,118.29,0.8289,-1,-1,-1
439,170,384.79,135.35,49.76,180.21,0.6424,-1,-1,-1
439,168,528.84,77.38,111.03,325.05,0.8993,-1,-1,-1
439,161,182.12,1.66,276.68,478.34,0.8629,-1,-1,-1
439,143,143.00,149.29,38.31,119.08,0.8132,-1,-1,-1
439,116,0.23,75.73,71.08,296.06,0.3913,-1,-1,-1
439,102,82.14,148.06,46.79,121.83,0.8399,-1,-1,-1
440,170,370.69,135.97,55.49,178.89,0.7038,-1,-1,-1
440,168,521.75,77.68,118.20,330.51,0.9119,-1,-1,-1
440,161,84.50,0.00,334.78,480.00,0.8433,-1,-1,-1
440,116,0.00,54.25,70.65,352.75,0.6908,-1,-1,-1
440,102,79.24,145.77,43.82,93.62,0.4032,-1,-1,-1
441,171,277.32,65.83,113.08,337.19,0.7948,-1,-1,-1
441,170,369.40,137.99,52.93,178.45,0.7121,-1,-1,-1
441,168,526.90,80.65,112.94,330.83,0.8889,-1,-1,-1
441,161,0.89,0.77,287.69,478.14,0.8620,-1,-1,-1
442,171,258.08,66.93,126.26,331.90,0.8811,-1,-1,-1
442,170,366.93,137.23,50.52,178.19,0.7609,-1,-1,-1
442,168,534.39,79.65,96.62,317.76,0.8631,-1,-1,-1
442,161,0.76,1.05,247.41,477.74,0.7042,-1,-1,-1
443,172,608.59,83.73,31.20,221.88,0.4612,-1,-1,-1
443,171,255.18,62.54,122.64,333.34,0.8875,-1,-1,-1
443,170,365.32,133.00,47.04,178.15,0.7380,-1,-1,-1
443,168,522.42,76.22,99.86,309.95,0.7488,-1,-1,-1
443,161,0.54,2.17,205.95,474.57,0.7459,-1,-1,-1
444,174,551.38,79.89,88.50,315.96,0.7341,-1,-1,-1
444,171,249.56,64.96,120.44,321.65,0.8924,-1,-1,-1
444,170,359.00,135.65,47.99,180.17,0.7316,-1,-1,-1
444,168,497.16,81.39,111.42,302.17,0.6016,-1,-1,-1
445,176,143.63,157.49,39.82,115.66,0.7745,-1,-1,-1
445,175,189.53,179.10,29.84,71.01,0.7032,-1,-1,-1
445,172,591.28,87.91,48.51,259.42,0.6836,-1,-1,-1
445,171,249.43,62.58,115.89,317.31,0.8937,-1,-1,-1
445,170,357.86,138.77,50.46,179.22,0.7980,-1,-1,-1
445,168,532.29,82.12,80.39,318.78,0.5216,-1,-1,-1
446,177,94.53,153.56,45.52,118.14,0.8077,-1,-1,-1
446,176,147.38,157.81,41.11,114.21,0.7492,-1,-1,-1
446,175,193.36,177.72,29.23,71.86,0.6198,-1,-1,-1
446,172,582.70,75.50,57.12,293.43,0.8483,-1,-1,-1
446,171,246.81,60.38,109.68,319.00,0.8979,-1,-1,-1
446,170,343.69,139.70,63.00,177.97,0.7750,-1,-1,-1
446,168,463.86,82.87,159.18,315.53,0.8933,-1,-1,-1
447,178,0.17,0.56,103.37,314.18,0.7399,-1,-1,-1
447,177,96.98,155.57,48.05,119.09,0.7882,-1,-1,-1
447,176,147.61,160.74,42.59,113.84,0.7081,-1,-1,-1
447,175,193.94,181.53,30.51,70.22,0.5499,-1,-1,-1
447,172,575.56,81.09,64.30,290.88,0.8191,-1,-1,-1
447,171,238.94,61.43,111.71,327.44,0.8948,-1,-1,-1
447,170,341.38,143.44,65.35,179.27,0.7891,-1,-1,-1
447,168,470.01,86.28,159.19,316.23,0.8475,-1,-1,-1
448,178,0.06,0.00,106.97,480.00,0.8845,-1,-1,-1
448,177,98.60,152.21,47.79,117.60,0.8174,-1,-1,-1
448,176,147.95,157.35,41.60,113.91,0.7693,-1,-1,-1
448,175,192.76,181.17,32.97,68.93,0.5858,-1,-1,-1
448,172,574.18,82.77,65.69,293.58,0.8027,-1,-1,-1
448,171,236.79,60.73,107.72,330.90,0.8920,-1,-1,-1
448,170,343.68,141.01,61.76,180.78,0.7880,-1,-1,-1
448,168,473.96,83.97,128.01,312.55,0.8569,-1,-1,-1
449,178,0.00,0.00,111.98,476.60,0.8933,-1,-1,-1
449,177,103.82,157.66,46.11,113.28,0.8283,-1,-1,-1
449,176,150.67,158.29,37.58,112.81,0.7934,-1,-1,-1
449,175,197.15,182.70,32.60,69.65,0.6076,-1,-1,-1
449,172,550.51,87.80,89.19,295.87,0.5435,-1,-1,-1
449,171,241.17,66.00,101.47,330.62,0.8941,-1,-1,-1
449,170,344.02,142.13,61.58,178.96,0.7879,-1,-1,-1
449,168,485.74,84.40,96.52,304.68,0.8424,-1,-1,-1
450,178,0.00,0.33,122.10,477.94,0.8710,-1,-1,-1
450,177,114.25,158.91,45.15,113.78,0.7856,-1,-1,-1
450,176,160.13,158.18,37.34,112.58,0.8060,-1,-1,-1
450,175,205.69,182.51,32.00,70.33,0.6943,-1,-1,-1
450,172,548.01,86.82,91.84,272.36,0.5575,-1,-1,-1
450,171,243.34,66.79,102.05,327.66,0.8901,-1,-1,-1
450,170,355.61,138.97,56.65,177.08,0.8353,-1,-1,-1
450,168,499.42,82.15,98.92,314.65,0.8298,-1,-1,-1
451,178,0.00,4.41,130.34,474.09,0.9075,-1,-1,-1
451,177,121.14,160.15,43.31,113.17,0.8024,-1,-1,-1
451,176,165.67,160.74,39.16,111.64,0.7898,-1,-1,-1
451,175,209.32,183.53,30.74,69.50,0.5818,-1,-1,-1
451,172,554.92,88.75,84.94,278.88,0.6900,-1,-1,-1
451,171,233.81,65.60,116.56,329.95,0.8778,-1,-1,-1
451,170,359.47,139.47,58.18,178.56,0.8256,-1,-1,-1
451,168,489.03,85.22,111.95,317.67,0.8499,-1,-1,-1
452,178,0.00,5.22,137.37,472.13,0.9111,-1,-1,-1
452,177,131.38,158.78,42.21,112.65,0.8057,-1,-1,-1
452,176,174.78,160.78,36.44,112.44,0.8049,-1,-1,-1
452,172,579.13,85.53,60.77,275.11,0.6923,-1,-1,-1
452,171,223.87,61.60,125.24,324.03,0.8976,-1,-1,-1
452,170,358.82,138.64,61.41,181.28,0.7613,-1,-1,-1
452,168,476.99,87.56,134.01,320.81,0.8439,-1,-1,-1
453,178,0.00,2.49,149.46,473.72,0.9064,-1,-1,-1
453,177,139.09,156.72,41.37,111.90,0.8193,-1,-1,-1
453,176,182.81,160.15,34.52,110.82,0.7900,-1,-1,-1
453,172,581.69,77.58,58.22,299.13,0.7390,-1,-1,-1
453,171,232.20,54.13,124.54,327.53,0.8821,-1,-1,-1
453,170,361.03,138.09,71.61,180.98,0.7732,-1,-1,-1
453,168,486.21,83.98,132.14,325.88,0.8522,-1,-1,-1
454,178,0.15,4.25,159.42,471.96,0.9141,-1,-1,-1
454,177,151.19,159.28,37.59,114.33,0.7884,-1,-1,-1
454,176,192.40,163.81,35.15,111.94,0.8000,-1,-1,-1
454,172,588.73,81.79,50.92,302.99,0.7580,-1,-1,-1
454,171,241.37,59.31,126.20,332.19,0.9030,-1,-1,-1
454,170,371.52,144.17,71.23,181.59,0.8145,-1,-1,-1
454,168,503.19,84.69,116.06,330.33,0.8654,-1,-1,-1
455,178,0.32,0.00,170.70,477.20,0.8871,-1,-1,-1
455,177,160.07,159.81,37.44,110.11,0.8077,-1,-1,-1
455,176,198.01,161.76,39.25,110.53,0.7637,-1,-1,-1
455,172,571.02,80.85,68.87,309.73,0.7521,-1,-1,-1
455,171,255.48,58.51,119.19,340.77,0.8962,-1,-1,-1
455,170,378.12,139.77,69.70,183.75,0.8281,-1,-1,-1
455,168,505.30,77.24,103.56,317.46,0.8730,-1,-1,-1
456,178,0.00,1.35,179.60,473.61,0.8859,-1,-1,-1
456,177,168.90,162.28,32.68,107.39,0.6908,-1,-1,-1
456,176,205.24,161.55,38.08,111.22,0.7777,-1,-1,-1
456,172,585.63,83.94,54.13,283.53,0.7748,-1,-1,-1
456,171,260.14,62.18,118.13,342.88,0.8838,-1,-1,-1
456,170,381.46,140.18,67.79,186.68,0.7731,-1,-1,-1
456,168,504.15,79.67,102.94,320.02,0.8724,-1,-1,-1
457,178,2.10,6.34,191.35,466.45,0.8834,-1,-1,-1
457,177,178.66,166.60,34.26,106.13,0.7366,-1,-1,-1
457,176,213.85,163.64,36.73,110.78,0.7627,-1,-1,-1
457,172,602.21,87.55,37.62,290.57,0.7489,-1,-1,-1
457,171,267.18,65.71,120.32,350.45,0.8821,-1,-1,-1
457,170,389.12,141.07,63.21,184.11,0.7405,-1,-1,-1
457,168,480.70,85.84,131.82,327.71,0.8824,-1,-1,-1
458,178,16.49,3.30,188.91,470.97,0.8728,-1,-1,-1
458,177,188.18,163.60,31.53,104.63,0.5360,-1,-1,-1
458,176,224.35,161.59,33.68,110.23,0.7653,-1,-1,-1
458,172,607.06,79.41,32.70,302.31,0.7272,-1,-1,-1
458,171,273.42,62.40,120.06,350.15,0.8836,-1,-1,-1
458,170,393.48,137.34,59.77,185.01,0.8172,-1,-1,-1
458,168,474.98,84.74,149.15,331.36,0.8930,-1,-1,-1
459,179,272.40,194.23,20.46,65.96,0.3525,-1,-1,-1
459,178,39.34,4.59,186.97,472.95,0.8385,-1,-1,-1
459,176,232.66,168.85,31.50,109.53,0.7595,-1,-1,-1
459,172,602.93,85.23,37.00,289.22,0.6145,-1,-1,-1
459,171,274.77,67.25,124.52,357.31,0.8803,-1,-1,-1
459,170,401.54,143.86,59.89,188.12,0.7878,-1,-1,-1
459,168,487.99,89.95,151.77,335.96,0.8957,-1,-1,-1
460,178,38.79,2.21,193.32,477.79,0.8569,-1,-1,-1
460,176,234.29,167.55,31.71,109.63,0.7274,-1,-1,-1
460,172,605.55,79.06,34.35,305.38,0.6392,-1,-1,-1
460,171,273.30,64.71,130.33,356.34,0.8956,-1,-1,-1
460,170,401.06,143.90,61.27,189.47,0.7968,-1,-1,-1
460,168,494.81,87.52,144.22,341.81,0.8785,-1,-1,-1
461,178,50.41,0.00,190.66,479.82,0.8821,-1,-1,-1
461,176,241.05,165.38,31.30,110.13,0.7182,-1,-1,-1
461,174,513.16,80.86,101.69,322.55,0.8676,-1,-1,-1
461,172,600.34,79.08,39.37,305.49,0.6704,-1,-1,-1
461,171,277.41,55.99,130.37,345.89,0.9053,-1,-1,-1
461,170,405.74,142.55,57.97,192.15,0.8032,-1,-1,-1
462,178,53.10,0.00,189.27,475.18,0.8681,-1,-1,-1
462,176,241.56,165.49,36.89,111.85,0.7215,-1,-1,-1
462,174,514.72,80.93,101.61,330.66,0.8476,-1,-1,-1
462,172,588.73,81.44,51.00,297.12,0.7029,-1,-1,-1
462,171,280.20,56.28,125.77,345.38,0.8935,-1,-1,-1
462,170,404.02,144.01,62.49,193.08,0.8332,-1,-1,-1
463,178,52.58,3.28,194.34,476.72,0.8517,-1,-1,-1
463,176,242.81,166.02,34.29,112.29,0.7092,-1,-1,-1
463,174,503.84,89.47,123.80,336.28,0.8842,-1,-1,-1
463,172,584.89,88.80,54.85,295.22,0.6669,-1,-1,-1
463,171,280.91,60.05,120.30,352.22,0.8943,-1,-1,-1
463,170,409.16,146.80,53.18,196.31,0.8210,-1,-1,-1
464,178,49.52,0.00,195.57,480.00,0.8768,-1,-1,-1
464,176,242.19,169.33,33.08,108.30,0.7382,-1,-1,-1
464,172,589.80,88.87,50.07,296.83,0.7478,-1,-1,-1
464,171,282.64,58.20,111.85,358.45,0.8841,-1,-1,-1
464,170,407.44,145.46,54.80,193.10,0.7830,-1,-1,-1
464,168,482.79,89.49,144.63,338.68,0.8727,-1,-1,-1
465,178,47.57,0.00,195.79,480.00,0.8874,-1,-1,-1
465,176,240.10,169.77,34.89,105.49,0.7135,-1,-1,-1
465,172,592.02,85.75,47.81,308.63,0.7926,-1,-1,-1
465,171,283.78,55.97,105.13,362.81,0.8802,-1,-1,-1
465,170,407.47,141.86,55.58,190.11,0.7478,-1,-1,-1
465,168,476.77,90.57,144.41,337.13,0.8835,-1,-1,-1
466,178,46.93,0.00,195.88,480.00,0.8539,-1,-1,-1
466,176,242.05,164.89,34.36,112.02,0.6954,-1,-1,-1
466,172,596.42,84.47,43.47,310.78,0.8247,-1,-1,-1
466,171,279.87,57.64,104.70,362.30,0.8848,-1,-1,-1
466,170,406.40,141.23,55.85,191.35,0.7612,-1,-1,-1
466,168,480.86,89.69,129.71,339.93,0.8833,-1,-1,-1
467,178,45.99,0.00,199.17,480.00,0.8861,-1,-1,-1
467,176,243.07,168.37,35.59,108.42,0.6915,-1,-1,-1
467,174,482.36,85.90,107.62,327.19,0.8819,-1,-1,-1
467,172,587.34,83.01,52.58,316.67,0.8733,-1,-1,-1
467,171,271.29,59.25,112.36,364.61,0.8932,-1,-1,-1
467,170,397.01,141.65,67.76,192.98,0.7694,-1,-1,-1
468,178,42.74,0.60,200.05,479.40,0.8912,-1,-1,-1
468,176,237.29,167.81,36.02,105.94,0.5254,-1,-1,-1
468,174,468.96,81.05,105.69,321.17,0.8662,-1,-1,-1
468,172,570.03,81.65,69.84,320.22,0.8729,-1,-1,-1
468,171,266.90,51.87,115.06,372.20,0.8778,-1,-1,-1
468,170,402.36,141.64,62.59,192.06,0.7424,-1,-1,-1
469,178,40.14,0.20,204.47,471.74,0.8561,-1,-1,-1
469,174,440.12,81.73,127.97,328.84,0.8494,-1,-1,-1
469,172,557.11,84.01,82.72,318.75,0.8594,-1,-1,-1
469,171,254.86,43.54,126.81,361.74,0.8723,-1,-1,-1
469,170,401.13,139.73,60.84,192.98,0.7109,-1,-1,-1
470,178,40.74,0.00,210.67,480.00,0.8562,-1,-1,-1
470,174,429.87,86.15,133.79,331.25,0.8919,-1,-1,-1
470,172,550.61,82.67,89.23,299.91,0.8733,-1,-1,-1
470,171,252.95,42.03,134.78,363.81,0.8750,-1,-1,-1
470,170,400.73,139.87,62.49,187.31,0.7672,-1,-1,-1
471,178,46.42,0.08,211.36,479.92,0.8749,-1,-1,-1
471,174,435.72,87.78,132.09,329.96,0.8881,-1,-1,-1
471,172,549.35,78.31,90.50,307.06,0.7523,-1,-1,-1
471,171,255.60,40.38,139.64,365.18,0.8792,-1,-1,-1
471,170,401.52,136.98,62.59,191.66,0.5920,-1,-1,-1
472,178,52.29,0.26,211.51,479.74,0.8802,-1,-1,-1
472,174,440.03,83.07,124.82,332.63,0.8809,-1,-1,-1
472,172,559.61,73.51,80.22,320.16,0.8591,-1,-1,-1
472,171,258.60,35.70,139.17,371.14,0.8852,-1,-1,-1
472,170,400.16,132.84,65.68,194.12,0.6258,-1,-1,-1
473,178,57.39,0.51,217.63,474.91,0.8506,-1,-1,-1
473,174,443.69,77.32,110.74,325.04,0.8927,-1,-1,-1
473,172,572.25,71.22,67.65,324.03,0.8809,-1,-1,-1
473,171,264.89,33.50,127.12,385.18,0.8721,-1,-1,-1
473,170,403.44,129.88,59.72,195.01,0.6296,-1,-1,-1
474,178,66.46,0.57,219.19,479.43,0.8411,-1,-1,-1
474,174,447.71,75.71,104.29,321.09,0.8470,-1,-1,-1
474,172,543.20,71.55,96.68,321.11,0.8477,-1,-1,-1
474,171,273.68,34.19,119.81,387.13,0.8807,-1,-1,-1
474,170,406.90,131.36,55.51,196.01,0.7490,-1,-1,-1
475,178,73.02,0.36,218.52,475.03,0.8606,-1,-1,-1
475,174,452.22,74.08,109.27,330.43,0.8482,-1,-1,-1
475,172,525.15,73.79,114.69,296.28,0.9071,-1,-1,-1
475,171,278.35,36.79,119.20,388.91,0.8838,-1,-1,-1
475,170,413.34,130.19,55.01,198.33,0.3909,-1,-1,-1
476,178,75.99,0.30,218.30,475.82,0.8772,-1,-1,-1
476,174,453.01,78.64,116.64,331.42,0.8854,-1,-1,-1
476,172,530.45,74.01,109.55,300.72,0.9005,-1,-1,-1
476,171,282.72,40.78,119.62,389.27,0.8852,-1,-1,-1
477,178,78.54,0.77,218.39,463.44,0.7765,-1,-1,-1
477,174,448.77,82.29,120.58,334.60,0.7883,-1,-1,-1
477,172,534.09,72.01,105.90,307.86,0.9026,-1,-1,-1
477,171,281.37,39.56,122.87,392.23,0.8945,-1,-1,-1
477,170,414.01,136.46,51.53,130.25,0.2622,-1,-1,-1
478,180,0.16,284.76,33.37,118.77,0.2639,-1,-1,-1
478,178,71.17,0.28,224.77,466.34,0.7867,-1,-1,-1
478,174,445.38,79.11,118.95,340.06,0.8136,-1,-1,-1
478,172,537.96,71.92,102.04,311.54,0.8894,-1,-1,-1
478,171,281.84,34.71,121.78,389.26,0.8981,-1,-1,-1
478,170,412.12,134.27,52.12,131.27,0.2658,-1,-1,-1
479,178,69.94,0.16,228.84,479.84,0.8127,-1,-1,-1
479,174,443.42,86.14,114.10,330.38,0.8517,-1,-1,-1
479,172,542.65,74.71,97.25,323.78,0.9091,-1,-1,-1
479,171,278.48,38.80,122.25,371.58,0.8945,-1,-1,-1
480,178,72.67,0.00,222.93,477.45,0.8428,-1,-1,-1
480,174,441.05,86.46,115.32,319.38,0.8708,-1,-1,-1
480,172,549.28,76.18,88.03,329.18,0.8300,-1,-1,-1
480,171,275.07,39.31,122.79,383.86,0.8866,-1,-1,-1
480,170,395.10,138.71,64.68,192.75,0.4793,-1,-1,-1
481,178,65.35,0.45,228.60,473.87,0.8036,-1,-1,-1
481,174,434.15,82.63,107.76,318.19,0.8625,-1,-1,-1
481,172,535.06,73.21,98.45,335.15,0.8480,-1,-1,-1
481,171,272.66,33.60,116.28,390.20,0.8836,-1,-1,-1
482,181,0.35,118.06,41.45,163.08,0.3412,-1,-1,-1
482,178,55.46,1.00,234.79,465.84,0.7511,-1,-1,-1
482,174,413.35,83.57,116.06,322.91,0.8689,-1,-1,-1
482,172,514.79,76.35,119.42,338.46,0.8402,-1,-1,-1
482,171,265.80,34.38,110.96,395.08,0.8883,-1,-1,-1
483,178,47.59,2.92,240.50,473.25,0.7811,-1,-1,-1
483,174,397.10,92.15,122.02,327.01,0.8719,-1,-1,-1
483,172,509.52,84.72,115.63,334.14,0.8815,-1,-1,-1
483,171,261.06,42.73,104.68,394.62,0.8769,-1,-1,-1
484,178,37.62,7.52,244.49,472.48,0.6537,-1,-1,-1
484,174,383.27,94.00,128.55,330.16,0.8438,-1,-1,-1
484,172,510.79,85.57,109.62,334.75,0.8762,-1,-1,-1
484,171,254.56,48.37,102.60,391.05,0.8590,-1,-1,-1
485,178,32.20,1.13,249.12,478.87,0.7355,-1,-1,-1
485,174,394.62,91.58,115.13,332.72,0.8089,-1,-1,-1
485,172,510.36,85.13,94.15,323.90,0.8384,-1,-1,-1
485,171,250.20,49.16,100.96,396.38,0.8413,-1,-1,-1
486,178,26.62,0.12,253.17,479.88,0.7839,-1,-1,-1
486,174,399.30,89.13,99.24,322.88,0.8709,-1,-1,-1
486,172,503.55,83.36,85.84,318.41,0.8733,-1,-1,-1
486,171,245.06,41.50,102.53,389.99,0.8828,-1,-1,-1
487,182,552.00,91.43,70.22,209.93,0.2979,-1,-1,-1
487,178,23.48,0.63,257.80,479.37,0.8442,-1,-1,-1
487,174,393.69,90.15,97.93,322.41,0.8712,-1,-1,-1
487,172,489.28,85.94,91.64,327.27,0.8850,-1,-1,-1
487,171,241.33,38.72,102.65,390.06,0.8847,-1,-1,-1
488,182,557.06,92.45,79.00,151.01,0.2855,-1,-1,-1
488,178,27.83,1.08,258.70,478.92,0.8164,-1,-1,-1
488,174,390.70,93.36,102.04,326.70,0.8520,-1,-1,-1
488,172,458.86,88.64,120.70,332.81,0.8519,-1,-1,-1
488,171,243.84,37.75,98.58,382.97,0.8605,-1,-1,-1
489,182,556.03,86.87,83.63,147.33,0.3864,-1,-1,-1
489,178,17.41,0.56,267.43,479.44,0.6871,-1,-1,-1
489,174,390.66,95.11,102.58,331.26,0.7843,-1,-1,-1
489,172,451.47,88.28,133.45,335.39,0.8952,-1,-1,-1
489,171,245.13,35.98,91.21,376.70,0.8672,-1,-1,-1
490,182,558.84,83.01,80.98,218.14,0.3306,-1,-1,-1
490,178,3.64,0.98,277.17,479.02,0.6197,-1,-1,-1
490,174,382.89,97.11,107.90,329.35,0.8306,-1,-1,-1
490,172,456.04,91.64,133.71,331.42,0.8814,-1,-1,-1
490,171,249.59,36.98,78.79,343.62,0.6458,-1,-1,-1
491,178,0.51,0.33,282.63,477.43,0.8248,-1,-1,-1
491,174,376.09,98.54,112.85,335.70,0.8504,-1,-1,-1
491,172,460.49,94.48,117.76,323.26,0.8676,-1,-1,-1
491,171,251.42,41.68,74.65,322.19,0.8144,-1,-1,-1
492,178,0.43,0.20,276.84,476.74,0.7391,-1,-1,-1
492,174,377.16,95.12,105.81,327.36,0.8687,-1,-1,-1
492,172,466.28,89.71,99.51,317.56,0.8140,-1,-1,-1
492,171,249.69,40.48,75.38,295.65,0.8187,-1,-1,-1
493,178,0.61,0.61,276.97,476.76,0.7244,-1,-1,-1
493,174,376.97,93.07,99.92,319.16,0.8681,-1,-1,-1
493,172,469.94,88.49,100.78,327.56,0.8350,-1,-1,-1
493,171,244.82,41.64,81.15,285.05,0.8093,-1,-1,-1
494,178,0.94,0.23,279.62,478.98,0.7532,-1,-1,-1
494,174,373.70,95.21,100.75,323.25,0.8321,-1,-1,-1
494,172,468.32,90.97,94.34,332.74,0.7724,-1,-1,-1
494,171,240.58,41.88,88.90,339.61,0.8514,-1,-1,-1
495,178,0.19,0.27,273.32,478.84,0.3710,-1,-1,-1
495,174,363.62,91.22,112.26,330.56,0.8764,-1,-1,-1
495,172,462.47,89.05,97.20,337.87,0.8356,-1,-1,-1
495,171,230.63,29.34,102.59,356.87,0.8552,-1,-1,-1
495,170,337.50,142.27,64.17,193.38,0.4053,-1,-1,-1
496,178,0.02,0.11,275.15,479.89,0.4373,-1,-1,-1
496,174,365.55,93.65,110.42,334.28,0.8892,-1,-1,-1
496,172,463.96,90.73,97.89,338.16,0.8447,-1,-1,-1
496,171,230.01,28.31,106.73,355.87,0.8535,-1,-1,-1
496,170,343.87,136.43,57.43,211.49,0.5615,-1,-1,-1
497,178,0.14,0.34,274.02,477.84,0.4711,-1,-1,-1
497,174,371.87,94.02,103.06,338.96,0.8469,-1,-1,-1
497,172,465.12,89.80,104.03,341.25,0.8033,-1,-1,-1
497,171,229.57,27.54,108.12,349.33,0.8473,-1,-1,-1
497,170,345.67,137.57,54.61,205.93,0.6548,-1,-1,-1
498,182,561.38,75.66,78.42,240.86,0.3471,-1,-1,-1
498,178,0.00,0.26,275.57,479.72,0.6798,-1,-1,-1
498,174,380.92,94.00,92.09,337.99,0.8278,-1,-1,-1
498,172,468.86,89.14,93.53,335.83,0.7976,-1,-1,-1
498,171,229.51,26.47,103.71,355.40,0.8122,-1,-1,-1
498,170,337.99,139.61,62.73,202.96,0.6500,-1,-1,-1
499,178,0.08,0.00,280.46,480.00,0.6286,-1,-1,-1
499,174,380.42,88.65,94.35,332.79,0.8408,-1,-1,-1
499,172,471.37,83.81,96.82,325.42,0.7744,-1,-1,-1
499,171,231.91,24.71,97.51,317.16,0.8391,-1,-1,-1
499,170,340.38,141.62,60.87,198.92,0.5445,-1,-1,-1
500,178,0.00,0.19,282.01,477.42,0.5895,-1,-1,-1
500,174,381.71,89.54,100.37,323.57,0.8534,-1,-1,-1
500,172,472.10,84.19,85.64,329.44,0.7345,-1,-1,-1
500,171,235.39,29.12,89.72,321.42,0.8270,-1,-1,-1
500,170,343.65,136.40,56.47,208.30,0.6925,-1,-1,-1
501,178,0.24,0.11,290.80,474.61,0.7232,-1,-1,-1
501,174,385.74,88.82,104.64,329.48,0.7831,-1,-1,-1
501,172,461.63,82.39,103.05,337.10,0.7663,-1,-1,-1
501,171,241.86,30.07,82.10,321.26,0.7993,-1,-1,-1
501,170,351.94,136.41,50.96,210.06,0.6528,-1,-1,-1
502,178,5.65,0.07,293.99,479.93,0.7815,-1,-1,-1
502,174,389.27,89.28,109.47,338.29,0.7962,-1,-1,-1
502,172,456.61,84.72,134.06,345.18,0.6835,-1,-1,-1
502,171,244.85,29.69,76.55,317.97,0.6735,-1,-1,-1
502,170,349.02,134.63,66.30,215.74,0.6760,-1,-1,-1
503,178,13.11,0.90,300.91,479.05,0.5543,-1,-1,-1
503,174,392.13,87.72,111.19,340.11,0.8464,-1,-1,-1
503,172,466.82,81.95,128.39,341.43,0.8678,-1,-1,-1
503,171,246.81,18.72,75.47,212.57,0.2782,-1,-1,-1
504,178,0.15,0.52,315.06,479.48,0.6561,-1,-1,-1
504,174,392.92,84.98,109.69,339.24,0.8560,-1,-1,-1
504,172,475.72,77.44,120.90,343.93,0.8774,-1,-1,-1
504,170,341.15,125.78,68.03,221.58,0.4468,-1,-1,-1
505,178,11.71,1.53,320.26,478.47,0.5061,-1,-1,-1
505,174,394.85,85.37,100.67,334.62,0.8393,-1,-1,-1
505,172,482.39,77.64,113.45,334.73,0.8635,-1,-1,-1
505,170,338.06,129.55,74.15,224.16,0.5845,-1,-1,-1
506,178,15.59,1.60,319.03,472.55,0.5653,-1,-1,-1
506,174,389.96,80.73,98.14,320.02,0.8595,-1,-1,-1
506,172,485.89,73.90,111.59,331.38,0.8743,-1,-1,-1
506,170,352.72,128.43,54.44,217.48,0.6641,-1,-1,-1
507,178,41.39,0.41,299.47,478.15,0.6286,-1,-1,-1
507,174,387.23,83.34,98.37,321.24,0.8243,-1,-1,-1
507,172,484.82,76.84,112.86,338.84,0.8488,-1,-1,-1
507,170,337.71,131.03,66.43,217.17,0.6451,-1,-1,-1
508,183,0.98,94.68,80.29,201.19,0.5071,-1,-1,-1
508,178,63.50,0.33,282.58,472.68,0.6250,-1,-1,-1
508,174,377.20,82.82,110.48,328.74,0.8268,-1,-1,-1
508,172,486.24,77.84,111.33,341.03,0.8543,-1,-1,-1
508,170,341.85,128.12,63.19,213.12,0.7141,-1,-1,-1
509,183,0.00,95.39,88.79,224.24,0.5992,-1,-1,-1
509,178,74.22,0.87,275.61,471.86,0.6205,-1,-1,-1
509,174,366.09,79.98,122.11,331.59,0.8553,-1,-1,-1
509,172,487.26,75.60,104.82,344.17,0.8492,-1,-1,-1
509,170,344.99,123.18,60.40,213.18,0.6588,-1,-1,-1
510,183,0.49,77.47,106.35,258.41,0.7466,-1,-1,-1
510,178,90.24,0.27,271.41,475.51,0.3890,-1,-1,-1
510,174,370.37,84.86,116.67,337.00,0.8441,-1,-1,-1
510,172,490.28,80.77,108.63,340.12,0.8117,-1,-1,-1
510,170,352.35,128.19,54.29,210.66,0.5704,-1,-1,-1
511,183,3.36,62.69,126.20,284.51,0.6792,-1,-1,-1
511,178,183.31,0.00,198.73,478.27,0.3489,-1,-1,-1
511,174,383.96,83.85,101.87,337.23,0.8348,-1,-1,-1
511,172,495.31,78.00,99.33,343.11,0.7718,-1,-1,-1
511,170,366.33,126.85,45.05,214.66,0.3317,-1,-1,-1
512,183,25.02,66.71,123.12,288.19,0.7095,-1,-1,-1
512,178,124.37,1.39,271.58,478.06,0.5870,-1,-1,-1
512,174,389.32,86.14,99.88,337.99,0.8622,-1,-1,-1
512,172,502.65,81.67,94.55,330.03,0.7594,-1,-1,-1
513,186,8.88,120.29,80.40,234.21,0.8405,-1,-1,-1
513,183,70.64,71.73,99.92,326.05,0.8416,-1,-1,-1
513,178,154.91,1.28,271.78,470.93,0.6844,-1,-1,-1
513,174,405.63,91.16,89.27,320.36,0.8337,-1,-1,-1
513,172,506.36,83.93,88.25,331.48,0.8385,-1,-1,-1
514,186,3.08,114.90,82.12,238.82,0.8450,-1,-1,-1
514,183,83.80,68.77,94.00,329.55,0.8856,-1,-1,-1
514,178,158.90,1.05,275.32,470.67,0.5517,-1,-1,-1
514,174,415.43,87.85,79.13,315.54,0.8662,-1,-1,-1
514,172,502.83,79.95,94.41,335.53,0.8378,-1,-1,-1
515,186,0.94,107.67,70.75,255.71,0.8529,-1,-1,-1
515,183,92.98,75.31,109.27,328.41,0.8878,-1,-1,-1
515,178,187.02,0.54,270.64,472.57,0.7153,-1,-1,-1
515,174,430.28,93.99,65.43,189.81,0.8157,-1,-1,-1
515,172,483.91,85.90,115.47,339.42,0.8417,-1,-1,-1
516,183,94.24,78.98,118.11,329.24,0.8785,-1,-1,-1
516,178,219.93,0.34,265.36,475.54,0.7072,-1,-1,-1
516,172,482.60,88.86,132.30,344.27,0.8219,-1,-1,-1
517,183,191.20,78.19,78.69,303.10,0.5607,-1,-1,-1
517,178,243.18,0.70,273.79,470.81,0.7442,-1,-1,-1
517,172,497.92,89.58,127.59,343.04,0.8859,-1,-1,-1
518,189,96.43,86.87,114.59,320.80,0.8743,-1,-1,-1
518,183,186.40,29.41,113.23,363.56,0.8533,-1,-1,-1
518,178,260.60,1.00,280.87,475.40,0.7534,-1,-1,-1
518,172,514.52,94.66,108.86,338.72,0.8425,-1,-1,-1
519,189,111.39,80.67,98.85,305.08,0.8668,-1,-1,-1
519,183,180.71,26.04,121.42,401.24,0.8749,-1,-1,-1
519,178,276.03,0.71,299.16,477.79,0.7190,-1,-1,-1
520,189,127.50,76.19,85.72,310.96,0.8340,-1,-1,-1
520,183,181.35,21.22,136.69,444.17,0.8774,-1,-1,-1
520,178,290.88,0.52,306.31,477.87,0.8223,-1,-1,-1
521,189,113.13,81.86,106.82,308.19,0.8424,-1,-1,-1
521,183,180.63,16.95,152.26,440.42,0.8792,-1,-1,-1
521,178,325.57,0.58,313.83,474.36,0.8640,-1,-1,-1
522,189,112.18,88.15,109.43,311.25,0.8236,-1,-1,-1
522,183,187.97,18.75,153.75,442.53,0.8876,-1,-1,-1
522,178,348.06,0.65,290.40,473.04,0.7792,-1,-1,-1
523,192,173.64,90.74,46.70,308.22,0.4247,-1,-1,-1
523,189,108.66,90.65,110.95,310.32,0.7713,-1,-1,-1
523,183,192.46,16.15,149.38,451.06,0.8998,-1,-1,-1
523,178,361.50,0.75,277.93,476.30,0.8149,-1,-1,-1
524,189,107.30,83.48,113.82,307.23,0.8325,-1,-1,-1
524,183,194.09,11.65,148.28,461.89,0.8948,-1,-1,-1
524,178,374.33,1.03,265.15,475.96,0.8006,-1,-1,-1
525,189,114.76,83.82,111.45,296.13,0.8325,-1,-1,-1
525,183,204.00,16.51,147.39,463.49,0.8895,-1,-1,-1
525,178,391.34,0.17,248.27,479.83,0.8934,-1,-1,-1
526,189,137.38,77.91,96.42,286.73,0.8529,-1,-1,-1
526,183,209.31,16.05,152.56,463.95,0.8738,-1,-1,-1
526,178,405.12,0.78,234.68,479.22,0.8942,-1,-1,-1
527,189,146.14,75.06,87.44,293.92,0.8489,-1,-1,-1
527,183,203.98,13.22,160.70,466.78,0.8661,-1,-1,-1
527,178,416.26,0.00,223.69,480.00,0.8698,-1,-1,-1
528,189,162.42,89.54,76.72,293.51,0.8614,-1,-1,-1
528,183,200.02,22.37,172.28,457.40,0.8605,-1,-1,-1
528,178,437.08,0.00,202.92,480.00,0.9061,-1,-1,-1
529,195,382.38,106.38,87.95,315.72,0.8117,-1,-1,-1
529,194,126.18,163.68,47.75,146.53,0.7924,-1,-1,-1
529,189,161.95,98.28,79.83,289.26,0.8438,-1,-1,-1
529,183,203.98,26.92,170.87,451.79,0.8829,-1,-1,-1
529,178,449.01,0.48,190.80,476.28,0.8936,-1,-1,-1
530,195,384.90,109.98,93.19,317.77,0.7385,-1,-1,-1
530,194,119.37,160.70,47.74,152.24,0.7848,-1,-1,-1
530,189,158.39,101.73,87.75,285.90,0.8630,-1,-1,-1
530,183,213.14,27.33,167.53,438.17,0.8749,-1,-1,-1
530,178,468.58,0.37,171.18,478.17,0.9025,-1,-1,-1
531,195,385.56,112.30,96.73,323.04,0.8240,-1,-1,-1
531,194,111.46,159.67,55.12,157.73,0.8114,-1,-1,-1
531,189,155.57,103.46,92.96,287.52,0.8511,-1,-1,-1
531,183,219.42,28.31,161.96,448.65,0.8791,-1,-1,-1
531,178,475.54,0.25,164.18,479.09,0.8965,-1,-1,-1
532,195,377.73,104.78,98.41,321.82,0.8402,-1,-1,-1
532,194,93.11,158.61,64.98,164.79,0.7518,-1,-1,-1
532,189,165.33,100.77,84.80,275.09,0.8406,-1,-1,-1
532,183,226.23,27.20,147.35,452.80,0.8936,-1,-1,-1
532,178,485.44,1.05,154.31,478.00,0.8852,-1,-1,-1
533,196,464.66,92.26,50.77,269.24,0.5636,-1,-1,-1
533,195,370.94,97.55,97.82,310.57,0.8438,-1,-1,-1
533,194,74.11,153.86,74.22,169.08,0.7949,-1,-1,-1
533,189,172.14,93.13,74.03,277.76,0.7978,-1,-1,-1
533,183,219.43,22.10,144.39,457.90,0.8799,-1,-1,-1
533,178,482.51,0.41,157.17,478.60,0.8890,-1,-1,-1
534,196,452.92,88.20,63.19,301.41,0.7802,-1,-1,-1
534,195,357.70,94.54,96.47,314.11,0.7876,-1,-1,-1
534,194,55.42,146.12,66.65,181.32,0.7984,-1,-1,-1
534,189,148.75,88.38,88.59,282.70,0.7946,-1,-1,-1
534,183,202.71,23.09,143.93,455.74,0.8854,-1,-1,-1
534,178,485.82,1.77,153.97,476.77,0.8880,-1,-1,-1
535,196,448.21,89.05,70.33,323.96,0.8451,-1,-1,-1
535,195,338.44,95.60,107.34,318.73,0.7805,-1,-1,-1
535,194,41.76,138.08,68.55,191.94,0.7869,-1,-1,-1
535,192,181.61,88.23,53.52,288.94,0.3160,-1,-1,-1
535,189,137.57,89.77,93.51,294.53,0.5142,-1,-1,-1
535,183,190.19,23.27,150.57,456.67,0.8782,-1,-1,-1
535,178,492.33,2.10,147.55,474.63,0.8779,-1,-1,-1
536,196,444.82,88.80,77.78,315.39,0.8429,-1,-1,-1
536,195,322.89,96.73,120.12,323.63,0.8517,-1,-1,-1
536,194,29.68,131.23,75.39,201.22,0.7968,-1,-1,-1
536,189,137.16,126.93,80.57,159.77,0.5161,-1,-1,-1
536,183,194.10,17.60,146.06,456.96,0.8794,-1,-1,-1
536,178,499.05,0.47,140.83,477.89,0.8810,-1,-1,-1
537,197,128.01,149.04,36.58,136.37,0.4144,-1,-1,-1
537,196,441.57,84.38,85.26,316.45,0.8732,-1,-1,-1
537,195,318.26,92.51,121.96,331.21,0.8493,-1,-1,-1
537,194,9.89,117.63,83.94,211.59,0.8026,-1,-1,-1
537,192,142.30,111.29,85.60,267.13,0.2910,-1,-1,-1
537,189,134.64,120.95,78.68,169.44,0.4640,-1,-1,-1
537,183,193.00,4.22,149.62,457.01,0.8817,-1,-1,-1
537,178,504.78,7.66,135.07,471.25,0.8824,-1,-1,-1
538,197,124.04,144.85,38.35,141.60,0.6651,-1,-1,-1
538,196,439.42,85.34,91.14,336.14,0.8513,-1,-1,-1
538,195,328.74,90.92,108.14,334.49,0.8007,-1,-1,-1
538,194,6.39,117.17,83.55,223.73,0.8456,-1,-1,-1
538,193,404.86,125.86,45.00,234.55,0.5396,-1,-1,-1
538,189,132.93,126.09,75.23,163.27,0.5854,-1,-1,-1
538,183,195.04,2.05,154.54,453.63,0.8947,-1,-1,-1
538,178,510.91,1.33,128.83,478.16,0.8789,-1,-1,-1
539,197,120.81,139.80,47.21,146.56,0.7932,-1,-1,-1
539,196,448.42,83.60,92.26,321.06,0.8490,-1,-1,-1
539,195,337.39,87.59,98.57,327.89,0.8634,-1,-1,-1
539,194,0.04,112.71,86.51,237.58,0.8775,-1,-1,-1
539,193,409.05,126.46,50.54,222.54,0.7755,-1,-1,-1
539,189,153.67,121.81,58.68,166.06,0.6061,-1,-1,-1
539,183,197.78,1.70,162.04,467.80,0.8856,-1,-1,-1
539,178,531.65,1.98,108.16,474.39,0.8620,-1,-1,-1
540,197,121.48,138.41,53.86,152.20,0.7812,-1,-1,-1
540,196,451.40,77.90,99.72,337.95,0.8351,-1,-1,-1
540,195,343.85,88.73,94.35,323.48,0.8686,-1,-1,-1
540,194,0.00,115.36,88.08,246.48,0.8681,-1,-1,-1
540,193,412.46,128.16,51.46,222.16,0.7292,-1,-1,-1
540,189,170.21,120.90,65.63,242.81,0.7546,-1,-1,-1
540,183,203.90,1.08,161.16,476.39,0.8777,-1,-1,-1
540,178,541.70,6.84,98.20,465.56,0.8122,-1,-1,-1
541,197,116.79,139.81,63.44,155.70,0.8574,-1,-1,-1
541,196,456.61,73.42,113.37,344.78,0.7461,-1,-1,-1
541,195,352.30,83.27,92.76,337.07,0.8384,-1,-1,-1
541,194,0.02,108.72,79.24,264.91,0.8601,-1,-1,-1
541,193,422.95,125.62,48.84,234.91,0.6711,-1,-1,-1
541,189,190.10,124.64,55.30,247.19,0.7327,-1,-1,-1
541,183,215.99,0.92,159.35,472.05,0.8654,-1,-1,-1
541,178,562.41,25.45,77.42,403.14,0.7544,-1,-1,-1
542,197,106.90,139.33,73.81,161.74,0.8664,-1,-1,-1
542,196,445.80,71.33,123.20,354.19,0.6215,-1,-1,-1
542,195,361.92,83.98,88.95,339.99,0.7930,-1,-1,-1
542,194,0.14,97.59,71.91,282.73,0.8438,-1,-1,-1
542,193,431.49,126.39,43.34,250.92,0.2615,-1,-1,-1
542,189,207.59,122.32,44.51,251.06,0.4877,-1,-1,-1
542,183,229.92,2.32,153.53,472.41,0.8767,-1,-1,-1
542,178,590.64,46.17,49.17,379.89,0.4941,-1,-1,-1
543,198,185.41,152.62,38.75,145.27,0.5616,-1,-1,-1
543,197,102.01,143.49,77.17,161.67,0.8755,-1,-1,-1
543,196,438.53,76.24,123.56,361.61,0.8114,-1,-1,-1
543,195,368.57,90.95,85.46,342.78,0.6886,-1,-1,-1
543,194,0.19,91.06,71.66,294.27,0.8645,-1,-1,-1
543,193,431.00,124.57,51.32,281.26,0.3388,-1,-1,-1
543,189,213.47,123.44,44.21,257.09,0.5257,-1,-1,-1
543,183,235.79,8.22,158.73,469.29,0.8474,-1,-1,-1
544,198,183.32,146.31,50.06,151.38,0.7646,-1,-1,-1
544,197,98.65,135.92,79.24,168.89,0.8782,-1,-1,-1
544,196,446.54,76.27,131.90,366.31,0.8223,-1,-1,-1
544,195,359.77,91.50,69.55,344.38,0.3404,-1,-1,-1
544,194,0.28,85.38,55.47,301.83,0.8031,-1,-1,-1
544,193,441.15,131.98,42.52,135.09,0.2519,-1,-1,-1
544,189,218.77,131.86,45.49,245.35,0.6382,-1,-1,-1
544,186,386.95,89.42,73.20,314.89,0.5156,-1,-1,-1
544,183,243.59,3.41,159.19,476.59,0.8633,-1,-1,-1
545,198,185.51,148.76,52.22,151.33,0.7137,-1,-1,-1
545,197,102.00,134.35,78.84,170.94,0.8726,-1,-1,-1
545,196,456.59,74.71,128.78,370.60,0.8016,-1,-1,-1
545,194,0.15,112.34,61.68,275.75,0.7935,-1,-1,-1
545,193,441.72,116.96,36.91,243.18,0.3106,-1,-1,-1
545,189,226.56,144.12,43.58,231.71,0.3899,-1,-1,-1
545,186,397.58,89.10,67.37,345.51,0.5132,-1,-1,-1
545,183,243.64,0.65,168.16,479.06,0.8553,-1,-1,-1
546,198,193.21,149.12,51.66,153.33,0.7579,-1,-1,-1
546,197,106.35,129.96,77.78,176.70,0.8602,-1,-1,-1
546,196,473.95,71.24,118.99,371.78,0.7836,-1,-1,-1
546,195,375.83,83.87,97.67,352.26,0.5795,-1,-1,-1
546,194,0.12,120.22,52.97,275.08,0.7622,-1,-1,-1
546,189,246.38,132.30,32.46,126.43,0.3255,-1,-1,-1
546,183,253.45,0.41,174.28,478.15,0.8985,-1,-1,-1
547,198,192.46,141.69,55.65,160.87,0.8171,-1,-1,-1
547,197,112.82,121.15,66.65,185.06,0.7894,-1,-1,-1
547,196,488.88,66.54,119.00,363.12,0.7380,-1,-1,-1
547,195,393.71,81.78,88.89,340.35,0.6853,-1,-1,-1
547,194,0.13,126.30,31.68,267.32,0.5029,-1,-1,-1
547,183,247.53,0.80,192.55,479.20,0.8883,-1,-1,-1
548,198,195.07,138.20,62.36,166.51,0.8394,-1,-1,-1
548,197,117.58,120.98,62.56,188.25,0.8157,-1,-1,-1
548,196,505.50,64.55,117.31,375.94,0.7096,-1,-1,-1
548,195,402.93,82.42,82.72,349.25,0.5365,-1,-1,-1
548,193,476.54,116.52,45.24,253.49,0.6141,-1,-1,-1
548,183,248.70,0.00,196.88,471.15,0.8814,-1,-1,-1
549,198,194.13,134.86,64.24,171.15,0.8261,-1,-1,-1
549,197,117.35,118.39,65.12,192.67,0.8225,-1,-1,-1
549,196,515.34,62.92,123.47,387.69,0.7685,-1,-1,-1
549,195,400.43,85.41,64.30,349.62,0.2695,-1,-1,-1
549,193,480.07,122.79,49.73,244.88,0.6846,-1,-1,-1
549,183,252.46,0.46,194.92,470.61,0.8594,-1,-1,-1
550,198,195.71,117.22,63.17,178.01,0.8328,-1,-1,-1
550,197,106.74,103.93,71.43,202.12,0.7353,-1,-1,-1
550,196,528.57,48.57,111.14,399.96,0.8854,-1,-1,-1
550,195,405.76,63.77,83.07,370.19,0.3738,-1,-1,-1
550,193,485.18,111.10,57.47,248.94,0.7895,-1,-1,-1
550,183,259.86,0.17,190.46,479.60,0.7731,-1,-1,-1
551,202,432.88,70.74,57.73,189.08,0.2977,-1,-1,-1
551,198,194.16,112.47,62.79,182.27,0.8254,-1,-1,-1
551,197,93.18,97.63,79.39,209.13,0.8372,-1,-1,-1
551,196,533.82,44.23,106.00,406.29,0.9019,-1,-1,-1
551,195,408.29,71.09,81.24,366.02,0.5840,-1,-1,-1
551,193,487.97,108.38,63.54,250.77,0.7482,-1,-1,-1
551,192,255.93,123.06,55.30,210.40,0.3576,-1,-1,-1
551,183,266.42,0.42,178.83,478.12,0.7981,-1,-1,-1
552,202,420.02,66.96,61.97,243.09,0.6492,-1,-1,-1
552,198,180.30,114.99,75.96,193.73,0.8695,-1,-1,-1
552,197,77.46,102.61,84.83,217.76,0.8669,-1,-1,-1
552,196,539.71,50.05,100.16,406.95,0.8940,-1,-1,-1
552,193,493.17,115.76,58.59,248.99,0.8078,-1,-1,-1
552,192,258.52,128.00,50.41,205.82,0.3710,-1,-1,-1
552,183,262.53,0.00,214.58,458.38,0.7676,-1,-1,-1
553,202,411.13,68.17,68.87,247.04,0.6963,-1,-1,-1
553,198,169.14,117.99,81.80,196.10,0.8716,-1,-1,-1
553,197,71.00,100.32,82.49,226.75,0.8717,-1,-1,-1
553,196,544.71,52.61,95.14,408.41,0.8766,-1,-1,-1
553,193,495.07,117.92,61.02,249.13,0.8039,-1,-1,-1
553,183,252.92,7.49,210.68,472.51,0.8598,-1,-1,-1
554,202,428.55,116.86,49.15,210.32,0.3899,-1,-1,-1
554,198,167.45,117.14,81.75,204.95,0.8604,-1,-1,-1
554,197,65.10,96.89,79.26,235.26,0.8522,-1,-1,-1
554,196,550.93,51.85,88.92,400.75,0.8936,-1,-1,-1
554,193,501.74,119.03,62.01,247.92,0.7678,-1,-1,-1
554,183,246.84,0.33,192.28,479.67,0.8953,-1,-1,-1
555,202,406.73,113.75,66.02,247.70,0.6300,-1,-1,-1
555,198,168.53,110.23,75.80,215.15,0.8783,-1,-1,-1
555,197,62.39,90.45,69.92,242.01,0.8391,-1,-1,-1
555,196,559.63,46.44,80.21,397.18,0.8912,-1,-1,-1
555,193,507.63,112.40,66.44,247.45,0.7635,-1,-1,-1
555,183,260.18,0.48,186.10,479.52,0.9125,-1,-1,-1
556,202,413.23,115.16,66.45,252.61,0.6948,-1,-1,-1
556,198,165.95,111.43,75.33,220.80,0.8762,-1,-1,-1
556,197,48.23,90.11,78.19,247.75,0.8331,-1,-1,-1
556,196,564.87,47.84,74.96,399.46,0.8629,-1,-1,-1
556,193,509.25,115.60,70.70,249.13,0.7722,-1,-1,-1
556,183,252.62,1.52,193.38,478.48,0.9082,-1,-1,-1
557,202,420.37,120.85,78.35,284.71,0.7216,-1,-1,-1
557,198,156.73,111.11,78.11,232.82,0.8789,-1,-1,-1
557,197,20.84,91.32,92.66,258.93,0.8682,-1,-1,-1
557,196,550.57,61.48,89.27,387.61,0.8320,-1,-1,-1
557,193,517.36,130.06,64.00,243.23,0.8214,-1,-1,-1
557,183,261.46,3.84,189.07,476.07,0.9203,-1,-1,-1
558,202,419.28,115.79,90.97,292.69,0.8158,-1,-1,-1
558,198,152.22,106.44,80.05,237.54,0.8721,-1,-1,-1
558,197,0.19,83.24,102.61,268.42,0.8952,-1,-1,-1
558,196,546.96,60.67,92.85,377.30,0.8451,-1,-1,-1
558,193,520.80,130.40,60.75,231.50,0.8128,-1,-1,-1
558,183,262.04,2.96,188.13,474.95,0.9082,-1,-1,-1
559,202,429.28,101.02,109.48,320.32,0.8191,-1,-1,-1
559,198,149.70,94.90,87.15,245.71,0.8667,-1,-1,-1
559,197,0.00,78.88,96.15,272.80,0.9037,-1,-1,-1
559,196,556.65,49.72,83.24,370.22,0.8579,-1,-1,-1
559,193,532.82,116.47,62.14,250.94,0.7421,-1,-1,-1
559,183,271.49,0.88,184.77,473.82,0.9217,-1,-1,-1
560,202,445.53,88.78,104.53,341.71,0.8006,-1,-1,-1
560,198,144.37,89.25,91.63,262.27,0.8781,-1,-1,-1
560,197,0.00,76.74,90.62,280.97,0.9214,-1,-1,-1
560,196,574.42,44.16,65.48,378.63,0.8585,-1,-1,-1
560,193,537.90,113.11,57.98,242.53,0.7395,-1,-1,-1
560,183,271.75,0.00,184.47,478.48,0.9136,-1,-1,-1
561,203,430.40,87.60,43.63,90.59,0.2546,-1,-1,-1
561,202,447.85,68.32,110.35,367.09,0.6572,-1,-1,-1
561,199,551.27,112.17,36.29,130.90,0.2518,-1,-1,-1
561,198,125.46,78.03,96.90,281.09,0.8097,-1,-1,-1
561,197,0.00,67.63,74.82,287.27,0.8848,-1,-1,-1
561,196,572.28,39.56,67.59,388.44,0.8866,-1,-1,-1
561,193,546.23,110.62,42.27,246.18,0.5997,-1,-1,-1
561,183,253.11,1.65,197.90,478.35,0.8990,-1,-1,-1
562,204,406.62,79.53,62.22,261.21,0.5432,-1,-1,-1
562,202,455.85,54.57,113.67,380.44,0.7988,-1,-1,-1
562,198,110.98,71.83,99.89,288.78,0.8753,-1,-1,-1
562,197,0.00,89.36,58.11,263.30,0.8560,-1,-1,-1
562,196,567.23,34.67,72.62,398.37,0.9048,-1,-1,-1
562,183,242.80,0.83,204.11,478.08,0.8985,-1,-1,-1
563,204,410.34,80.59,73.49,271.33,0.6222,-1,-1,-1
563,203,429.53,81.25,53.96,144.74,0.2663,-1,-1,-1
563,202,473.69,42.84,129.37,430.86,0.6245,-1,-1,-1
563,198,96.00,63.85,107.55,317.67,0.8177,-1,-1,-1
563,197,0.00,106.88,31.69,250.70,0.5158,-1,-1,-1
563,196,578.24,41.14,61.62,406.49,0.8313,-1,-1,-1
563,183,234.11,2.38,217.49,477.62,0.9243,-1,-1,-1
564,204,412.80,79.03,73.59,280.25,0.7098,-1,-1,-1
564,202,516.47,37.56,111.18,434.61,0.5517,-1,-1,-1
564,199,585.50,42.65,54.29,207.69,0.5315,-1,-1,-1
564,198,85.62,57.25,117.05,331.51,0.8687,-1,-1,-1
564,196,582.42,41.19,57.27,410.61,0.6636,-1,-1,-1
564,195,452.15,108.25,132.80,369.60,0.2781,-1,-1,-1
564,183,232.32,1.73,216.93,478.27,0.9036,-1,-1,-1
565,204,413.54,73.80,83.85,299.54,0.7920,-1,-1,-1
565,202,480.49,25.41,159.51,454.24,0.8272,-1,-1,-1
565,198,73.62,47.65,116.54,352.08,0.8584,-1,-1,-1
565,183,233.70,0.81,214.02,477.53,0.9221,-1,-1,-1
566,204,421.06,63.32,82.46,318.09,0.8403,-1,-1,-1
566,198,58.13,37.93,126.76,367.63,0.8917,-1,-1,-1
566,195,501.41,79.56,138.53,400.44,0.5172,-1,-1,-1
566,183,231.64,0.79,211.64,478.65,0.9175,-1,-1,-1
567,204,424.33,52.57,90.37,337.36,0.8584,-1,-1,-1
567,198,39.86,23.14,133.85,392.76,0.9007,-1,-1,-1
567,195,530.17,75.14,109.56,403.99,0.8255,-1,-1,-1
567,183,231.46,0.94,203.71,474.32,0.9194,-1,-1,-1
568,204,424.21,43.13,106.26,357.96,0.8648,-1,-1,-1
568,198,21.66,14.14,144.10,410.44,0.9122,-1,-1,-1
568,195,538.95,58.82,100.91,419.41,0.6951,-1,-1,-1
568,183,228.94,0.72,201.83,470.99,0.9187,-1,-1,-1
569,204,417.18,24.38,129.35,383.01,0.8649,-1,-1,-1
569,198,0.00,0.02,149.70,447.55,0.9100,-1,-1,-1
569,195,567.76,51.99,72.16,428.01,0.4805,-1,-1,-1
569,183,219.77,0.50,203.00,475.61,0.9236,-1,-1,-1
570,204,425.74,11.12,131.47,403.10,0.8622,-1,-1,-1
570,198,0.00,0.58,140.07,432.29,0.9159,-1,-1,-1
570,195,562.42,46.43,77.44,371.65,0.6262,-1,-1,-1
570,183,210.85,0.49,209.24,476.40,0.9178,-1,-1,-1
571,204,433.83,1.11,141.96,430.15,0.8686,-1,-1,-1
571,198,0.00,0.00,122.65,446.14,0.8978,-1,-1,-1
571,195,565.42,53.80,74.58,366.15,0.8798,-1,-1,-1
571,183,191.18,0.00,229.94,477.64,0.9079,-1,-1,-1
572,204,440.73,0.34,151.27,448.82,0.8796,-1,-1,-1
572,198,0.20,1.20,109.21,455.49,0.8826,-1,-1,-1
572,195,571.23,61.20,68.64,310.91,0.7341,-1,-1,-1
572,183,182.88,0.00,236.53,476.53,0.9157,-1,-1,-1
573,204,443.93,0.81,178.11,478.12,0.8487,-1,-1,-1
573,198,0.22,18.36,95.44,454.66,0.8323,-1,-1,-1
573,195,591.65,71.88,48.18,317.92,0.4259,-1,-1,-1
573,183,178.75,0.04,243.56,478.94,0.9162,-1,-1,-1
574,204,457.04,0.12,178.71,479.88,0.9044,-1,-1,-1
574,183,181.14,0.00,250.09,478.01,0.9135,-1,-1,-1
575,204,466.67,0.52,173.02,478.53,0.9145,-1,-1,-1
575,183,191.91,0.00,244.69,477.19,0.9049,-1,-1,-1
576,204,481.25,0.63,158.51,479.37,0.9071,-1,-1,-1
576,183,201.03,0.00,242.53,479.74,0.9184,-1,-1,-1
577,204,495.40,0.87,144.57,477.05,0.8957,-1,-1,-1
577,183,207.32,0.00,242.80,480.00,0.9225,-1,-1,-1
578,204,519.64,1.26,120.20,478.74,0.7291,-1,-1,-1
578,183,215.86,0.25,239.50,479.75,0.9245,-1,-1,-1
579,183,224.68,0.28,234.98,479.72,0.9072,-1,-1,-1
580,210,501.06,65.09,126.85,348.80,0.8443,-1,-1,-1
580,183,235.80,0.44,231.41,476.11,0.9166,-1,-1,-1
581,211,216.01,148.09,48.46,135.55,0.7864,-1,-1,-1
581,210,505.75,68.55,84.92,327.85,0.7142,-1,-1,-1
581,183,253.87,0.07,234.02,478.80,0.9243,-1,-1,-1
582,212,557.68,115.09,82.10,262.83,0.2903,-1,-1,-1
582,211,210.65,150.22,54.71,136.83,0.8260,-1,-1,-1
582,210,497.77,70.27,85.80,325.58,0.6026,-1,-1,-1
582,183,257.43,0.21,238.12,476.12,0.9218,-1,-1,-1
583,212,529.81,115.16,110.07,292.84,0.6704,-1,-1,-1
583,211,205.88,160.06,59.33,138.36,0.7320,-1,-1,-1
583,210,499.16,81.58,77.41,322.06,0.6863,-1,-1,-1
583,183,261.55,0.00,253.34,477.55,0.9171,-1,-1,-1
584,214,0.39,0.00,92.85,429.58,0.3731,-1,-1,-1
584,212,508.48,97.52,120.44,319.59,0.5038,-1,-1,-1
584,211,203.74,159.42,58.67,143.48,0.7192,-1,-1,-1
584,183,265.75,0.00,270.79,476.77,0.9155,-1,-1,-1
585,214,0.23,0.03,111.99,473.47,0.6190,-1,-1,-1
585,212,544.87,117.95,61.52,236.64,0.4531,-1,-1,-1
585,211,201.25,149.28,55.89,151.23,0.7361,-1,-1,-1
585,183,271.25,0.21,280.37,474.57,0.9072,-1,-1,-1
586,214,0.24,0.00,116.81,475.19,0.5812,-1,-1,-1
586,212,534.14,121.00,69.80,259.37,0.7515,-1,-1,-1
586,211,197.60,144.20,59.34,161.48,0.8082,-1,-1,-1
586,210,457.13,94.29,127.37,320.02,0.3595,-1,-1,-1
586,183,275.47,0.00,277.13,472.98,0.9011,-1,-1,-1
587,214,0.40,0.00,110.43,477.25,0.6821,-1,-1,-1
587,212,521.93,117.62,69.47,255.66,0.6560,-1,-1,-1
587,211,187.90,142.80,61.12,160.69,0.8180,-1,-1,-1
587,210,458.25,137.88,95.97,259.67,0.5198,-1,-1,-1
587,183,277.12,0.01,260.53,471.68,0.9127,-1,-1,-1
588,214,0.44,0.00,103.36,478.12,0.6465,-1,-1,-1
588,212,514.82,124.00,71.35,250.91,0.7257,-1,-1,-1
588,211,180.25,146.09,59.68,164.25,0.8345,-1,-1,-1
588,210,456.25,177.12,72.97,214.99,0.5844,-1,-1,-1
588,183,274.13,0.00,251.52,480.00,0.9158,-1,-1,-1
589,214,0.66,0.88,96.23,476.27,0.6293,-1,-1,-1
589,212,470.99,128.67,95.20,244.02,0.6394,-1,-1,-1
589,211,154.31,143.82,64.66,172.51,0.7229,-1,-1,-1
589,183,245.43,0.00,253.21,479.72,0.9051,-1,-1,-1
590,218,0.15,3.28,40.43,473.52,0.3517,-1,-1,-1
590,214,0.69,2.04,99.12,469.40,0.3432,-1,-1,-1
590,212,458.96,125.67,97.71,245.48,0.7959,-1,-1,-1
590,211,141.12,140.23,69.43,178.54,0.8216,-1,-1,-1
590,183,232.43,0.00,256.67,478.10,0.8834,-1,-1,-1
591,214,0.28,0.00,115.57,471.18,0.6629,-1,-1,-1
591,212,447.53,122.78,90.81,244.14,0.6489,-1,-1,-1
591,211,124.12,140.30,66.59,183.32,0.8122,-1,-1,-1
591,183,202.65,0.02,267.47,479.36,0.8733,-1,-1,-1
592,214,0.05,1.25,73.09,375.34,0.7696,-1,-1,-1
592,212,404.59,125.89,108.12,261.15,0.7559,-1,-1,-1
592,211,104.83,143.78,72.91,196.13,0.8585,-1,-1,-1
592,183,186.96,0.00,261.50,478.33,0.8745,-1,-1,-1
593,214,0.04,15.08,68.50,358.44,0.2889,-1,-1,-1
593,212,376.20,122.90,97.88,253.86,0.3695,-1,-1,-1
593,211,84.09,131.30,76.60,208.99,0.8117,-1,-1,-1
593,183,193.76,0.00,252.49,479.68,0.8939,-1,-1,-1
594,221,415.64,118.29,62.58,238.06,0.2947,-1,-1,-1
594,219,0.08,28.88,96.15,449.54,0.5638,-1,-1,-1
594,212,373.95,129.12,70.02,247.69,0.2940,-1,-1,-1
594,211,72.68,123.61,77.47,214.82,0.8333,-1,-1,-1
594,183,192.61,0.45,246.32,478.63,0.8991,-1,-1,-1
595,221,404.90,125.51,68.86,240.30,0.4693,-1,-1,-1
595,220,186.96,150.90,35.33,146.12,0.2770,-1,-1,-1
595,212,367.82,133.68,67.57,251.91,0.2734,-1,-1,-1
595,211,43.32,118.17,92.68,230.42,0.7864,-1,-1,-1
595,183,193.58,0.33,240.88,479.67,0.9078,-1,-1,-1
596,221,406.24,128.28,51.56,243.63,0.3981,-1,-1,-1
596,220,178.14,166.53,37.08,131.92,0.2577,-1,-1,-1
596,214,0.39,39.62,45.20,312.21,0.4029,-1,-1,-1
596,212,369.65,125.61,81.09,261.09,0.5818,-1,-1,-1
596,211,35.54,110.13,91.37,238.18,0.8217,-1,-1,-1
596,183,192.05,0.26,234.26,479.74,0.9078,-1,-1,-1
597,220,170.50,152.87,42.03,147.07,0.7693,-1,-1,-1
597,214,0.21,57.29,37.29,297.21,0.5669,-1,-1,-1
597,212,360.01,138.72,85.17,243.11,0.3712,-1,-1,-1
597,211,27.48,105.05,87.93,246.25,0.7980,-1,-1,-1
597,183,197.61,0.02,222.00,478.37,0.9004,-1,-1,-1
598,222,611.59,224.43,28.18,116.41,0.4746,-1,-1,-1
598,220,156.19,154.48,56.18,149.71,0.7754,-1,-1,-1
598,214,0.39,122.02,34.83,233.17,0.4540,-1,-1,-1
598,212,374.93,139.35,61.98,238.05,0.2545,-1,-1,-1
598,211,15.18,105.93,86.08,251.95,0.7668,-1,-1,-1
598,183,200.79,0.00,218.22,478.02,0.9108,-1,-1,-1
599,222,605.22,193.78,34.57,147.59,0.6152,-1,-1,-1
599,220,149.78,152.15,60.02,151.64,0.8051,-1,-1,-1
599,212,372.54,139.19,55.16,230.17,0.4019,-1,-1,-1
599,211,0.21,100.69,92.20,281.57,0.8245,-1,-1,-1
599,183,198.62,0.00,225.49,477.10,0.9032,-1,-1,-1
600,222,596.73,143.05,43.16,208.33,0.6039,-1,-1,-1
600,220,145.66,153.44,60.83,159.78,0.8116,-1,-1,-1
600,211,0.23,95.85,70.76,274.77,0.8680,-1,-1,-1
600,183,200.04,1.01,235.29,475.12,0.9121,-1,-1,-1
601,222,594.76,131.54,45.13,224.65,0.5683,-1,-1,-1
601,220,140.42,153.16,61.95,163.76,0.8204,-1,-1,-1
601,211,0.15,134.53,54.75,238.26,0.4183,-1,-1,-1
601,183,196.17,0.60,239.73,479.26,0.9209,-1,-1,-1
602,222,590.61,114.55,49.22,244.43,0.5306,-1,-1,-1
602,220,139.51,150.69,58.52,167.53,0.8201,-1,-1,-1
602,183,190.69,0.00,246.86,480.00,0.9112,-1,-1,-1
603,222,588.61,109.23,51.28,254.72,0.5837,-1,-1,-1
603,220,131.82,152.23,63.21,173.37,0.8622,-1,-1,-1
603,211,0.22,190.81,33.23,275.97,0.3071,-1,-1,-1
603,183,191.96,0.19,238.63,479.81,0.9084,-1,-1,-1
604,224,191.75,142.01,51.18,230.06,0.2756,-1,-1,-1
604,222,582.45,105.93,57.43,371.19,0.4698,-1,-1,-1
604,220,130.55,147.47,68.80,179.01,0.8127,-1,-1,-1
604,212,368.28,179.21,64.26,192.50,0.3795,-1,-1,-1
604,211,0.23,222.70,50.72,212.37,0.6247,-1,-1,-1
604,183,192.78,0.00,231.53,480.00,0.9057,-1,-1,-1
605,224,198.20,161.44,47.71,211.87,0.3346,-1,-1,-1
605,222,586.69,98.84,53.29,254.69,0.5190,-1,-1,-1
605,220,128.91,143.78,68.12,183.32,0.8074,-1,-1,-1
605,212,372.77,185.23,53.35,185.32,0.3238,-1,-1,-1
605,211,0.16,216.92,63.74,201.42,0.4953,-1,-1,-1
605,183,197.79,0.00,217.34,479.31,0.9085,-1,-1,-1
606,222,592.06,98.51,47.88,379.99,0.4641,-1,-1,-1
606,220,125.18,139.65,70.06,184.73,0.8113,-1,-1,-1
606,211,0.12,215.69,68.62,264.31,0.4066,-1,-1,-1
606,183,200.85,0.00,210.36,478.42,0.9110,-1,-1,-1
607,224,195.35,164.35,59.18,207.55,0.2770,-1,-1,-1
607,220,115.38,132.75,77.95,195.73,0.8302,-1,-1,-1
607,211,0.24,194.30,69.10,222.50,0.4382,-1,-1,-1
607,183,196.95,1.14,211.22,478.86,0.9039,-1,-1,-1
608,224,191.36,155.32,57.83,225.55,0.3297,-1,-1,-1
608,220,95.81,131.31,92.59,203.35,0.8437,-1,-1,-1
608,211,0.28,171.12,40.47,172.07,0.4884,-1,-1,-1
608,183,193.36,0.00,215.11,480.00,0.9086,-1,-1,-1
609,224,196.30,142.84,55.21,235.89,0.5580,-1,-1,-1
609,220,93.04,124.84,95.08,213.08,0.8684,-1,-1,-1
609,214,0.00,64.89,62.38,259.72,0.2971,-1,-1,-1
609,183,199.10,0.28,222.01,479.72,0.9003,-1,-1,-1
610,224,201.23,132.05,53.75,249.19,0.2965,-1,-1,-1
610,220,93.90,122.95,84.74,221.48,0.8499,-1,-1,-1
610,211,0.18,28.42,72.53,438.48,0.2812,-1,-1,-1
610,183,208.77,0.00,221.70,480.00,0.7993,-1,-1,-1
611,224,196.26,148.01,59.85,237.83,0.6499,-1,-1,-1
611,220,92.48,124.44,82.01,227.69,0.8527,-1,-1,-1
611,217,164.69,167.74,35.35,121.94,0.4978,-1,-1,-1
611,211,0.00,21.34,68.25,444.81,0.3107,-1,-1,-1
611,183,225.73,0.00,211.98,480.00,0.8659,-1,-1,-1
612,224,191.30,138.97,71.77,245.40,0.4076,-1,-1,-1
612,220,78.40,115.54,85.79,239.73,0.8632,-1,-1,-1
612,217,161.07,167.68,38.08,122.42,0.7495,-1,-1,-1
612,214,0.00,16.90,71.20,307.14,0.5220,-1,-1,-1
612,183,230.13,0.00,222.18,480.00,0.8847,-1,-1,-1
613,224,184.52,136.58,85.91,231.94,0.5147,-1,-1,-1
613,220,55.60,107.70,101.00,244.60,0.8604,-1,-1,-1
613,217,152.32,162.26,44.65,124.94,0.7298,-1,-1,-1
613,214,0.13,19.91,75.57,304.10,0.7612,-1,-1,-1
613,183,229.25,0.00,231.08,480.00,0.8775,-1,-1,-1
614,224,173.59,106.09,90.97,260.88,0.8665,-1,-1,-1
614,220,48.32,98.78,92.91,267.44,0.8848,-1,-1,-1
614,217,139.29,158.11,48.91,131.08,0.7537,-1,-1,-1
614,214,0.00,30.00,74.70,308.29,0.7064,-1,-1,-1
614,183,246.87,0.00,228.17,477.97,0.8816,-1,-1,-1
615,224,180.70,106.44,83.92,265.01,0.8633,-1,-1,-1
615,220,48.84,95.04,87.40,274.24,0.8384,-1,-1,-1
615,217,135.58,157.22,49.73,132.92,0.7917,-1,-1,-1
615,214,0.19,20.98,71.65,387.18,0.7938,-1,-1,-1
615,183,260.36,0.08,219.71,478.00,0.8894,-1,-1,-1
616,227,241.43,134.92,45.24,171.52,0.4128,-1,-1,-1
616,224,186.41,107.50,78.47,269.79,0.8400,-1,-1,-1
616,220,51.37,89.34,75.48,266.53,0.7537,-1,-1,-1
616,217,128.76,151.75,53.53,139.04,0.8220,-1,-1,-1
616,214,0.16,186.41,47.02,268.48,0.2803,-1,-1,-1
616,211,0.20,7.21,78.87,445.27,0.6317,-1,-1,-1
616,183,273.78,0.00,222.57,480.00,0.8924,-1,-1,-1
617,227,252.97,105.29,58.08,196.41,0.6300,-1,-1,-1
617,224,184.30,101.77,79.52,270.59,0.8541,-1,-1,-1
617,220,45.09,76.69,75.02,203.22,0.6213,-1,-1,-1
617,217,126.22,144.68,55.85,143.09,0.7973,-1,-1,-1
617,214,0.33,144.02,54.83,315.86,0.3950,-1,-1,-1
617,211,0.18,1.87,86.85,456.88,0.4682,-1,-1,-1
617,183,278.01,0.00,225.78,479.33,0.8881,-1,-1,-1
618,228,239.43,126.51,41.23,161.18,0.3291,-1,-1,-1
618,227,265.10,95.83,50.37,255.68,0.7249,-1,-1,-1
618,224,178.72,97.49,75.69,272.29,0.8549,-1,-1,-1
618,220,35.83,56.42,64.52,166.35,0.3166,-1,-1,-1
618,217,108.16,138.88,66.72,150.00,0.7921,-1,-1,-1
618,211,0.08,0.00,91.44,478.97,0.8149,-1,-1,-1
618,183,275.36,0.00,229.46,478.97,0.8937,-1,-1,-1
619,228,233.80,123.59,41.80,175.01,0.5725,-1,-1,-1
619,227,259.41,93.35,58.50,262.38,0.7926,-1,-1,-1
619,224,170.50,96.58,75.09,267.70,0.8632,-1,-1,-1
619,217,102.23,137.03,53.43,151.39,0.8066,-1,-1,-1
619,211,0.28,0.18,96.68,477.60,0.8445,-1,-1,-1
619,183,272.59,0.00,230.70,480.00,0.9010,-1,-1,-1
620,228,233.49,125.07,42.04,175.35,0.6489,-1,-1,-1
620,227,257.71,91.77,64.50,267.11,0.8104,-1,-1,-1
620,224,168.53,94.88,72.08,262.35,0.8336,-1,-1,-1
620,217,92.85,136.16,61.61,157.73,0.8081,-1,-1,-1
620,211,0.27,1.50,103.84,474.32,0.8455,-1,-1,-1
620,183,273.28,0.00,226.89,480.00,0.8565,-1,-1,-1
621,228,238.06,134.55,38.89,175.96,0.7010,-1,-1,-1
621,227,259.28,102.36,66.60,262.69,0.8151,-1,-1,-1
621,224,171.18,104.60,70.85,264.93,0.7976,-1,-1,-1
621,217,92.77,141.20,63.20,161.82,0.7955,-1,-1,-1
621,211,0.08,2.58,103.27,477.36,0.8804,-1,-1,-1
621,183,293.48,0.29,200.92,477.38,0.8909,-1,-1,-1
622,228,242.74,144.36,34.06,168.31,0.6811,-1,-1,-1
622,227,265.19,112.08,60.66,267.78,0.8253,-1,-1,-1
622,224,175.42,112.90,70.62,266.23,0.8545,-1,-1,-1
622,217,93.32,143.81,61.18,161.81,0.8021,-1,-1,-1
622,211,0.06,0.00,117.49,480.00,0.8905,-1,-1,-1
622,183,310.54,0.48,187.87,479.52,0.9047,-1,-1,-1
623,228,240.68,152.07,31.91,165.09,0.7129,-1,-1,-1
623,227,263.71,119.02,60.83,265.29,0.8259,-1,-1,-1
623,224,172.36,118.70,72.43,267.17,0.8562,-1,-1,-1
623,217,94.12,142.81,53.79,144.29,0.7316,-1,-1,-1
623,211,0.21,2.94,122.08,475.43,0.8239,-1,-1,-1
623,183,310.37,0.63,185.92,479.37,0.9139,-1,-1,-1
624,228,239.53,155.70,29.85,165.36,0.5107,-1,-1,-1
624,227,258.48,119.93,68.60,263.60,0.8273,-1,-1,-1
624,224,167.53,122.75,77.46,266.05,0.8213,-1,-1,-1
624,217,87.27,120.40,50.06,145.76,0.4267,-1,-1,-1
624,211,0.00,0.69,117.75,479.31,0.6564,-1,-1,-1
624,183,306.35,0.00,186.22,478.75,0.9197,-1,-1,-1
625,227,247.08,116.35,79.54,252.49,0.8592,-1,-1,-1
625,224,164.81,116.93,83.95,267.84,0.7985,-1,-1,-1
625,214,0.00,74.05,87.70,404.39,0.6965,-1,-1,-1
625,183,306.67,0.00,188.03,479.69,0.9171,-1,-1,-1
626,227,251.81,110.40,74.91,252.62,0.8529,-1,-1,-1
626,224,157.21,113.69,99.63,266.39,0.8228,-1,-1,-1
626,214,0.31,74.55,93.76,403.65,0.6167,-1,-1,-1
626,183,308.20,0.00,198.17,479.07,0.9133,-1,-1,-1
627,227,256.65,105.43,69.58,257.44,0.8542,-1,-1,-1
627,224,177.16,106.05,79.38,258.50,0.7839,-1,-1,-1
627,211,0.21,0.72,143.71,479.28,0.6251,-1,-1,-1
627,183,311.26,0.00,212.65,478.77,0.9044,-1,-1,-1
628,227,258.29,103.07,74.64,259.68,0.8704,-1,-1,-1
628,224,177.47,99.12,82.24,261.30,0.8363,-1,-1,-1
628,211,0.41,1.09,153.42,478.91,0.6092,-1,-1,-1
628,183,318.78,0.00,229.72,479.32,0.9194,-1,-1,-1
629,227,267.83,112.33,75.81,257.32,0.8297,-1,-1,-1
629,224,187.93,107.25,80.54,262.69,0.8099,-1,-1,-1
629,211,0.41,1.77,165.46,478.13,0.6210,-1,-1,-1
629,183,329.57,0.00,253.95,477.49,0.8932,-1,-1,-1
630,229,161.91,132.73,53.78,183.88,0.7467,-1,-1,-1
630,227,276.57,114.32,74.14,257.19,0.8099,-1,-1,-1
630,224,190.24,114.07,90.27,261.75,0.7738,-1,-1,-1
630,211,0.08,1.36,179.26,477.57,0.8124,-1,-1,-1
630,183,342.82,0.00,268.67,480.00,0.8930,-1,-1,-1
631,229,167.01,129.88,58.30,192.94,0.7460,-1,-1,-1
631,227,286.55,114.12,76.79,253.64,0.8256,-1,-1,-1
631,224,216.97,116.22,70.19,262.01,0.8263,-1,-1,-1
631,211,0.75,0.31,194.48,477.08,0.8903,-1,-1,-1
631,183,354.53,0.00,271.42,475.55,0.8939,-1,-1,-1
632,229,174.95,132.08,51.87,130.25,0.4527,-1,-1,-1
632,227,290.57,116.61,75.92,243.37,0.8495,-1,-1,-1
632,224,223.62,118.87,64.42,260.50,0.8479,-1,-1,-1
632,211,1.83,0.78,196.61,478.66,0.8934,-1,-1,-1
632,183,366.53,0.00,262.63,477.61,0.9166,-1,-1,-1
633,229,177.04,130.13,51.22,246.54,0.5313,-1,-1,-1
633,227,299.04,114.61,73.74,247.02,0.8505,-1,-1,-1
633,224,230.73,116.95,62.90,253.26,0.8410,-1,-1,-1
633,211,22.27,0.43,188.20,479.57,0.8634,-1,-1,-1
633,183,384.89,0.00,254.63,480.00,0.9046,-1,-1,-1
634,230,0.30,65.56,56.03,315.03,0.7632,-1,-1,-1
634,227,307.67,113.49,71.22,248.38,0.8355,-1,-1,-1
634,224,235.54,111.99,65.34,253.02,0.8294,-1,-1,-1
634,214,34.25,0.00,167.95,480.00,0.7757,-1,-1,-1
634,183,401.82,0.00,237.30,476.99,0.9106,-1,-1,-1
635,228,292.80,142.35,36.07,168.20,0.4250,-1,-1,-1
635,227,315.90,116.56,72.17,248.16,0.8468,-1,-1,-1
635,224,242.63,114.14,63.87,249.30,0.8128,-1,-1,-1
635,214,37.62,0.60,197.62,479.40,0.8729,-1,-1,-1
635,183,417.64,0.00,221.55,480.00,0.9113,-1,-1,-1
636,228,289.42,140.97,39.37,167.28,0.4241,-1,-1,-1
636,227,314.76,115.85,71.26,244.62,0.8229,-1,-1,-1
636,224,235.33,117.11,69.94,247.03,0.7757,-1,-1,-1
636,214,36.51,1.43,207.93,477.51,0.8501,-1,-1,-1
636,183,417.83,0.00,221.99,479.03,0.9128,-1,-1,-1
637,228,291.51,140.54,36.52,166.87,0.5514,-1,-1,-1
637,227,314.28,115.74,69.44,239.93,0.8094,-1,-1,-1
637,224,244.19,118.97,60.62,240.52,0.7584,-1,-1,-1
637,214,49.20,0.38,196.54,479.62,0.8326,-1,-1,-1
637,183,419.47,0.90,220.28,479.10,0.9243,-1,-1,-1
638,227,312.67,113.83,70.28,232.69,0.8096,-1,-1,-1
638,224,248.27,117.78,59.07,229.19,0.8277,-1,-1,-1
638,214,61.75,0.00,190.70,480.00,0.8364,-1,-1,-1
638,183,417.67,1.02,221.96,478.94,0.9152,-1,-1,-1
639,228,291.61,138.01,37.26,158.96,0.3381,-1,-1,-1
639,227,309.63,111.86,73.20,236.92,0.8497,-1,-1,-1
639,224,248.52,114.20,57.37,231.98,0.8172,-1,-1,-1
639,214,65.79,0.73,181.89,479.27,0.7916,-1,-1,-1
639,183,404.42,0.65,235.36,478.33,0.8978,-1,-1,-1
640,232,14.73,195.40,126.13,201.88,0.2730,-1,-1,-1
640,227,302.96,113.43,78.03,237.94,0.8379,-1,-1,-1
640,224,242.93,112.94,60.80,236.10,0.8113,-1,-1,-1
640,211,19.31,1.00,224.54,479.00,0.8316,-1,-1,-1
640,183,404.75,0.98,234.92,479.02,0.8852,-1,-1,-1
641,232,1.02,61.69,123.16,346.39,0.7208,-1,-1,-1
641,227,297.49,118.44,75.10,236.54,0.8269,-1,-1,-1
641,224,237.63,118.80,61.65,237.77,0.7443,-1,-1,-1
641,211,22.85,0.60,219.53,478.91,0.8211,-1,-1,-1
641,183,414.45,0.27,225.17,478.02,0.9248,-1,-1,-1
642,232,10.33,46.34,89.93,333.92,0.5938,-1,-1,-1
642,230,0.15,75.22,32.27,341.36,0.4760,-1,-1,-1
642,228,273.59,141.67,37.64,156.73,0.2907,-1,-1,-1
642,227,294.41,120.86,75.85,234.96,0.8351,-1,-1,-1
642,224,237.41,122.66,60.17,239.83,0.7456,-1,-1,-1
642,211,20.55,0.02,219.45,477.36,0.8589,-1,-1,-1
642,183,406.11,0.33,231.70,479.67,0.9188,-1,-1,-1
643,232,0.18,29.10,80.90,377.91,0.7639,-1,-1,-1
643,228,270.93,142.62,38.02,159.58,0.4605,-1,-1,-1
643,227,294.38,120.11,74.24,233.53,0.8122,-1,-1,-1
643,224,234.30,122.79,61.22,237.35,0.7145,-1,-1,-1
643,211,33.01,2.89,203.36,477.11,0.7258,-1,-1,-1
643,183,402.07,0.32,233.79,478.80,0.9265,-1,-1,-1
644,232,0.29,34.75,53.69,252.29,0.6053,-1,-1,-1
644,228,275.57,150.18,28.33,154.36,0.4346,-1,-1,-1
644,227,293.48,123.12,71.66,227.00,0.8343,-1,-1,-1
644,224,216.98,127.04,71.34,234.77,0.6474,-1,-1,-1
644,211,17.94,6.63,211.52,472.57,0.9028,-1,-1,-1
644,183,398.13,0.35,237.33,477.18,0.9290,-1,-1,-1
645,230,0.06,96.92,26.59,178.07,0.3130,-1,-1,-1
645,228,270.39,145.17,30.17,160.34,0.5114,-1,-1,-1
645,227,288.67,119.93,69.46,231.67,0.8562,-1,-1,-1
645,224,222.24,125.80,57.87,228.47,0.7903,-1,-1,-1
645,211,42.63,0.35,181.48,479.65,0.8686,-1,-1,-1
645,183,394.15,0.16,244.87,476.97,0.9310,-1,-1,-1
646,228,264.94,145.10,27.31,112.28,0.5340,-1,-1,-1
646,227,284.51,122.19,66.19,230.78,0.7914,-1,-1,-1
646,224,221.04,124.46,54.84,208.44,0.7904,-1,-1,-1
646,211,63.96,0.00,159.01,480.00,0.8939,-1,-1,-1
646,183,388.97,0.11,250.37,474.86,0.9145,-1,-1,-1
647,228,255.31,149.75,33.50,156.13,0.6761,-1,-1,-1
647,227,280.65,125.58,66.31,230.52,0.7967,-1,-1,-1
647,224,219.17,125.67,52.26,191.67,0.8153,-1,-1,-1
647,211,66.75,0.00,155.98,479.65,0.8976,-1,-1,-1
647,183,387.45,0.54,251.90,475.90,0.9191,-1,-1,-1
648,228,255.04,151.52,33.73,152.20,0.6552,-1,-1,-1
648,227,280.08,129.60,65.71,228.28,0.7823,-1,-1,-1
648,224,218.08,130.32,50.99,194.61,0.7353,-1,-1,-1
648,211,66.84,0.44,155.26,479.56,0.9028,-1,-1,-1
648,183,389.41,0.48,250.12,475.38,0.9144,-1,-1,-1
649,228,255.31,155.29,32.42,148.91,0.6807,-1,-1,-1
649,227,278.79,132.57,66.10,226.91,0.7799,-1,-1,-1
649,224,217.42,138.18,51.91,205.29,0.7172,-1,-1,-1
649,211,63.08,2.83,157.46,477.17,0.8980,-1,-1,-1
649,183,389.68,0.65,249.71,477.54,0.9203,-1,-1,-1
650,227,274.60,130.49,70.13,221.53,0.7991,-1,-1,-1
650,224,215.44,138.68,54.20,204.77,0.8070,-1,-1,-1
650,211,58.64,6.45,161.27,473.55,0.8956,-1,-1,-1
650,183,389.82,0.29,249.42,476.82,0.9206,-1,-1,-1
651,227,259.12,121.75,76.62,219.61,0.8029,-1,-1,-1
651,224,206.70,124.65,55.98,220.25,0.7679,-1,-1,-1
651,211,36.94,0.00,173.70,479.68,0.8885,-1,-1,-1
651,183,388.62,0.00,250.65,479.65,0.8969,-1,-1,-1
652,227,258.16,127.10,75.18,221.59,0.8354,-1,-1,-1
652,224,204.30,128.27,58.53,220.87,0.8175,-1,-1,-1
652,211,38.40,1.34,172.44,476.88,0.8966,-1,-1,-1
652,183,391.79,0.00,247.46,475.97,0.9023,-1,-1,-1
653,227,259.53,135.17,71.49,223.25,0.8489,-1,-1,-1
653,224,204.25,135.53,57.69,221.31,0.8145,-1,-1,-1
653,211,39.59,5.20,173.52,474.80,0.8762,-1,-1,-1
653,183,394.76,0.65,243.79,479.06,0.8966,-1,-1,-1
654,227,260.22,130.59,69.53,223.18,0.8315,-1,-1,-1
654,224,201.70,132.56,57.58,220.92,0.7886,-1,-1,-1
654,211,32.87,0.00,180.05,480.00,0.8887,-1,-1,-1
654,183,393.93,0.08,244.76,479.01,0.9116,-1,-1,-1
655,227,263.51,131.52,68.82,222.87,0.8482,-1,-1,-1
655,224,192.88,134.63,68.11,220.28,0.8414,-1,-1,-1
655,211,19.60,0.00,196.39,480.00,0.8750,-1,-1,-1
655,183,392.02,0.00,243.87,479.22,0.9175,-1,-1,-1
656,227,266.70,129.92,66.27,219.71,0.8448,-1,-1,-1
656,224,203.86,134.18,55.80,220.17,0.7752,-1,-1,-1
656,211,10.22,0.69,208.62,479.31,0.8913,-1,-1,-1
656,183,388.30,0.06,247.29,479.94,0.8977,-1,-1,-1
657,227,271.95,120.57,69.32,213.73,0.8607,-1,-1,-1
657,224,212.22,124.79,52.08,211.11,0.7780,-1,-1,-1
657,211,15.46,5.52,207.29,471.49,0.9124,-1,-1,-1
657,183,372.40,0.54,265.11,477.47,0.8913,-1,-1,-1
658,233,81.09,174.58,28.42,132.16,0.2616,-1,-1,-1
658,227,275.98,119.28,68.82,213.69,0.8461,-1,-1,-1
658,224,218.01,125.37,51.84,207.55,0.8042,-1,-1,-1
658,211,29.62,9.58,196.18,467.09,0.8965,-1,-1,-1
658,183,380.94,0.76,254.67,476.98,0.8927,-1,-1,-1
659,227,281.04,120.03,68.33,215.62,0.8334,-1,-1,-1
659,224,218.57,127.69,56.68,197.16,0.7765,-1,-1,-1
659,211,61.39,8.88,164.83,471.12,0.9092,-1,-1,-1
659,183,385.56,0.26,239.35,479.57,0.9049,-1,-1,-1
660,227,275.71,130.53,68.85,213.24,0.8413,-1,-1,-1
660,224,209.47,135.71,60.56,192.10,0.7545,-1,-1,-1
660,211,79.46,9.97,142.15,465.24,0.8865,-1,-1,-1
660,183,389.74,0.20,235.76,479.23,0.8985,-1,-1,-1
661,227,274.87,131.85,69.10,208.00,0.8185,-1,-1,-1
661,224,208.85,137.83,61.46,191.13,0.6222,-1,-1,-1
661,211,86.00,4.18,139.30,474.15,0.8859,-1,-1,-1
661,183,391.31,0.10,239.25,475.95,0.9184,-1,-1,-1
662,235,43.61,136.53,56.94,198.26,0.6839,-1,-1,-1
662,228,217.92,138.63,54.98,161.34,0.4958,-1,-1,-1
662,227,274.16,131.42,66.66,213.31,0.8510,-1,-1,-1
662,211,88.39,2.68,137.53,477.32,0.8764,-1,-1,-1
662,183,388.13,0.00,250.68,479.05,0.8988,-1,-1,-1
663,235,35.30,128.63,69.89,213.99,0.7919,-1,-1,-1
663,228,224.45,137.12,51.37,158.71,0.5902,-1,-1,-1
663,227,274.55,130.75,67.01,205.61,0.8586,-1,-1,-1
663,211,89.48,4.66,145.63,475.16,0.8680,-1,-1,-1
663,183,390.76,0.25,248.52,475.23,0.8743,-1,-1,-1
664,235,2.58,124.64,99.86,219.62,0.7869,-1,-1,-1
664,228,223.95,135.50,52.01,157.51,0.6913,-1,-1,-1
664,227,274.17,131.03,68.21,204.14,0.8644,-1,-1,-1
664,211,89.55,9.50,139.86,438.44,0.8857,-1,-1,-1
664,183,392.07,0.36,247.41,474.93,0.9131,-1,-1,-1
665,235,5.94,112.89,85.27,232.91,0.8364,-1,-1,-1
665,233,82.41,151.95,32.83,185.14,0.4239,-1,-1,-1
665,228,225.89,132.27,52.02,163.06,0.8041,-1,-1,-1
665,227,276.99,129.41,69.73,203.63,0.8241,-1,-1,-1
665,211,93.94,15.49,137.98,464.51,0.8705,-1,-1,-1
665,183,402.38,0.09,237.51,479.91,0.9056,-1,-1,-1
666,235,2.63,105.76,83.60,240.01,0.8896,-1,-1,-1
666,233,80.52,155.57,35.43,182.58,0.4281,-1,-1,-1
666,228,227.06,131.48,52.25,164.52,0.8193,-1,-1,-1
666,227,278.27,126.75,67.25,207.07,0.8209,-1,-1,-1
666,211,96.73,13.59,137.73,464.68,0.8391,-1,-1,-1
666,183,415.38,0.61,224.57,477.81,0.8781,-1,-1,-1
667,235,0.12,97.08,82.58,250.38,0.8918,-1,-1,-1
667,233,76.28,94.95,47.79,243.27,0.6754,-1,-1,-1
667,228,234.36,133.26,45.52,160.18,0.7241,-1,-1,-1
667,227,279.64,127.89,67.20,207.06,0.8010,-1,-1,-1
667,211,99.45,11.75,133.79,467.91,0.8721,-1,-1,-1
667,183,432.49,0.56,207.48,478.73,0.8947,-1,-1,-1
668,236,388.40,107.04,80.51,262.11,0.4132,-1,-1,-1
668,235,0.23,96.34,75.83,259.46,0.8746,-1,-1,-1
668,233,70.11,95.85,51.33,258.49,0.7957,-1,-1,-1
668,228,235.80,136.69,49.65,167.07,0.7602,-1,-1,-1
668,227,284.08,131.24,66.73,204.36,0.8484,-1,-1,-1
668,211,110.57,11.55,133.83,468.10,0.8669,-1,-1,-1
668,183,449.41,0.80,190.23,479.20,0.9091,-1,-1,-1
669,236,381.32,100.39,99.93,271.03,0.7864,-1,-1,-1
669,235,0.20,89.58,64.29,264.70,0.8560,-1,-1,-1
669,233,60.37,89.22,60.41,268.97,0.7843,-1,-1,-1
669,228,233.30,131.15,55.64,157.59,0.5285,-1,-1,-1
669,227,288.06,125.05,65.16,196.94,0.8841,-1,-1,-1
669,211,92.60,4.19,154.15,453.11,0.8750,-1,-1,-1
669,183,457.90,0.77,181.69,479.20,0.9209,-1,-1,-1
670,236,403.13,103.60,86.31,262.95,0.8375,-1,-1,-1
670,235,0.20,92.56,53.21,266.18,0.8521,-1,-1,-1
670,233,49.17,83.78,71.91,287.03,0.6817,-1,-1,-1
670,228,234.35,128.89,56.83,191.12,0.7521,-1,-1,-1
670,227,290.12,123.83,65.13,198.35,0.8689,-1,-1,-1
670,211,86.80,6.93,165.20,459.30,0.8684,-1,-1,-1
670,183,461.77,1.11,177.85,478.89,0.9158,-1,-1,-1
671,236,392.45,113.80,94.77,267.06,0.7815,-1,-1,-1
671,235,0.08,120.38,45.15,248.40,0.8169,-1,-1,-1
671,233,37.47,85.15,83.18,307.41,0.7928,-1,-1,-1
671,228,244.13,136.77,46.63,192.34,0.7359,-1,-1,-1
671,227,290.31,131.67,66.58,198.95,0.8549,-1,-1,-1
671,211,73.02,19.59,181.55,454.23,0.8384,-1,-1,-1
671,183,465.01,1.40,174.70,477.10,0.9126,-1,-1,-1
672,236,399.74,126.73,85.08,271.11,0.8368,-1,-1,-1
672,235,0.00,129.72,25.51,259.69,0.6564,-1,-1,-1
672,233,20.67,84.14,98.38,329.74,0.8464,-1,-1,-1
672,228,250.54,149.07,40.54,184.96,0.7239,-1,-1,-1
672,227,291.38,142.66,63.99,201.26,0.8583,-1,-1,-1
672,211,100.87,40.54,153.88,438.43,0.7667,-1,-1,-1
672,183,467.05,1.14,172.61,478.16,0.8930,-1,-1,-1
673,236,403.77,111.44,89.13,275.26,0.8543,-1,-1,-1
673,233,0.56,58.56,117.14,352.12,0.8679,-1,-1,-1
673,228,253.89,140.62,41.95,179.32,0.7724,-1,-1,-1
673,227,295.22,134.28,63.13,198.21,0.8404,-1,-1,-1
673,211,112.01,30.60,141.52,449.21,0.8710,-1,-1,-1
673,183,460.48,0.00,179.12,480.00,0.8639,-1,-1,-1
674,236,400.00,102.77,82.32,270.52,0.8356,-1,-1,-1
674,233,0.04,38.54,112.74,374.66,0.8913,-1,-1,-1
674,228,248.89,135.02,46.20,183.05,0.7834,-1,-1,-1
674,227,292.69,127.60,59.01,197.64,0.8566,-1,-1,-1
674,211,86.13,23.77,158.89,456.23,0.7765,-1,-1,-1
674,183,461.45,1.40,178.29,478.60,0.8838,-1,-1,-1
675,236,393.41,108.95,81.36,265.60,0.8354,-1,-1,-1
675,233,0.03,29.55,89.46,394.54,0.8869,-1,-1,-1
675,228,231.23,138.81,60.39,183.81,0.6282,-1,-1,-1
675,227,287.90,135.94,57.70,187.62,0.8597,-1,-1,-1
675,211,96.87,21.77,139.44,458.23,0.8820,-1,-1,-1
675,183,484.36,0.96,155.26,479.04,0.9052,-1,-1,-1
676,236,382.96,116.02,89.38,264.71,0.7587,-1,-1,-1
676,233,0.08,19.70,71.03,411.07,0.8588,-1,-1,-1
676,228,239.82,141.58,45.36,188.78,0.8134,-1,-1,-1
676,227,282.93,138.90,57.47,189.49,0.8510,-1,-1,-1
676,211,96.71,23.09,140.52,447.00,0.8958,-1,-1,-1
676,183,475.52,1.65,164.05,478.35,0.8279,-1,-1,-1
677,236,388.21,115.93,86.74,269.97,0.7805,-1,-1,-1
677,233,0.14,27.70,51.32,408.03,0.7165,-1,-1,-1
677,228,241.93,140.32,45.59,186.90,0.8188,-1,-1,-1
677,227,284.97,138.84,58.80,189.93,0.8241,-1,-1,-1
677,211,95.20,19.15,147.54,449.30,0.8886,-1,-1,-1
677,183,476.37,1.04,163.27,478.59,0.8987,-1,-1,-1
678,236,386.50,113.24,87.29,274.92,0.8410,-1,-1,-1
678,228,240.02,139.93,43.52,182.15,0.8256,-1,-1,-1
678,227,281.04,136.83,60.50,191.91,0.8527,-1,-1,-1
678,211,105.13,17.11,134.60,457.87,0.8651,-1,-1,-1
678,183,472.53,0.78,167.15,477.20,0.9060,-1,-1,-1
679,237,80.68,161.91,44.29,159.85,0.5563,-1,-1,-1
679,236,381.80,118.65,93.53,275.41,0.7720,-1,-1,-1
679,228,238.56,148.09,44.36,197.08,0.7142,-1,-1,-1
679,227,281.14,142.04,59.43,192.40,0.8565,-1,-1,-1
679,211,107.25,29.12,128.87,450.88,0.8280,-1,-1,-1
679,183,468.49,0.76,171.00,479.24,0.8952,-1,-1,-1
680,237,74.18,156.54,52.12,171.07,0.5967,-1,-1,-1
680,236,379.56,120.69,94.37,278.66,0.7584,-1,-1,-1
680,228,236.89,152.92,46.95,199.29,0.7467,-1,-1,-1
680,227,280.19,144.49,59.60,192.98,0.8632,-1,-1,-1
680,211,104.68,38.97,132.59,417.56,0.8177,-1,-1,-1
680,183,467.62,0.99,172.02,479.01,0.9085,-1,-1,-1
681,237,61.04,133.27,58.36,195.92,0.7463,-1,-1,-1
681,236,375.58,117.52,92.03,280.27,0.8328,-1,-1,-1
681,228,235.32,149.93,44.84,176.90,0.7857,-1,-1,-1
681,227,276.05,142.74,61.47,186.85,0.8541,-1,-1,-1
681,211,103.51,42.02,133.59,424.41,0.7966,-1,-1,-1
681,183,468.21,1.11,171.35,478.89,0.9140,-1,-1,-1
682,237,47.52,127.50,70.80,214.69,0.7842,-1,-1,-1
682,236,371.51,113.70,90.94,272.91,0.8198,-1,-1,-1
682,228,230.38,146.20,46.89,181.35,0.7967,-1,-1,-1
682,227,276.08,140.14,59.10,188.37,0.8667,-1,-1,-1
682,211,98.72,33.78,140.75,446.22,0.8531,-1,-1,-1
682,183,474.67,0.96,165.01,478.31,0.9115,-1,-1,-1
683,237,45.17,125.38,67.00,226.11,0.7948,-1,-1,-1
683,236,348.89,113.06,103.69,273.88,0.6908,-1,-1,-1
683,228,235.61,146.50,40.65,181.37,0.7650,-1,-1,-1
683,227,275.73,140.94,58.21,185.38,0.8635,-1,-1,-1
683,211,96.91,35.88,144.35,443.84,0.8583,-1,-1,-1
683,183,481.97,1.12,157.68,476.90,0.9110,-1,-1,-1
684,237,32.17,112.46,80.10,242.19,0.7714,-1,-1,-1
684,236,351.91,108.29,99.18,282.54,0.7305,-1,-1,-1
684,228,226.90,143.33,47.22,185.23,0.6547,-1,-1,-1
684,227,270.70,137.86,61.72,189.55,0.8640,-1,-1,-1
684,211,93.54,25.65,143.31,436.97,0.8657,-1,-1,-1
684,183,490.18,0.90,149.43,479.10,0.9155,-1,-1,-1
685,237,14.60,106.60,93.16,251.66,0.5748,-1,-1,-1
685,236,349.67,111.42,103.45,280.75,0.7595,-1,-1,-1
685,228,210.35,141.34,64.95,203.99,0.7062,-1,-1,-1
685,227,273.07,136.60,61.32,190.00,0.8616,-1,-1,-1
685,211,81.89,24.04,156.78,443.96,0.8815,-1,-1,-1
685,183,495.29,1.18,144.37,478.82,0.9132,-1,-1,-1
686,237,13.81,92.25,85.81,266.16,0.7964,-1,-1,-1
686,236,357.96,111.12,92.66,284.27,0.7943,-1,-1,-1
686,228,220.24,142.94,53.57,193.85,0.4229,-1,-1,-1
686,227,271.00,135.72,59.45,189.45,0.8212,-1,-1,-1
686,211,76.14,26.25,160.83,453.75,0.8909,-1,-1,-1
686,183,495.41,1.06,144.20,478.23,0.8968,-1,-1,-1
687,237,0.00,82.23,90.10,280.52,0.8851,-1,-1,-1
687,236,361.12,108.31,89.15,289.61,0.8427,-1,-1,-1
687,228,234.23,143.44,40.47,141.72,0.5414,-1,-1,-1
687,227,272.15,135.82,58.68,184.17,0.8404,-1,-1,-1
687,211,78.18,31.92,158.94,448.08,0.8834,-1,-1,-1
687,183,496.05,0.68,143.58,479.32,0.9104,-1,-1,-1
688,237,0.01,73.49,79.94,289.41,0.8248,-1,-1,-1
688,236,357.93,103.32,93.87,287.74,0.8473,-1,-1,-1
688,228,229.43,138.82,37.48,139.55,0.5504,-1,-1,-1
688,227,266.65,130.66,59.19,185.08,0.7832,-1,-1,-1
688,211,63.50,32.58,167.35,447.42,0.8681,-1,-1,-1
688,183,491.20,0.96,148.60,478.79,0.9203,-1,-1,-1
689,242,305.48,151.80,45.27,137.92,0.6047,-1,-1,-1
689,237,0.09,69.16,69.94,292.77,0.7674,-1,-1,-1
689,236,357.96,104.84,88.92,281.18,0.8437,-1,-1,-1
689,228,223.62,141.32,43.51,176.10,0.7151,-1,-1,-1
689,227,264.26,132.24,59.66,185.47,0.8241,-1,-1,-1
689,211,88.56,33.52,139.53,446.47,0.8262,-1,-1,-1
689,183,475.85,0.00,163.75,478.84,0.8965,-1,-1,-1
690,242,307.70,151.99,48.46,139.40,0.7234,-1,-1,-1
690,241,453.18,105.80,33.07,141.08,0.2596,-1,-1,-1
690,237,0.08,79.62,63.50,294.28,0.6837,-1,-1,-1
690,236,357.56,102.64,84.67,278.04,0.8486,-1,-1,-1
690,228,219.08,140.44,45.99,179.66,0.6364,-1,-1,-1
690,227,262.09,133.62,57.13,186.43,0.8410,-1,-1,-1
690,211,82.15,31.68,144.77,448.32,0.8663,-1,-1,-1
690,183,441.52,0.00,198.14,479.96,0.8623,-1,-1,-1
691,242,309.08,153.58,47.09,139.68,0.8004,-1,-1,-1
691,241,454.84,102.20,72.41,151.82,0.3325,-1,-1,-1
691,237,0.10,90.13,51.92,181.06,0.5576,-1,-1,-1
691,236,352.66,102.29,87.65,284.05,0.8244,-1,-1,-1
691,228,217.43,144.47,46.41,212.47,0.4540,-1,-1,-1
691,227,260.73,137.72,59.32,187.12,0.8256,-1,-1,-1
691,211,105.15,30.37,126.12,442.44,0.8914,-1,-1,-1
691,183,450.77,0.00,188.93,478.80,0.8517,-1,-1,-1
692,243,52.26,134.71,61.83,183.59,0.7586,-1,-1,-1
692,242,310.86,151.85,49.69,143.40,0.7730,-1,-1,-1
692,237,0.09,88.25,39.83,201.15,0.5479,-1,-1,-1
692,236,352.87,103.60,87.05,287.29,0.8502,-1,-1,-1
692,228,227.13,147.14,35.01,123.04,0.4845,-1,-1,-1
692,227,259.99,141.35,59.25,184.41,0.8394,-1,-1,-1
692,211,109.70,29.95,124.36,434.99,0.8958,-1,-1,-1
692,183,497.02,1.69,142.85,474.87,0.8479,-1,-1,-1
693,243,40.19,128.59,70.15,192.99,0.7319,-1,-1,-1
693,242,316.69,145.09,48.53,146.79,0.6527,-1,-1,-1
693,237,0.10,110.01,39.90,201.63,0.3536,-1,-1,-1
693,236,352.10,101.22,96.98,289.71,0.7831,-1,-1,-1
693,228,229.65,141.77,35.11,119.25,0.3494,-1,-1,-1
693,227,262.41,131.63,59.82,186.49,0.8407,-1,-1,-1
693,211,115.05,23.74,126.33,448.06,0.8834,-1,-1,-1
693,183,503.18,1.03,136.47,477.69,0.8814,-1,-1,-1
694,243,19.58,125.05,82.05,196.30,0.7819,-1,-1,-1
694,242,317.94,136.43,45.26,123.92,0.4944,-1,-1,-1
694,236,349.74,95.98,93.01,291.72,0.7774,-1,-1,-1
694,228,226.16,137.41,37.82,137.96,0.3521,-1,-1,-1
694,227,261.35,129.01,61.87,181.08,0.8173,-1,-1,-1
694,211,119.86,25.25,117.43,448.22,0.8489,-1,-1,-1
694,183,423.44,1.47,216.16,474.46,0.8623,-1,-1,-1
695,244,93.58,140.49,41.74,150.05,0.7334,-1,-1,-1
695,243,10.99,120.44,79.90,210.78,0.8250,-1,-1,-1
695,242,317.81,133.65,50.68,110.76,0.4509,-1,-1,-1
695,236,337.51,94.73,98.65,292.90,0.7088,-1,-1,-1
695,227,260.91,127.19,59.62,178.09,0.8311,-1,-1,-1
695,211,123.55,27.27,132.91,452.73,0.8025,-1,-1,-1
695,183,430.87,1.06,208.97,478.94,0.8935,-1,-1,-1
696,244,93.63,144.08,42.93,154.39,0.7723,-1,-1,-1
696,243,7.28,116.23,77.75,224.37,0.8270,-1,-1,-1
696,236,342.40,98.37,91.92,289.05,0.7924,-1,-1,-1
696,227,261.12,132.95,62.86,180.02,0.7891,-1,-1,-1
696,211,117.92,40.60,142.83,439.40,0.7958,-1,-1,-1
696,183,448.04,1.31,191.57,478.69,0.8511,-1,-1,-1
697,244,92.98,142.48,42.61,158.59,0.7263,-1,-1,-1
697,243,4.69,115.34,74.10,227.37,0.8294,-1,-1,-1
697,236,344.82,96.98,87.64,280.38,0.8335,-1,-1,-1
697,227,265.53,132.91,60.16,182.80,0.8406,-1,-1,-1
697,211,124.77,39.99,139.50,440.01,0.8707,-1,-1,-1
697,183,474.91,0.91,164.77,478.73,0.9058,-1,-1,-1
698,244,85.71,139.15,44.82,160.38,0.5224,-1,-1,-1
698,243,0.05,106.46,76.24,237.78,0.8074,-1,-1,-1
698,236,329.39,92.67,99.10,284.00,0.8187,-1,-1,-1
698,227,265.67,135.06,58.62,179.51,0.8059,-1,-1,-1
698,211,141.37,33.78,126.59,432.73,0.8733,-1,-1,-1
698,183,462.72,0.78,176.96,478.18,0.9108,-1,-1,-1
699,246,102.91,169.99,51.04,186.61,0.7133,-1,-1,-1
699,244,82.99,144.42,40.58,148.05,0.5290,-1,-1,-1
699,243,0.12,108.57,72.31,242.93,0.8453,-1,-1,-1
699,236,334.45,98.34,91.64,286.96,0.8345,-1,-1,-1
699,227,268.09,141.08,53.66,179.39,0.8272,-1,-1,-1
699,211,144.79,38.28,124.70,411.45,0.8985,-1,-1,-1
699,183,458.43,0.78,181.21,479.22,0.9091,-1,-1,-1
700,246,90.23,173.67,59.51,198.48,0.6921,-1,-1,-1
700,244,83.76,149.58,41.23,90.51,0.2949,-1,-1,-1
700,243,0.07,110.87,63.59,261.71,0.7408,-1,-1,-1
700,236,333.31,107.13,90.62,291.19,0.8484,-1,-1,-1
700,227,274.04,147.80,49.03,173.97,0.8006,-1,-1,-1
700,211,130.95,45.75,144.54,409.78,0.8784,-1,-1,-1
700,183,455.82,1.78,183.82,478.22,0.9097,-1,-1,-1
701,248,130.80,129.18,27.72,72.91,0.3681,-1,-1,-1
701,247,28.52,151.47,42.30,154.84,0.6822,-1,-1,-1
701,246,76.24,157.54,62.84,212.74,0.6796,-1,-1,-1
701,243,0.00,141.17,42.38,208.69,0.3789,-1,-1,-1
701,236,326.96,101.66,91.05,292.71,0.8336,-1,-1,-1
701,227,272.49,137.82,46.48,156.06,0.7944,-1,-1,-1
701,211,129.02,35.44,151.26,422.49,0.8668,-1,-1,-1
701,183,458.75,1.06,180.89,477.15,0.9211,-1,-1,-1
702,249,112.07,125.71,49.45,213.47,0.5789,-1,-1,-1
702,247,12.88,146.29,54.99,161.26,0.7361,-1,-1,-1
702,246,63.00,156.91,63.39,220.11,0.7356,-1,-1,-1
702,244,61.18,130.38,32.96,78.44,0.3805,-1,-1,-1
702,243,0.10,156.55,30.33,137.40,0.2934,-1,-1,-1
702,236,308.12,100.54,112.30,294.96,0.7966,-1,-1,-1
702,227,268.58,137.60,47.37,154.70,0.7785,-1,-1,-1
702,211,125.91,40.73,153.53,424.64,0.8602,-1,-1,-1
702,183,449.63,1.17,190.02,475.94,0.9250,-1,-1,-1
703,249,110.74,124.71,46.98,223.67,0.5766,-1,-1,-1
703,247,3.90,148.56,58.34,156.93,0.7033,-1,-1,-1
703,246,45.89,156.47,75.96,237.42,0.8088,-1,-1,-1
703,244,55.61,130.11,35.50,69.34,0.2817,-1,-1,-1
703,236,317.79,102.65,91.36,292.64,0.8208,-1,-1,-1
703,227,268.51,140.35,46.11,143.96,0.7071,-1,-1,-1
703,211,120.40,49.41,159.27,428.46,0.8437,-1,-1,-1
703,183,440.26,2.82,199.73,474.88,0.9266,-1,-1,-1
704,250,383.08,114.12,67.30,219.84,0.7892,-1,-1,-1
704,249,95.11,121.57,59.92,227.02,0.7108,-1,-1,-1
704,247,0.09,150.82,54.01,162.23,0.7208,-1,-1,-1
704,246,27.79,153.37,79.83,254.02,0.7251,-1,-1,-1
704,236,316.17,101.00,84.69,286.31,0.8292,-1,-1,-1
704,227,265.16,142.96,45.92,152.71,0.6489,-1,-1,-1
704,211,120.63,52.12,155.47,424.22,0.8545,-1,-1,-1
704,183,434.81,1.23,204.75,476.91,0.9201,-1,-1,-1
705,250,382.56,110.46,62.39,219.19,0.6807,-1,-1,-1
705,249,82.34,115.01,66.68,238.00,0.7979,-1,-1,-1
705,247,0.20,174.20,41.04,138.99,0.3344,-1,-1,-1
705,246,3.22,147.56,93.64,274.26,0.8042,-1,-1,-1
705,244,31.68,119.69,34.10,31.34,0.2536,-1,-1,-1
705,236,311.69,96.85,87.53,280.12,0.8502,-1,-1,-1
705,227,261.23,141.60,46.93,161.36,0.6724,-1,-1,-1
705,211,130.03,48.00,141.61,428.34,0.8726,-1,-1,-1
705,183,426.24,1.02,213.43,478.37,0.9228,-1,-1,-1
706,250,378.85,101.76,56.55,233.36,0.5083,-1,-1,-1
706,249,61.39,106.62,82.45,252.94,0.8448,-1,-1,-1
706,246,0.05,141.94,79.23,289.25,0.8798,-1,-1,-1
706,236,300.37,95.82,89.28,288.62,0.8324,-1,-1,-1
706,227,257.93,140.54,44.48,122.54,0.7361,-1,-1,-1
706,211,140.27,41.40,128.45,425.88,0.8629,-1,-1,-1
706,183,414.09,1.45,225.35,477.75,0.9200,-1,-1,-1
707,250,374.00,102.39,63.19,238.94,0.6344,-1,-1,-1
707,249,37.46,103.07,98.90,269.11,0.7726,-1,-1,-1
707,246,0.34,138.03,63.57,302.80,0.8315,-1,-1,-1
707,236,297.80,98.96,87.46,290.34,0.8565,-1,-1,-1
707,227,255.52,142.16,43.53,112.09,0.6436,-1,-1,-1
707,211,136.20,40.72,130.52,407.53,0.8941,-1,-1,-1
707,183,395.68,1.26,243.95,476.90,0.8951,-1,-1,-1
708,249,10.14,97.84,111.86,276.68,0.7046,-1,-1,-1
708,246,0.06,127.72,43.68,315.99,0.7599,-1,-1,-1
708,236,288.27,100.91,90.58,293.43,0.8378,-1,-1,-1
708,227,251.92,141.30,44.08,114.77,0.6235,-1,-1,-1
708,211,131.34,35.38,128.98,414.29,0.8754,-1,-1,-1
708,183,354.15,1.37,284.11,477.34,0.8693,-1,-1,-1
709,249,0.21,90.63,107.15,350.44,0.7109,-1,-1,-1
709,236,284.35,100.41,90.59,295.55,0.8033,-1,-1,-1
709,227,249.07,139.11,45.99,123.98,0.7152,-1,-1,-1
709,211,128.50,34.94,132.14,417.69,0.8689,-1,-1,-1
709,183,376.89,0.50,254.68,479.50,0.8649,-1,-1,-1
710,249,0.00,78.62,103.16,376.83,0.6758,-1,-1,-1
710,236,277.14,96.85,97.13,297.74,0.7581,-1,-1,-1
710,227,247.82,138.61,46.22,118.11,0.7431,-1,-1,-1
710,211,126.86,38.03,132.04,429.03,0.8648,-1,-1,-1
710,183,333.98,0.32,278.35,478.03,0.8939,-1,-1,-1
711,249,0.11,58.25,97.34,323.77,0.8855,-1,-1,-1
711,236,275.21,91.39,92.38,302.42,0.7810,-1,-1,-1
711,227,246.46,138.19,40.20,117.13,0.6849,-1,-1,-1
711,211,122.44,38.55,131.79,408.49,0.8207,-1,-1,-1
711,183,310.22,0.52,284.52,479.16,0.8860,-1,-1,-1
712,249,0.20,42.76,68.68,368.07,0.7077,-1,-1,-1
712,236,269.00,88.03,93.64,293.35,0.8236,-1,-1,-1
712,227,243.66,142.18,40.30,112.90,0.6085,-1,-1,-1
712,211,120.50,40.89,130.94,431.80,0.8869,-1,-1,-1
712,183,298.22,0.34,288.41,476.37,0.8948,-1,-1,-1
713,251,27.57,97.57,62.68,235.68,0.3113,-1,-1,-1
713,249,0.11,30.50,59.82,424.11,0.7371,-1,-1,-1
713,236,266.96,87.15,91.64,292.51,0.8166,-1,-1,-1
713,227,244.65,141.52,36.00,108.98,0.6945,-1,-1,-1
713,211,116.40,36.78,134.91,430.79,0.9004,-1,-1,-1
713,183,337.17,0.65,259.39,475.84,0.9166,-1,-1,-1
714,252,591.19,41.64,48.66,270.35,0.3869,-1,-1,-1
714,251,28.25,91.40,67.24,245.02,0.5793,-1,-1,-1
714,249,0.38,84.31,55.55,249.70,0.2836,-1,-1,-1
714,236,267.99,89.30,94.63,295.36,0.8158,-1,-1,-1
714,227,247.79,142.05,36.38,101.92,0.7459,-1,-1,-1
714,211,109.69,35.63,143.20,419.35,0.8968,-1,-1,-1
714,183,331.87,0.47,301.89,475.35,0.9015,-1,-1,-1
715,251,29.29,87.39,74.50,229.08,0.7634,-1,-1,-1
715,249,0.00,82.26,69.14,253.32,0.7394,-1,-1,-1
715,236,272.94,89.89,94.09,298.07,0.8309,-1,-1,-1
715,227,251.04,138.98,37.04,105.23,0.6351,-1,-1,-1
715,211,106.04,32.18,151.43,400.74,0.9022,-1,-1,-1
715,183,329.91,0.57,309.11,473.04,0.9130,-1,-1,-1
716,251,26.01,85.86,80.90,253.84,0.8297,-1,-1,-1
716,249,0.14,65.97,71.09,273.02,0.3829,-1,-1,-1
716,236,274.17,92.04,96.92,309.48,0.8401,-1,-1,-1
716,227,255.66,141.97,36.39,102.92,0.6748,-1,-1,-1
716,211,101.32,34.40,159.41,404.31,0.8984,-1,-1,-1
716,183,336.47,0.28,302.53,476.17,0.8857,-1,-1,-1
717,249,8.29,80.27,99.66,266.23,0.8884,-1,-1,-1
717,236,278.56,94.46,100.03,305.44,0.8474,-1,-1,-1
717,227,260.16,142.66,39.83,101.88,0.7287,-1,-1,-1
717,211,98.91,41.99,164.26,399.93,0.8878,-1,-1,-1
717,183,350.30,0.15,288.75,477.77,0.8714,-1,-1,-1
718,249,2.55,78.95,103.66,292.01,0.8838,-1,-1,-1
718,236,288.03,97.02,97.87,307.75,0.8125,-1,-1,-1
718,227,265.43,149.20,38.80,107.12,0.7652,-1,-1,-1
718,211,97.69,51.28,169.69,411.58,0.8917,-1,-1,-1
718,183,370.65,0.53,268.33,475.75,0.8972,-1,-1,-1
719,249,0.89,76.66,112.47,296.15,0.9004,-1,-1,-1
719,236,296.17,96.45,90.74,305.11,0.5796,-1,-1,-1
719,227,272.58,150.86,36.43,108.36,0.7071,-1,-1,-1
719,211,100.90,56.63,160.79,411.27,0.8880,-1,-1,-1
719,183,381.72,0.67,257.10,475.87,0.9051,-1,-1,-1
720,253,255.47,156.75,24.18,98.05,0.4298,-1,-1,-1
720,249,3.27,72.93,111.63,311.43,0.8962,-1,-1,-1
720,236,301.11,96.06,89.60,297.66,0.8466,-1,-1,-1
720,227,276.64,149.72,36.17,117.03,0.6706,-1,-1,-1
720,211,103.33,55.16,160.69,406.01,0.8886,-1,-1,-1
720,183,387.44,0.62,251.71,477.29,0.9164,-1,-1,-1
721,253,242.59,149.08,42.61,123.55,0.5532,-1,-1,-1
721,249,0.00,56.89,110.17,338.52,0.9202,-1,-1,-1
721,236,304.99,94.74,91.33,296.36,0.8501,-1,-1,-1
721,227,282.39,147.27,37.43,105.31,0.6122,-1,-1,-1
721,211,112.56,51.08,144.92,388.22,0.8912,-1,-1,-1
721,183,394.00,0.74,245.27,477.47,0.9261,-1,-1,-1
722,253,244.43,155.14,46.15,129.91,0.5227,-1,-1,-1
722,249,0.00,49.94,108.33,349.49,0.9217,-1,-1,-1
722,236,307.22,95.42,93.78,301.21,0.8776,-1,-1,-1
722,227,288.34,148.12,33.33,99.51,0.5995,-1,-1,-1
722,211,122.11,51.98,135.91,377.11,0.9016,-1,-1,-1
722,183,399.44,0.56,240.16,477.02,0.9253,-1,-1,-1
723,253,256.20,157.80,41.39,142.58,0.6098,-1,-1,-1
723,249,0.16,44.42,108.73,363.71,0.9252,-1,-1,-1
723,236,316.06,100.04,90.51,305.33,0.6778,-1,-1,-1
723,227,294.75,153.41,32.38,99.20,0.6303,-1,-1,-1
723,211,136.71,52.94,125.30,385.36,0.8952,-1,-1,-1
723,183,395.89,0.85,243.86,479.15,0.9147,-1,-1,-1
724,253,247.74,160.88,52.15,153.26,0.5815,-1,-1,-1
724,249,0.05,37.04,107.35,375.90,0.9165,-1,-1,-1
724,236,316.77,102.36,92.43,304.08,0.8461,-1,-1,-1
724,227,298.53,154.65,31.55,101.45,0.6612,-1,-1,-1
724,211,144.04,55.55,119.42,388.65,0.8978,-1,-1,-1
724,183,391.48,1.13,248.18,478.55,0.9033,-1,-1,-1
725,256,124.84,200.68,13.09,44.01,0.5112,-1,-1,-1
725,255,140.10,197.19,15.28,46.68,0.5805,-1,-1,-1
725,254,93.29,187.42,21.56,70.06,0.5546,-1,-1,-1
725,253,260.54,156.45,43.64,154.14,0.6965,-1,-1,-1
725,249,0.04,20.22,97.99,396.08,0.9011,-1,-1,-1
725,236,314.30,99.48,97.43,305.10,0.8198,-1,-1,-1
725,227,300.98,152.02,31.25,102.64,0.4268,-1,-1,-1
725,211,149.59,56.42,114.87,394.52,0.8947,-1,-1,-1
725,183,395.78,0.87,244.03,479.13,0.8764,-1,-1,-1
726,255,146.18,197.90,13.06,48.41,0.4136,-1,-1,-1
726,254,90.84,189.40,28.01,69.02,0.7156,-1,-1,-1
726,253,264.38,155.70,42.67,151.60,0.7930,-1,-1,-1
726,249,0.09,6.76,89.51,418.84,0.8918,-1,-1,-1
726,236,319.03,98.87,90.72,303.17,0.8232,-1,-1,-1
726,227,304.93,153.12,31.92,99.83,0.5472,-1,-1,-1
726,211,157.22,62.29,107.30,396.61,0.8776,-1,-1,-1
726,183,413.56,0.42,226.31,478.56,0.9232,-1,-1,-1
727,256,131.65,197.94,14.46,46.20,0.4039,-1,-1,-1
727,255,146.71,196.02,12.05,47.82,0.5009,-1,-1,-1
727,254,92.90,186.77,23.88,71.12,0.6394,-1,-1,-1
727,253,266.72,152.74,41.40,151.77,0.8132,-1,-1,-1
727,249,0.20,1.39,77.73,426.48,0.8778,-1,-1,-1
727,236,318.78,93.41,89.61,299.14,0.8264,-1,-1,-1
727,227,307.15,149.59,28.59,96.79,0.4999,-1,-1,-1
727,211,160.80,60.65,105.77,394.07,0.8886,-1,-1,-1
727,183,405.60,0.27,234.09,478.58,0.9251,-1,-1,-1
728,256,124.43,197.09,16.67,46.81,0.4843,-1,-1,-1
728,255,142.33,195.65,14.53,48.42,0.5440,-1,-1,-1
728,254,90.34,187.50,22.18,70.19,0.5425,-1,-1,-1
728,253,265.85,151.89,41.53,152.11,0.8363,-1,-1,-1
728,249,0.23,36.87,57.55,397.35,0.7280,-1,-1,-1
728,236,315.61,91.88,97.82,291.29,0.8062,-1,-1,-1
728,227,305.12,148.00,29.80,88.13,0.5175,-1,-1,-1
728,211,160.24,59.14,105.57,391.20,0.8867,-1,-1,-1
728,183,392.31,0.37,246.50,477.73,0.9283,-1,-1,-1
729,256,120.53,195.35,19.06,47.89,0.4412,-1,-1,-1
729,255,139.86,195.84,14.90,46.46,0.5573,-1,-1,-1
729,254,82.39,186.10,25.15,71.22,0.5962,-1,-1,-1
729,253,265.13,152.46,42.41,150.30,0.8542,-1,-1,-1
729,249,0.41,44.84,43.44,395.41,0.2826,-1,-1,-1
729,236,314.97,89.70,91.51,298.75,0.8494,-1,-1,-1
729,227,305.32,148.84,26.33,83.63,0.5704,-1,-1,-1
729,211,159.54,56.14,106.51,376.82,0.8967,-1,-1,-1
729,183,383.45,0.62,255.79,475.50,0.9302,-1,-1,-1
730,256,120.80,198.20,16.06,52.03,0.3287,-1,-1,-1
730,254,85.00,192.87,21.50,71.71,0.5884,-1,-1,-1
730,253,265.56,160.94,43.10,148.96,0.8182,-1,-1,-1
730,236,314.63,100.08,92.23,301.80,0.8134,-1,-1,-1
730,227,304.95,156.56,28.49,84.67,0.4539,-1,-1,-1
730,211,159.36,62.80,107.27,365.85,0.9013,-1,-1,-1
730,183,375.23,0.53,263.88,476.81,0.9263,-1,-1,-1
731,256,122.69,205.87,15.20,48.07,0.5075,-1,-1,-1
731,254,81.84,194.20,25.78,75.78,0.6459,-1,-1,-1
731,253,268.04,165.24,40.41,145.41,0.7877,-1,-1,-1
731,236,314.79,101.84,94.18,312.11,0.8346,-1,-1,-1
731,227,306.15,161.10,32.65,83.26,0.4402,-1,-1,-1
731,211,159.32,68.08,109.94,369.06,0.9013,-1,-1,-1
731,183,372.18,0.63,267.12,476.66,0.9268,-1,-1,-1
732,256,119.57,205.52,17.26,49.77,0.5413,-1,-1,-1
732,254,75.73,194.32,27.96,77.35,0.6470,-1,-1,-1
732,253,268.70,165.60,39.85,142.77,0.7782,-1,-1,-1
732,236,314.87,110.17,94.38,308.45,0.8605,-1,-1,-1
732,227,306.54,163.21,32.85,85.72,0.4093,-1,-1,-1
732,211,151.92,73.69,117.35,374.90,0.9002,-1,-1,-1
732,183,373.44,0.50,266.06,476.43,0.9189,-1,-1,-1
733,256,112.24,203.44,23.75,54.32,0.3600,-1,-1,-1
733,254,64.82,194.39,32.52,80.82,0.6059,-1,-1,-1
733,253,265.97,165.41,40.83,141.82,0.7992,-1,-1,-1
733,236,315.84,111.55,91.05,306.49,0.8630,-1,-1,-1
733,227,311.27,164.28,29.19,90.17,0.3410,-1,-1,-1
733,211,145.41,83.49,116.58,378.25,0.8711,-1,-1,-1
733,183,382.17,0.79,257.38,477.12,0.9095,-1,-1,-1
734,256,111.12,214.52,21.86,48.31,0.2716,-1,-1,-1
734,254,60.72,201.83,33.08,78.51,0.6115,-1,-1,-1
734,253,265.72,170.19,41.37,134.28,0.7529,-1,-1,-1
734,236,315.89,116.73,90.21,301.50,0.8352,-1,-1,-1
734,211,137.71,90.69,117.28,378.20,0.8832,-1,-1,-1
734,183,389.51,0.70,250.23,477.62,0.9101,-1,-1,-1
735,259,240.61,160.67,33.01,124.31,0.5758,-1,-1,-1
735,254,59.25,195.07,30.52,81.17,0.6094,-1,-1,-1
735,253,265.41,165.28,42.01,140.90,0.7550,-1,-1,-1
735,236,316.41,108.46,90.12,291.37,0.8269,-1,-1,-1
735,211,129.19,84.44,121.83,374.10,0.8492,-1,-1,-1
735,183,396.18,0.44,243.28,478.26,0.9140,-1,-1,-1
736,259,239.20,157.76,31.21,110.00,0.4717,-1,-1,-1
736,258,118.59,144.36,49.42,172.62,0.7964,-1,-1,-1
736,254,56.61,191.48,30.41,82.33,0.5817,-1,-1,-1
736,253,264.41,165.09,41.36,141.06,0.7888,-1,-1,-1
736,236,315.65,104.01,90.41,294.99,0.8301,-1,-1,-1
736,211,151.05,78.59,106.24,361.33,0.8249,-1,-1,-1
736,183,399.72,0.42,239.26,477.57,0.8931,-1,-1,-1
737,259,237.21,156.73,34.23,141.71,0.3417,-1,-1,-1
737,258,109.58,137.33,53.92,185.09,0.8012,-1,-1,-1
737,254,46.91,189.30,31.05,84.08,0.6170,-1,-1,-1
737,253,260.73,165.79,43.09,142.73,0.7946,-1,-1,-1
737,236,314.85,105.91,89.96,297.89,0.8279,-1,-1,-1
737,211,147.50,74.39,110.15,346.40,0.8490,-1,-1,-1
737,183,401.03,0.22,238.14,475.14,0.9134,-1,-1,-1
738,259,236.45,154.85,34.34,146.07,0.4674,-1,-1,-1
738,258,104.68,134.10,54.33,191.65,0.7934,-1,-1,-1
738,254,42.53,185.87,32.15,86.05,0.7076,-1,-1,-1
738,253,258.16,164.24,45.07,144.44,0.7887,-1,-1,-1
738,236,313.09,108.67,92.35,299.28,0.8234,-1,-1,-1
738,211,144.41,73.56,109.99,351.57,0.8390,-1,-1,-1
738,183,400.22,0.75,238.95,476.21,0.9189,-1,-1,-1
739,259,236.10,156.50,31.10,110.50,0.5476,-1,-1,-1
739,258,92.70,131.74,61.71,196.61,0.8093,-1,-1,-1
739,254,36.37,184.88,30.91,87.57,0.6077,-1,-1,-1
739,253,254.52,163.05,48.76,143.53,0.7621,-1,-1,-1
739,236,309.97,111.37,92.27,301.98,0.8409,-1,-1,-1
739,211,143.50,75.95,99.20,355.80,0.8661,-1,-1,-1
739,183,397.98,0.58,241.39,476.90,0.9141,-1,-1,-1
740,259,237.14,157.44,30.61,134.37,0.4091,-1,-1,-1
740,258,82.98,130.74,67.38,211.81,0.8337,-1,-1,-1
740,254,30.54,183.50,34.18,89.67,0.7123,-1,-1,-1
740,253,255.05,162.09,54.28,144.03,0.7522,-1,-1,-1
740,236,310.44,111.91,91.11,300.89,0.8469,-1,-1,-1
740,211,142.89,83.97,104.26,357.51,0.8775,-1,-1,-1
740,183,394.60,1.09,244.99,476.80,0.9144,-1,-1,-1
741,260,0.06,190.70,18.35,77.53,0.3249,-1,-1,-1
741,259,236.67,153.89,30.74,138.09,0.5041,-1,-1,-1
741,258,76.09,122.72,76.72,217.71,0.8391,-1,-1,-1
741,254,26.28,179.75,33.77,91.09,0.6871,-1,-1,-1
741,253,255.26,160.18,52.28,144.24,0.7427,-1,-1,-1
741,236,306.32,106.18,94.08,303.62,0.8238,-1,-1,-1
741,211,143.76,85.03,101.96,357.17,0.8789,-1,-1,-1
741,183,388.71,1.06,251.09,477.75,0.8986,-1,-1,-1
742,260,0.04,183.09,18.17,75.77,0.5537,-1,-1,-1
742,259,235.71,152.09,32.88,137.94,0.5307,-1,-1,-1
742,258,72.40,115.27,76.81,228.49,0.8039,-1,-1,-1
742,254,24.02,179.22,30.24,92.53,0.6921,-1,-1,-1
742,253,260.28,161.23,46.87,142.79,0.7660,-1,-1,-1
742,236,307.86,104.85,89.22,293.05,0.8308,-1,-1,-1
742,211,142.92,88.55,102.02,346.52,0.8837,-1,-1,-1
742,183,397.55,0.90,241.81,479.10,0.9148,-1,-1,-1
743,260,0.01,187.20,15.09,68.75,0.4809,-1,-1,-1
743,259,236.77,152.56,31.54,137.73,0.5907,-1,-1,-1
743,258,47.07,104.68,97.24,239.77,0.6873,-1,-1,-1
743,254,13.88,176.17,33.49,92.20,0.6172,-1,-1,-1
743,253,259.78,161.23,47.83,142.28,0.7626,-1,-1,-1
743,236,311.27,104.88,82.02,284.53,0.8061,-1,-1,-1
743,211,138.18,85.07,107.18,348.09,0.8710,-1,-1,-1
743,183,398.20,1.08,240.11,478.92,0.9028,-1,-1,-1
744,259,238.36,149.52,31.63,143.17,0.5762,-1,-1,-1
744,258,42.54,97.50,93.70,253.85,0.8556,-1,-1,-1
744,254,9.15,173.43,35.57,97.36,0.6039,-1,-1,-1
744,253,258.48,161.94,52.82,141.66,0.7107,-1,-1,-1
744,236,306.61,103.74,87.04,292.30,0.8315,-1,-1,-1
744,211,151.94,82.50,96.20,332.78,0.8639,-1,-1,-1
744,183,389.76,0.29,238.60,478.54,0.8927,-1,-1,-1
745,261,122.19,129.41,46.44,180.40,0.7047,-1,-1,-1
745,259,242.27,148.85,30.79,140.89,0.6153,-1,-1,-1
745,258,15.70,94.64,114.40,265.86,0.8609,-1,-1,-1
745,254,7.66,171.88,34.89,133.37,0.3438,-1,-1,-1
745,253,265.52,159.09,46.61,137.99,0.6853,-1,-1,-1
745,236,308.41,99.59,93.78,299.99,0.8308,-1,-1,-1
745,211,155.87,78.90,94.27,324.86,0.8715,-1,-1,-1
745,183,400.52,0.15,229.63,477.87,0.9241,-1,-1,-1
746,261,112.93,131.06,63.13,184.73,0.8577,-1,-1,-1
746,259,248.69,154.16,28.80,131.84,0.5156,-1,-1,-1
746,258,0.85,91.67,114.79,289.87,0.8704,-1,-1,-1
746,253,269.57,158.70,50.09,139.20,0.5444,-1,-1,-1
746,236,308.12,155.48,92.46,251.78,0.7880,-1,-1,-1
746,211,160.68,82.69,97.09,329.70,0.8748,-1,-1,-1
746,183,391.24,0.42,246.52,478.61,0.9070,-1,-1,-1
747,261,112.45,126.87,63.71,191.62,0.8143,-1,-1,-1
747,259,251.39,153.31,27.59,126.77,0.3073,-1,-1,-1
747,258,0.05,84.93,111.64,301.20,0.8907,-1,-1,-1
747,253,266.67,158.07,53.69,139.83,0.6905,-1,-1,-1
747,236,311.39,107.12,93.14,301.66,0.8522,-1,-1,-1
747,211,163.32,83.55,98.23,332.03,0.8695,-1,-1,-1
747,183,390.20,0.33,248.97,477.50,0.8958,-1,-1,-1
748,261,113.03,124.03,61.30,198.86,0.8248,-1,-1,-1
748,259,251.63,154.13,32.20,102.94,0.4520,-1,-1,-1
748,258,0.00,75.05,92.74,316.82,0.8873,-1,-1,-1
748,253,270.76,160.57,52.24,140.40,0.6604,-1,-1,-1
748,236,315.56,107.69,90.13,301.17,0.8376,-1,-1,-1
748,211,164.36,88.60,102.37,335.14,0.8671,-1,-1,-1
748,183,390.99,0.33,248.72,476.76,0.9182,-1,-1,-1
749,261,107.96,121.06,65.68,209.22,0.8597,-1,-1,-1
749,259,251.43,155.92,39.51,139.88,0.5089,-1,-1,-1
749,258,0.02,64.34,84.01,331.65,0.8910,-1,-1,-1
749,253,273.58,167.01,53.00,137.75,0.6499,-1,-1,-1
749,236,318.62,108.97,93.86,298.87,0.7947,-1,-1,-1
749,211,164.14,93.90,104.78,337.67,0.8559,-1,-1,-1
749,183,393.52,0.44,245.97,477.92,0.9216,-1,-1,-1
750,261,106.38,113.77,67.50,216.50,0.8609,-1,-1,-1
750,259,257.53,153.15,39.60,139.66,0.6300,-1,-1,-1
750,258,0.17,47.54,77.59,368.90,0.8683,-1,-1,-1
750,253,281.62,164.51,53.43,139.25,0.7167,-1,-1,-1
750,236,325.85,105.78,88.65,287.54,0.8413,-1,-1,-1
750,211,170.69,92.37,104.07,328.18,0.8716,-1,-1,-1
750,183,405.18,0.85,234.50,477.01,0.9138,-1,-1,-1
751,261,101.60,105.90,81.15,222.26,0.8683,-1,-1,-1
751,259,263.28,146.69,42.61,143.37,0.7272,-1,-1,-1
751,258,0.17,33.29,71.16,367.87,0.7760,-1,-1,-1
751,253,290.55,160.09,50.48,133.25,0.7352,-1,-1,-1
751,236,335.01,97.70,87.09,290.63,0.8020,-1,-1,-1
751,211,179.16,88.12,84.45,324.21,0.8299,-1,-1,-1
751,183,414.45,1.19,225.16,478.81,0.9109,-1,-1,-1
752,261,95.37,99.19,86.95,234.82,0.8732,-1,-1,-1
752,259,270.15,147.04,40.78,133.24,0.6895,-1,-1,-1
752,258,0.46,6.36,79.49,396.45,0.7358,-1,-1,-1
752,253,295.84,160.35,52.12,126.41,0.6204,-1,-1,-1
752,236,336.50,100.69,90.56,295.30,0.8463,-1,-1,-1
752,211,185.46,85.26,100.51,304.89,0.8927,-1,-1,-1
752,183,418.39,0.85,221.12,477.44,0.9181,-1,-1,-1
753,261,90.95,94.45,90.79,246.98,0.8760,-1,-1,-1
753,259,274.68,150.70,39.43,127.52,0.7602,-1,-1,-1
753,258,0.00,74.96,77.44,325.09,0.4421,-1,-1,-1
753,253,303.65,158.89,48.27,125.20,0.4401,-1,-1,-1
753,236,339.62,102.76,93.73,297.28,0.8253,-1,-1,-1
753,211,186.90,83.05,99.85,308.96,0.8964,-1,-1,-1
753,183,411.51,0.80,228.28,478.14,0.9175,-1,-1,-1
754,261,76.13,90.07,104.56,266.59,0.8934,-1,-1,-1
754,259,283.08,149.36,39.75,137.31,0.7254,-1,-1,-1
754,253,320.39,160.33,38.82,105.43,0.4926,-1,-1,-1
754,236,345.57,106.33,93.60,300.04,0.7776,-1,-1,-1
754,211,195.17,84.05,98.78,314.51,0.8752,-1,-1,-1
754,183,411.94,1.28,227.67,478.48,0.9170,-1,-1,-1
755,264,0.01,151.12,36.88,123.68,0.4056,-1,-1,-1
755,262,31.99,166.69,38.17,88.82,0.5863,-1,-1,-1
755,261,71.38,84.57,107.76,273.49,0.9013,-1,-1,-1
755,259,285.32,152.48,40.39,131.69,0.7343,-1,-1,-1
755,253,326.79,161.17,34.86,107.04,0.4144,-1,-1,-1
755,236,347.59,103.27,93.08,297.88,0.8358,-1,-1,-1
755,211,202.25,86.16,92.70,313.67,0.8680,-1,-1,-1
755,183,427.61,2.01,211.83,477.55,0.9132,-1,-1,-1
756,264,0.18,154.99,28.50,124.38,0.7074,-1,-1,-1
756,262,40.77,171.17,31.50,86.76,0.5810,-1,-1,-1
756,261,66.82,78.88,109.95,296.25,0.9019,-1,-1,-1
756,259,292.43,151.64,35.37,133.08,0.7325,-1,-1,-1
756,253,329.42,161.67,37.80,112.29,0.3900,-1,-1,-1
756,236,347.81,98.70,97.38,306.70,0.7098,-1,-1,-1
756,211,211.30,89.73,89.31,316.88,0.8665,-1,-1,-1
756,183,465.12,1.92,174.53,477.72,0.9046,-1,-1,-1
757,264,0.16,154.20,21.74,123.82,0.6022,-1,-1,-1
757,262,41.70,167.20,33.04,91.86,0.3214,-1,-1,-1
757,261,57.64,65.72,112.46,314.00,0.8918,-1,-1,-1
757,259,296.59,148.80,36.41,130.76,0.7432,-1,-1,-1
757,253,329.16,158.53,38.69,113.81,0.3950,-1,-1,-1
757,236,351.89,94.96,94.03,301.09,0.8005,-1,-1,-1
757,211,206.55,90.26,99.44,313.53,0.8620,-1,-1,-1
757,183,487.80,0.98,152.02,477.15,0.8990,-1,-1,-1
758,261,45.53,50.52,115.28,333.27,0.8994,-1,-1,-1
758,260,0.10,159.26,15.43,89.97,0.3186,-1,-1,-1
758,259,299.86,146.09,31.02,129.68,0.5493,-1,-1,-1
758,253,321.53,158.03,47.44,114.23,0.3655,-1,-1,-1
758,236,348.93,92.69,97.40,297.24,0.7836,-1,-1,-1
758,211,217.12,85.95,89.54,316.09,0.8683,-1,-1,-1
758,183,475.41,156.30,107.72,321.94,0.2644,-1,-1,-1
759,266,190.32,162.49,33.35,116.68,0.4161,-1,-1,-1
759,261,20.56,39.85,132.23,352.32,0.9100,-1,-1,-1
759,259,302.73,149.84,33.98,133.46,0.5954,-1,-1,-1
759,253,342.04,160.60,27.45,79.55,0.2863,-1,-1,-1
759,236,351.22,95.52,96.46,298.03,0.7820,-1,-1,-1
759,211,203.30,87.61,105.36,300.79,0.8737,-1,-1,-1
759,183,478.94,4.14,160.65,474.07,0.4444,-1,-1,-1
760,266,181.44,162.01,45.03,120.51,0.5224,-1,-1,-1
760,261,0.00,25.05,138.68,371.70,0.9174,-1,-1,-1
760,259,304.59,145.31,32.15,131.49,0.5633,-1,-1,-1
760,255,133.63,180.76,22.41,67.34,0.6069,-1,-1,-1
760,236,348.68,91.84,99.79,304.32,0.8157,-1,-1,-1
760,211,199.36,82.78,110.44,299.87,0.8690,-1,-1,-1
760,183,494.77,3.43,144.76,475.81,0.5803,-1,-1,-1
761,266,180.39,160.19,39.51,121.82,0.5932,-1,-1,-1
761,261,0.00,9.01,117.46,391.94,0.9314,-1,-1,-1
761,259,308.62,154.30,32.17,121.94,0.5042,-1,-1,-1
761,255,129.67,179.79,25.50,68.49,0.6497,-1,-1,-1
761,236,350.82,95.98,98.18,306.60,0.8525,-1,-1,-1
761,211,206.05,81.85,107.96,302.20,0.8702,-1,-1,-1
761,183,505.33,1.07,134.50,477.38,0.8353,-1,-1,-1
762,267,108.18,175.52,19.75,73.08,0.4099,-1,-1,-1
762,266,176.39,155.12,39.45,121.50,0.6102,-1,-1,-1
762,261,0.00,0.32,103.04,403.20,0.9147,-1,-1,-1
762,259,310.51,146.51,26.98,125.40,0.6123,-1,-1,-1
762,256,84.47,167.60,36.84,84.83,0.6010,-1,-1,-1
762,255,128.78,175.74,26.01,69.73,0.6015,-1,-1,-1
762,236,354.22,94.41,95.14,307.94,0.8558,-1,-1,-1
762,211,180.51,79.46,135.96,306.67,0.8691,-1,-1,-1
762,183,492.20,1.16,147.46,478.84,0.8897,-1,-1,-1
763,266,167.65,143.04,37.22,126.12,0.6870,-1,-1,-1
763,263,53.16,150.37,34.51,94.74,0.5823,-1,-1,-1
763,261,0.23,25.30,82.98,379.54,0.8858,-1,-1,-1
763,259,308.03,136.23,30.00,120.20,0.5861,-1,-1,-1
763,256,81.09,161.24,40.77,83.12,0.7076,-1,-1,-1
763,255,124.90,166.27,25.20,72.00,0.6715,-1,-1,-1
763,236,354.40,84.73,94.33,304.45,0.8545,-1,-1,-1
763,211,189.54,75.90,126.74,308.34,0.8897,-1,-1,-1
763,183,463.63,1.61,176.09,478.39,0.8769,-1,-1,-1
764,266,161.69,149.11,39.34,124.43,0.7258,-1,-1,-1
764,263,52.73,158.01,41.38,92.48,0.4989,-1,-1,-1
764,261,0.34,24.71,64.95,391.42,0.7995,-1,-1,-1
764,259,308.89,139.88,32.49,122.00,0.6086,-1,-1,-1
764,256,84.20,163.41,38.54,86.72,0.6895,-1,-1,-1
764,255,124.52,170.54,25.11,71.32,0.6330,-1,-1,-1
764,236,358.71,90.17,90.60,296.43,0.8285,-1,-1,-1
764,211,208.07,82.84,110.95,309.07,0.8786,-1,-1,-1
764,183,457.05,0.86,182.50,450.84,0.7884,-1,-1,-1
765,268,199.26,155.32,31.77,115.77,0.6044,-1,-1,-1
765,266,146.49,155.32,51.62,124.94,0.7887,-1,-1,-1
765,263,60.57,160.91,40.94,96.53,0.6541,-1,-1,-1
765,259,310.34,145.33,34.74,119.85,0.6781,-1,-1,-1
765,256,93.81,168.84,30.76,85.82,0.6545,-1,-1,-1
765,255,125.54,175.64,23.78,72.97,0.6320,-1,-1,-1
765,236,360.59,92.57,94.66,292.88,0.8495,-1,-1,-1
765,211,217.23,87.23,105.26,303.77,0.8756,-1,-1,-1
765,183,458.49,1.37,181.18,478.63,0.8616,-1,-1,-1
766,268,198.26,156.09,34.09,119.54,0.6893,-1,-1,-1
766,266,139.98,154.88,54.28,127.42,0.8329,-1,-1,-1
766,263,61.85,164.70,38.92,94.29,0.6267,-1,-1,-1
766,259,310.13,147.86,30.12,120.93,0.6250,-1,-1,-1
766,256,94.96,166.94,28.81,89.74,0.6897,-1,-1,-1
766,255,122.89,175.12,23.63,74.12,0.6199,-1,-1,-1
766,236,360.36,92.34,93.74,292.89,0.7676,-1,-1,-1
766,211,224.40,86.31,96.80,304.28,0.8897,-1,-1,-1
766,183,457.28,1.26,182.45,478.74,0.8785,-1,-1,-1
767,268,188.11,151.30,41.27,125.33,0.8009,-1,-1,-1
767,266,127.71,154.39,58.45,126.32,0.8246,-1,-1,-1
767,263,57.28,160.35,35.61,96.80,0.6079,-1,-1,-1
767,259,310.50,147.30,33.66,119.52,0.4052,-1,-1,-1
767,256,91.91,164.78,26.11,90.36,0.4919,-1,-1,-1
767,236,354.72,91.33,97.67,297.97,0.7946,-1,-1,-1
767,211,228.29,80.15,89.37,290.78,0.8882,-1,-1,-1
767,183,457.74,1.34,181.90,477.92,0.9012,-1,-1,-1
768,268,184.97,155.14,41.94,126.69,0.8359,-1,-1,-1
768,266,120.83,157.72,57.41,125.84,0.8013,-1,-1,-1
768,263,51.35,161.62,35.95,98.57,0.6304,-1,-1,-1
768,256,90.86,165.64,34.78,92.41,0.4582,-1,-1,-1
768,236,351.54,94.50,97.95,303.77,0.7889,-1,-1,-1
768,211,226.11,81.84,89.91,290.28,0.8781,-1,-1,-1
768,183,457.45,1.31,182.21,478.69,0.8853,-1,-1,-1
769,268,183.09,154.83,44.97,130.21,0.8511,-1,-1,-1
769,267,87.89,167.13,30.17,92.27,0.4928,-1,-1,-1
769,266,116.70,154.95,45.68,129.76,0.7337,-1,-1,-1
769,263,54.36,161.14,31.06,100.16,0.6622,-1,-1,-1
769,256,101.48,166.45,31.62,92.91,0.2758,-1,-1,-1
769,236,351.83,98.19,94.53,304.86,0.7860,-1,-1,-1
769,211,226.45,83.65,88.68,295.40,0.8834,-1,-1,-1
769,183,463.57,2.01,176.05,477.99,0.8713,-1,-1,-1
770,268,179.93,152.79,47.14,132.62,0.8408,-1,-1,-1
770,267,87.47,164.77,25.69,93.69,0.4093,-1,-1,-1
770,266,111.57,153.14,41.60,129.37,0.5490,-1,-1,-1
770,263,53.15,160.65,35.55,100.69,0.6276,-1,-1,-1
770,236,350.47,94.22,95.85,305.68,0.7881,-1,-1,-1
770,211,225.58,84.50,92.62,297.81,0.8878,-1,-1,-1
770,183,477.16,1.13,162.42,478.29,0.8335,-1,-1,-1
771,268,167.45,149.56,51.04,140.01,0.8298,-1,-1,-1
771,266,101.09,152.41,37.50,133.71,0.5528,-1,-1,-1
771,263,48.10,159.62,36.66,103.33,0.6868,-1,-1,-1
771,256,80.74,161.61,32.44,98.21,0.4974,-1,-1,-1
771,236,347.74,93.30,89.70,301.87,0.8294,-1,-1,-1
771,211,220.82,89.73,93.01,300.80,0.8731,-1,-1,-1
771,183,503.59,0.75,136.05,473.61,0.8518,-1,-1,-1
772,268,163.31,144.71,52.06,141.30,0.8314,-1,-1,-1
772,266,83.02,151.62,49.65,133.15,0.7168,-1,-1,-1
772,263,45.75,156.12,37.80,104.27,0.6339,-1,-1,-1
772,236,343.87,92.64,89.93,293.69,0.8171,-1,-1,-1
772,211,211.25,89.69,100.43,297.43,0.8952,-1,-1,-1
772,183,494.21,0.00,145.64,475.18,0.8111,-1,-1,-1
773,268,148.68,140.06,61.77,147.17,0.8454,-1,-1,-1
773,266,72.92,151.49,47.36,132.55,0.7890,-1,-1,-1
773,263,42.95,155.55,38.41,103.03,0.6626,-1,-1,-1
773,236,338.11,87.43,96.44,291.23,0.8604,-1,-1,-1
773,211,212.80,89.39,97.94,293.77,0.8925,-1,-1,-1
773,183,493.35,0.00,146.51,474.76,0.7822,-1,-1,-1
774,268,154.02,136.57,51.66,154.48,0.8336,-1,-1,-1
774,266,66.14,150.31,49.44,134.48,0.6661,-1,-1,-1
774,263,44.68,158.48,38.46,93.41,0.4199,-1,-1,-1
774,236,335.43,87.83,97.24,294.98,0.8504,-1,-1,-1
774,211,219.24,87.39,93.89,287.06,0.8911,-1,-1,-1
774,183,494.51,4.70,145.49,472.43,0.8451,-1,-1,-1
775,268,152.11,138.34,52.06,159.23,0.8539,-1,-1,-1
775,266,66.19,153.93,42.10,132.75,0.4781,-1,-1,-1
775,263,43.43,155.07,39.44,110.07,0.4440,-1,-1,-1
775,236,337.53,88.50,94.54,300.38,0.7957,-1,-1,-1
775,211,215.24,87.04,99.46,277.70,0.8734,-1,-1,-1
775,183,463.66,18.47,124.43,433.72,0.7887,-1,-1,-1
776,271,496.76,0.00,143.09,479.79,0.8021,-1,-1,-1
776,270,89.73,172.92,34.81,91.56,0.6757,-1,-1,-1
776,268,144.95,139.50,54.48,161.58,0.8230,-1,-1,-1
776,263,43.90,152.05,52.13,135.73,0.6142,-1,-1,-1
776,236,338.75,94.33,92.63,302.67,0.8507,-1,-1,-1
776,211,212.17,87.96,103.85,280.46,0.8759,-1,-1,-1
776,183,412.77,22.59,166.24,419.10,0.7639,-1,-1,-1
777,272,208.15,149.83,39.25,153.98,0.2796,-1,-1,-1
777,271,495.29,0.00,144.59,479.93,0.7787,-1,-1,-1
777,270,93.60,170.51,31.24,94.08,0.6623,-1,-1,-1
777,268,142.17,138.29,54.36,167.08,0.8225,-1,-1,-1
777,263,38.55,150.87,52.19,138.87,0.5961,-1,-1,-1
777,236,337.32,95.69,91.46,302.21,0.8432,-1,-1,-1
777,211,208.69,91.39,107.98,280.93,0.8754,-1,-1,-1
777,183,400.24,32.35,170.28,407.09,0.7582,-1,-1,-1
778,272,203.71,156.58,46.45,156.58,0.6453,-1,-1,-1
778,271,515.83,0.00,124.01,476.18,0.7306,-1,-1,-1
778,270,92.48,164.98,39.82,101.87,0.6739,-1,-1,-1
778,268,132.43,134.74,63.32,175.82,0.8301,-1,-1,-1
778,263,26.35,153.05,61.37,139.60,0.7983,-1,-1,-1
778,236,342.26,96.15,88.08,300.89,0.8534,-1,-1,-1
778,211,208.15,97.62,114.25,283.03,0.8375,-1,-1,-1
778,183,407.50,26.46,155.96,423.80,0.8357,-1,-1,-1
779,272,209.75,136.94,47.16,184.01,0.7213,-1,-1,-1
779,271,508.14,5.26,131.09,474.74,0.7734,-1,-1,-1
779,270,106.29,168.47,29.69,102.16,0.7602,-1,-1,-1
779,268,137.93,133.57,59.14,182.31,0.8356,-1,-1,-1
779,263,23.38,157.84,58.93,138.28,0.8344,-1,-1,-1
779,255,73.18,162.40,28.43,108.51,0.6230,-1,-1,-1
779,236,349.61,98.19,87.99,268.04,0.6228,-1,-1,-1
779,211,234.15,106.77,93.89,278.93,0.8142,-1,-1,-1
779,183,416.01,26.26,145.77,451.77,0.8538,-1,-1,-1
780,272,212.17,135.74,47.15,188.84,0.7475,-1,-1,-1
780,271,494.05,1.14,145.58,478.86,0.8530,-1,-1,-1
780,270,108.34,166.60,31.37,105.21,0.7846,-1,-1,-1
780,268,131.53,130.10,67.41,185.77,0.8558,-1,-1,-1
780,263,19.25,156.60,62.26,139.55,0.7970,-1,-1,-1
780,255,72.85,160.47,29.56,111.94,0.6269,-1,-1,-1
780,236,351.38,95.48,86.05,286.19,0.5688,-1,-1,-1
780,211,236.35,107.21,93.22,273.57,0.8387,-1,-1,-1
780,183,419.51,20.63,119.68,451.61,0.7414,-1,-1,-1
781,272,210.46,129.62,48.28,200.55,0.7598,-1,-1,-1
781,271,466.21,1.62,173.38,476.57,0.8815,-1,-1,-1
781,270,110.38,165.17,24.75,103.84,0.6567,-1,-1,-1
781,268,126.57,125.66,70.01,198.14,0.8483,-1,-1,-1
781,263,17.74,153.67,60.02,141.98,0.7575,-1,-1,-1
781,255,69.03,159.97,42.85,113.30,0.6690,-1,-1,-1
781,236,353.96,95.51,78.63,194.05,0.3999,-1,-1,-1
781,211,238.68,102.78,93.61,268.01,0.8506,-1,-1,-1
781,183,388.62,16.56,135.92,454.38,0.7426,-1,-1,-1
782,272,200.77,125.63,59.27,207.03,0.8035,-1,-1,-1
782,271,450.32,1.95,189.25,478.05,0.8590,-1,-1,-1
782,270,110.89,168.54,23.23,101.24,0.3540,-1,-1,-1
782,268,114.25,125.83,80.76,201.20,0.8544,-1,-1,-1
782,263,13.12,152.03,57.46,144.71,0.8251,-1,-1,-1
782,255,71.59,160.11,46.17,113.96,0.7204,-1,-1,-1
782,211,244.48,102.89,88.23,264.12,0.8662,-1,-1,-1
782,183,392.28,26.59,109.59,435.84,0.6725,-1,-1,-1
783,273,347.46,141.05,79.98,295.97,0.4370,-1,-1,-1
783,272,199.88,121.91,59.67,212.48,0.8241,-1,-1,-1
783,271,452.45,1.60,187.15,478.13,0.7669,-1,-1,-1
783,268,110.12,125.24,82.60,210.52,0.8766,-1,-1,-1
783,263,9.65,150.89,51.29,146.03,0.7800,-1,-1,-1
783,255,75.19,161.35,45.31,114.03,0.7132,-1,-1,-1
783,211,252.41,103.60,79.82,257.17,0.8780,-1,-1,-1
783,183,390.81,28.96,111.82,443.03,0.6799,-1,-1,-1
784,272,194.60,120.62,67.17,219.53,0.8474,-1,-1,-1
784,271,457.05,1.11,182.30,477.82,0.8213,-1,-1,-1
784,268,107.50,123.13,77.92,220.02,0.8514,-1,-1,-1
784,263,8.54,152.98,48.65,148.52,0.7225,-1,-1,-1
784,255,77.85,158.42,38.72,119.89,0.6716,-1,-1,-1
784,211,257.74,107.53,76.82,256.53,0.8734,-1,-1,-1
784,183,355.21,33.51,132.11,416.55,0.7996,-1,-1,-1
785,272,180.80,115.43,78.49,230.91,0.8657,-1,-1,-1
785,271,465.16,1.43,174.32,441.35,0.6834,-1,-1,-1
785,268,90.65,116.01,86.25,232.11,0.8836,-1,-1,-1
785,266,60.37,170.94,24.26,99.12,0.3093,-1,-1,-1
785,263,0.38,156.78,39.17,145.56,0.6694,-1,-1,-1
785,211,256.41,109.70,71.68,257.91,0.8594,-1,-1,-1
785,183,353.36,32.82,135.58,444.65,0.8155,-1,-1,-1
786,274,12.64,169.61,34.26,102.91,0.4369,-1,-1,-1
786,272,162.48,113.80,85.00,242.22,0.8595,-1,-1,-1
786,271,480.83,1.08,158.78,445.74,0.6983,-1,-1,-1
786,268,65.65,109.02,99.43,240.28,0.8669,-1,-1,-1
786,267,50.66,172.42,26.91,101.09,0.3666,-1,-1,-1
786,263,0.20,157.88,24.51,145.19,0.5806,-1,-1,-1
786,211,252.20,117.85,73.92,249.73,0.8585,-1,-1,-1
786,183,347.16,34.75,134.40,419.57,0.5779,-1,-1,-1
787,274,10.33,170.06,30.48,104.43,0.3968,-1,-1,-1
787,272,152.20,112.52,92.12,249.10,0.8752,-1,-1,-1
787,271,494.90,0.64,144.70,476.76,0.6920,-1,-1,-1
787,268,54.00,105.40,102.16,247.74,0.8493,-1,-1,-1
787,263,0.14,160.15,19.19,142.98,0.4133,-1,-1,-1
787,211,254.25,120.33,70.47,247.65,0.8670,-1,-1,-1
787,183,340.85,33.75,162.87,421.57,0.7760,-1,-1,-1
788,275,454.99,27.24,78.83,421.77,0.5080,-1,-1,-1
788,274,0.17,169.03,37.88,108.59,0.4604,-1,-1,-1
788,272,138.51,106.12,97.77,272.76,0.8488,-1,-1,-1
788,271,502.45,0.41,137.18,476.86,0.7230,-1,-1,-1
788,268,37.89,99.99,108.95,267.45,0.8611,-1,-1,-1
788,211,252.72,119.17,72.64,249.97,0.8296,-1,-1,-1
788,183,333.38,34.01,191.63,433.08,0.8444,-1,-1,-1
789,275,433.49,27.80,106.11,429.84,0.7556,-1,-1,-1
789,273,324.10,45.71,115.84,430.86,0.6937,-1,-1,-1
789,272,128.60,100.55,90.78,288.75,0.8426,-1,-1,-1
789,271,500.97,1.26,138.68,475.95,0.8182,-1,-1,-1
789,268,15.58,97.89,117.60,278.77,0.8860,-1,-1,-1
789,211,249.69,117.42,72.09,239.61,0.8372,-1,-1,-1
790,275,434.50,37.31,102.96,426.52,0.7757,-1,-1,-1
790,273,316.94,48.84,171.07,431.16,0.8287,-1,-1,-1
790,272,120.02,94.25,84.77,306.36,0.8757,-1,-1,-1
790,271,497.49,1.65,142.06,436.03,0.7144,-1,-1,-1
790,268,2.82,97.23,112.23,299.95,0.8844,-1,-1,-1
790,211,241.19,121.56,79.13,233.20,0.8173,-1,-1,-1
791,276,198.36,193.82,25.23,85.33,0.5637,-1,-1,-1
791,275,430.92,43.35,104.30,427.94,0.7950,-1,-1,-1
791,273,310.76,56.85,146.42,421.50,0.8423,-1,-1,-1
791,272,104.23,85.75,91.21,318.54,0.8661,-1,-1,-1
791,271,490.21,0.69,149.38,478.50,0.8337,-1,-1,-1
791,268,0.00,90.36,112.00,325.05,0.8881,-1,-1,-1
791,211,232.47,123.81,83.56,228.55,0.8097,-1,-1,-1
792,276,193.52,194.08,29.86,89.30,0.6554,-1,-1,-1
792,275,418.74,49.74,115.33,423.24,0.8233,-1,-1,-1
792,273,307.98,62.67,151.99,414.95,0.7619,-1,-1,-1
792,272,77.88,80.27,106.44,338.92,0.8885,-1,-1,-1
792,271,492.98,4.31,146.77,472.96,0.7421,-1,-1,-1
792,268,0.33,81.63,89.38,341.06,0.8759,-1,-1,-1
792,211,227.14,130.01,84.23,240.53,0.7870,-1,-1,-1
793,276,186.28,192.80,29.32,87.10,0.4388,-1,-1,-1
793,275,415.84,43.02,120.03,396.91,0.8426,-1,-1,-1
793,273,301.33,59.81,186.17,392.24,0.6981,-1,-1,-1
793,272,16.34,67.38,152.51,374.58,0.8861,-1,-1,-1
793,271,506.02,1.89,133.68,477.11,0.8545,-1,-1,-1
793,268,0.11,62.81,74.43,359.51,0.8356,-1,-1,-1
793,211,218.31,129.50,90.39,242.94,0.7209,-1,-1,-1
794,277,144.79,169.89,30.92,96.52,0.4544,-1,-1,-1
794,276,180.72,179.50,31.71,91.98,0.5679,-1,-1,-1
794,275,405.41,30.13,133.74,411.33,0.8679,-1,-1,-1
794,273,296.51,51.52,128.37,384.12,0.6651,-1,-1,-1
794,272,0.40,48.24,153.03,395.26,0.8853,-1,-1,-1
794,271,518.53,2.07,121.12,476.90,0.8624,-1,-1,-1
794,268,0.03,73.74,57.06,348.86,0.7249,-1,-1,-1
794,211,219.47,123.75,83.23,235.10,0.7994,-1,-1,-1
795,277,128.04,171.71,33.47,99.33,0.7748,-1,-1,-1
795,276,171.85,180.87,45.29,94.98,0.6751,-1,-1,-1
795,275,401.93,32.37,131.21,404.96,0.8396,-1,-1,-1
795,273,294.04,60.13,132.63,388.93,0.8345,-1,-1,-1
795,272,0.00,32.00,125.12,443.09,0.8590,-1,-1,-1
795,271,517.17,0.78,122.67,476.42,0.7903,-1,-1,-1
795,211,219.37,126.07,77.49,211.39,0.7973,-1,-1,-1
796,277,123.04,176.49,39.04,99.64,0.7288,-1,-1,-1
796,276,173.49,184.94,41.12,95.30,0.3711,-1,-1,-1
796,275,409.27,40.48,123.51,406.16,0.8704,-1,-1,-1
796,273,292.57,67.61,172.36,390.70,0.6589,-1,-1,-1
796,272,0.15,20.64,110.92,440.86,0.6842,-1,-1,-1
796,271,525.61,0.77,114.24,476.05,0.7078,-1,-1,-1
796,211,218.66,128.90,79.16,220.07,0.8279,-1,-1,-1
797,277,111.55,170.59,46.21,101.29,0.7061,-1,-1,-1
797,276,170.01,181.42,25.40,95.94,0.6544,-1,-1,-1
797,275,402.99,36.20,126.05,410.87,0.8409,-1,-1,-1
797,273,285.53,63.67,127.05,395.88,0.6521,-1,-1,-1
797,272,0.16,0.45,83.82,437.67,0.4557,-1,-1,-1
797,271,541.75,1.80,97.97,474.23,0.7933,-1,-1,-1
797,211,227.49,120.58,67.54,223.76,0.8223,-1,-1,-1
798,278,69.21,160.05,34.35,121.78,0.7028,-1,-1,-1
798,277,110.12,171.66,45.41,103.46,0.7269,-1,-1,-1
798,276,182.39,182.10,29.79,75.28,0.2758,-1,-1,-1
798,275,406.10,38.17,121.23,415.85,0.8138,-1,-1,-1
798,273,280.78,65.50,135.40,399.13,0.5834,-1,-1,-1
798,272,0.18,9.65,57.61,300.41,0.5529,-1,-1,-1
798,271,512.18,0.53,127.51,477.34,0.8714,-1,-1,-1
798,211,228.99,120.52,64.89,227.46,0.8258,-1,-1,-1
799,281,211.61,187.32,25.17,79.67,0.4524,-1,-1,-1
799,280,164.05,179.44,36.57,100.84,0.5618,-1,-1,-1
799,278,67.49,159.42,35.18,123.84,0.7396,-1,-1,-1
799,277,107.37,169.43,46.98,106.95,0.7088,-1,-1,-1
799,275,382.45,39.42,140.67,372.01,0.7046,-1,-1,-1
799,273,282.95,64.58,134.86,399.84,0.5653,-1,-1,-1
799,271,477.44,1.56,162.18,474.36,0.8824,-1,-1,-1
799,211,229.92,122.40,62.25,226.20,0.7990,-1,-1,-1
800,281,207.97,181.88,25.36,80.71,0.6075,-1,-1,-1
800,280,157.26,173.85,43.54,103.73,0.7338,-1,-1,-1
800,278,61.90,155.39,35.95,124.15,0.7689,-1,-1,-1
800,277,98.18,163.04,47.78,109.85,0.7176,-1,-1,-1
800,275,406.67,31.27,106.73,387.17,0.8385,-1,-1,-1
800,271,454.84,1.59,184.87,474.57,0.8551,-1,-1,-1
800,211,227.33,123.45,59.72,221.13,0.8194,-1,-1,-1
800,183,275.51,55.72,181.41,363.43,0.8002,-1,-1,-1
801,281,201.85,188.21,31.13,79.07,0.3896,-1,-1,-1
801,280,156.07,177.76,37.70,103.60,0.6909,-1,-1,-1
801,278,58.84,159.13,34.54,125.03,0.7564,-1,-1,-1
801,277,95.84,165.91,28.92,111.58,0.6878,-1,-1,-1
801,275,402.75,33.21,105.00,409.56,0.7888,-1,-1,-1
801,273,276.14,56.73,189.07,385.22,0.7666,-1,-1,-1
801,271,446.96,1.32,192.62,477.50,0.5281,-1,-1,-1
801,211,228.10,129.63,56.08,225.34,0.8157,-1,-1,-1
802,281,201.12,187.34,31.04,83.40,0.6408,-1,-1,-1
802,280,156.02,176.37,45.44,107.97,0.6891,-1,-1,-1
802,278,58.02,159.25,35.24,125.64,0.7427,-1,-1,-1
802,277,89.74,163.56,30.19,116.57,0.6542,-1,-1,-1
802,275,401.59,31.91,105.03,404.41,0.7722,-1,-1,-1
802,273,275.25,57.18,125.54,380.05,0.6433,-1,-1,-1
802,271,455.51,1.63,184.29,474.36,0.6798,-1,-1,-1
802,211,229.85,131.77,56.12,214.84,0.7730,-1,-1,-1
803,285,20.37,150.05,42.82,98.85,0.2963,-1,-1,-1
803,281,200.62,189.14,31.37,83.12,0.7220,-1,-1,-1
803,280,157.02,178.83,38.37,108.75,0.6215,-1,-1,-1
803,278,57.83,159.71,38.40,128.13,0.7008,-1,-1,-1
803,277,89.58,165.79,28.40,111.12,0.5836,-1,-1,-1
803,275,399.75,33.96,107.23,402.38,0.7495,-1,-1,-1
803,273,276.32,58.99,122.00,384.59,0.5338,-1,-1,-1
803,271,461.37,1.56,178.45,478.44,0.6630,-1,-1,-1
803,211,232.55,131.32,51.30,191.09,0.8261,-1,-1,-1
804,285,25.14,149.05,42.28,121.39,0.4968,-1,-1,-1
804,281,205.47,189.91,28.49,84.93,0.5799,-1,-1,-1
804,280,161.37,181.96,34.65,109.68,0.5422,-1,-1,-1
804,278,61.99,162.29,38.48,128.78,0.7036,-1,-1,-1
804,277,91.97,167.38,28.31,116.45,0.4926,-1,-1,-1
804,275,411.85,33.25,128.92,412.58,0.7165,-1,-1,-1
804,273,282.66,63.08,194.56,390.20,0.8300,-1,-1,-1
804,271,478.36,1.37,161.48,478.63,0.7691,-1,-1,-1
804,211,234.47,132.90,58.84,203.28,0.7565,-1,-1,-1
805,285,28.04,144.56,39.91,133.91,0.4513,-1,-1,-1
805,281,208.23,185.52,31.22,87.11,0.7204,-1,-1,-1
805,280,163.14,177.45,33.90,112.36,0.5983,-1,-1,-1
805,277,66.92,158.23,54.46,130.16,0.4996,-1,-1,-1
805,275,420.59,32.83,114.36,423.80,0.8363,-1,-1,-1
805,273,290.52,59.41,203.47,404.56,0.7458,-1,-1,-1
805,271,494.17,0.30,145.67,435.57,0.6383,-1,-1,-1
805,211,238.25,129.21,63.30,206.02,0.7941,-1,-1,-1
806,285,27.32,145.87,51.24,152.33,0.6764,-1,-1,-1
806,281,214.79,185.78,29.10,88.92,0.7030,-1,-1,-1
806,280,167.94,176.05,37.67,115.12,0.4664,-1,-1,-1
806,277,70.73,159.23,54.56,130.50,0.7621,-1,-1,-1
806,275,429.10,36.08,124.50,429.58,0.8649,-1,-1,-1
806,273,298.61,62.55,214.91,409.59,0.7816,-1,-1,-1
806,271,516.91,0.72,122.92,272.54,0.5465,-1,-1,-1
806,211,240.85,129.85,72.16,207.04,0.8300,-1,-1,-1
807,285,32.49,144.11,49.09,151.13,0.6950,-1,-1,-1
807,281,218.22,187.06,29.20,88.58,0.6867,-1,-1,-1
807,280,172.68,174.72,44.17,118.38,0.7469,-1,-1,-1
807,277,75.79,156.99,52.26,131.67,0.7757,-1,-1,-1
807,275,440.43,39.43,127.29,424.45,0.7887,-1,-1,-1
807,271,540.52,30.32,99.35,267.01,0.5792,-1,-1,-1
807,211,244.15,131.58,77.97,200.15,0.8392,-1,-1,-1
807,183,309.54,58.83,216.29,409.79,0.6314,-1,-1,-1
808,281,222.36,183.79,27.60,90.99,0.7183,-1,-1,-1
808,280,177.39,170.77,48.02,120.03,0.7062,-1,-1,-1
808,278,42.78,140.47,41.16,154.29,0.6280,-1,-1,-1
808,277,79.39,154.24,48.83,131.90,0.7695,-1,-1,-1
808,275,450.56,35.21,130.54,422.24,0.8551,-1,-1,-1
808,271,567.35,88.60,72.54,197.31,0.8135,-1,-1,-1
808,211,253.63,131.32,74.99,192.89,0.8165,-1,-1,-1
808,183,323.01,53.05,212.07,408.63,0.8345,-1,-1,-1
809,281,233.37,186.21,28.91,91.25,0.7442,-1,-1,-1
809,280,185.77,172.34,49.88,124.10,0.8301,-1,-1,-1
809,278,56.81,143.69,36.90,149.83,0.6197,-1,-1,-1
809,277,91.57,157.42,37.64,131.23,0.7443,-1,-1,-1
809,275,468.54,31.88,142.64,419.84,0.8561,-1,-1,-1
809,211,264.18,136.42,75.91,198.48,0.8218,-1,-1,-1
809,183,336.30,50.13,220.92,394.18,0.5774,-1,-1,-1
810,281,238.67,188.48,28.81,91.84,0.7074,-1,-1,-1
810,280,190.50,174.45,51.63,126.67,0.7030,-1,-1,-1
810,278,64.46,145.84,38.97,156.37,0.7106,-1,-1,-1
810,277,97.70,158.04,36.50,136.39,0.7163,-1,-1,-1
810,275,471.63,30.63,151.13,413.01,0.8274,-1,-1,-1
810,211,277.33,138.36,70.22,202.83,0.8347,-1,-1,-1
810,183,342.06,49.80,157.94,396.04,0.6038,-1,-1,-1
811,287,268.81,191.80,21.25,85.24,0.7298,-1,-1,-1
811,281,242.04,184.08,30.23,93.45,0.7311,-1,-1,-1
811,280,189.37,171.43,52.92,129.48,0.7867,-1,-1,-1
811,278,66.29,147.59,42.25,150.29,0.4997,-1,-1,-1
811,277,100.05,152.78,38.20,139.28,0.5747,-1,-1,-1
811,275,487.39,23.62,144.97,427.36,0.8636,-1,-1,-1
811,211,286.39,132.63,66.38,214.99,0.8327,-1,-1,-1
811,183,358.15,44.28,116.62,406.84,0.6247,-1,-1,-1
812,287,270.19,191.97,24.38,86.92,0.6399,-1,-1,-1
812,282,67.70,145.89,40.80,157.12,0.6795,-1,-1,-1
812,281,242.61,181.00,32.89,98.05,0.6973,-1,-1,-1
812,280,190.34,171.37,54.77,133.17,0.8084,-1,-1,-1
812,277,101.29,150.33,39.60,143.58,0.7204,-1,-1,-1
812,275,490.93,24.92,148.05,435.06,0.8059,-1,-1,-1
812,211,293.36,129.84,64.64,209.43,0.8550,-1,-1,-1
812,183,371.06,42.73,137.96,419.76,0.5674,-1,-1,-1
813,287,264.46,195.54,30.25,86.08,0.6112,-1,-1,-1
813,282,51.89,145.37,54.15,154.06,0.6669,-1,-1,-1
813,281,240.71,180.01,35.86,101.87,0.6363,-1,-1,-1
813,280,187.10,168.68,57.96,136.92,0.8112,-1,-1,-1
813,277,101.40,152.83,42.05,143.06,0.6552,-1,-1,-1
813,275,505.11,30.24,134.41,441.21,0.8331,-1,-1,-1
813,211,298.24,130.66,60.78,210.65,0.8461,-1,-1,-1
813,183,376.12,40.50,138.27,431.13,0.8385,-1,-1,-1
814,287,269.44,194.90,26.78,85.72,0.6238,-1,-1,-1
814,282,48.49,138.90,58.34,160.70,0.7062,-1,-1,-1
814,281,237.75,177.04,39.52,104.53,0.7299,-1,-1,-1
814,280,186.11,162.37,59.66,142.67,0.8208,-1,-1,-1
814,277,103.44,149.06,38.21,145.43,0.7003,-1,-1,-1
814,275,510.70,30.75,129.29,442.59,0.8383,-1,-1,-1
814,211,302.08,129.98,63.06,210.63,0.8486,-1,-1,-1
814,183,365.54,34.89,157.27,445.11,0.5977,-1,-1,-1
815,287,270.30,194.22,26.47,89.07,0.6751,-1,-1,-1
815,282,49.04,142.43,55.84,161.34,0.6794,-1,-1,-1
815,281,240.29,179.06,35.71,105.46,0.6979,-1,-1,-1
815,280,183.35,161.81,61.71,146.25,0.7415,-1,-1,-1
815,277,100.73,148.23,41.73,149.84,0.6529,-1,-1,-1
815,275,516.50,30.68,123.47,442.66,0.8574,-1,-1,-1
815,211,305.96,134.15,62.61,211.63,0.8165,-1,-1,-1
815,183,377.17,25.22,220.71,454.78,0.6108,-1,-1,-1
816,287,269.46,191.52,25.64,90.84,0.6536,-1,-1,-1
816,282,43.81,170.05,28.17,130.12,0.3197,-1,-1,-1
816,281,237.30,174.96,35.85,110.01,0.7413,-1,-1,-1
816,280,175.91,159.07,65.19,150.07,0.7006,-1,-1,-1
816,278,60.05,138.86,45.79,160.10,0.5149,-1,-1,-1
816,277,99.73,149.21,41.51,147.24,0.6948,-1,-1,-1
816,275,519.41,26.74,120.58,425.85,0.8741,-1,-1,-1
816,211,311.36,136.04,56.93,210.45,0.7723,-1,-1,-1
816,183,383.11,25.11,130.56,454.05,0.6105,-1,-1,-1
817,287,268.79,192.04,23.56,87.26,0.6615,-1,-1,-1
817,282,30.09,145.38,37.61,154.99,0.4423,-1,-1,-1
817,281,235.93,173.33,35.69,109.89,0.6601,-1,-1,-1
817,280,168.61,156.84,69.28,154.31,0.7469,-1,-1,-1
817,278,59.70,135.89,46.60,168.62,0.4928,-1,-1,-1
817,277,98.17,147.62,39.37,148.10,0.7003,-1,-1,-1
817,275,521.94,22.25,118.03,432.86,0.8914,-1,-1,-1
817,211,312.97,134.54,60.51,210.27,0.8088,-1,-1,-1
817,183,382.45,5.89,165.35,455.96,0.7703,-1,-1,-1
818,288,288.13,177.74,30.01,92.15,0.7278,-1,-1,-1
818,287,266.53,187.29,26.79,95.75,0.6999,-1,-1,-1
818,282,13.04,135.71,55.01,168.10,0.6359,-1,-1,-1
818,281,231.04,168.92,38.52,115.43,0.7655,-1,-1,-1
818,280,172.54,156.96,65.33,161.44,0.7518,-1,-1,-1
818,278,56.70,133.64,48.89,172.38,0.3471,-1,-1,-1
818,277,96.27,145.86,39.16,151.08,0.7058,-1,-1,-1
818,275,527.94,11.60,111.92,442.74,0.8185,-1,-1,-1
818,211,317.57,132.03,61.47,210.27,0.8177,-1,-1,-1
818,183,387.82,9.07,146.93,457.79,0.7861,-1,-1,-1
819,288,288.84,179.02,29.08,92.23,0.6379,-1,-1,-1
819,287,265.52,188.53,28.08,97.96,0.6747,-1,-1,-1
819,282,0.41,138.47,60.33,168.13,0.7192,-1,-1,-1
819,281,228.28,167.94,39.80,118.72,0.7896,-1,-1,-1
819,280,167.60,157.92,69.22,164.31,0.7696,-1,-1,-1
819,278,54.43,133.16,44.89,114.48,0.3453,-1,-1,-1
819,277,93.69,145.97,40.12,153.71,0.7341,-1,-1,-1
819,275,538.01,9.48,101.95,452.68,0.8776,-1,-1,-1
819,211,318.56,129.86,61.83,205.63,0.8327,-1,-1,-1
819,183,407.25,7.85,137.06,460.63,0.8688,-1,-1,-1
820,288,282.77,182.87,30.21,91.98,0.6394,-1,-1,-1
820,287,260.41,190.27,28.70,101.51,0.7275,-1,-1,-1
820,282,0.18,143.89,48.87,166.40,0.7159,-1,-1,-1
820,281,221.46,170.93,41.91,123.09,0.7659,-1,-1,-1
820,280,150.58,154.61,78.81,174.36,0.7142,-1,-1,-1
820,278,44.28,134.55,42.14,118.45,0.4475,-1,-1,-1
820,277,82.94,146.70,43.52,159.27,0.7490,-1,-1,-1
820,275,548.63,11.53,91.23,468.47,0.8741,-1,-1,-1
820,211,312.94,131.20,66.79,207.42,0.8128,-1,-1,-1
820,183,411.68,9.26,160.79,470.20,0.8326,-1,-1,-1
821,288,277.81,177.27,31.02,95.94,0.6405,-1,-1,-1
821,287,253.51,187.34,28.42,103.48,0.6725,-1,-1,-1
821,282,0.11,136.81,37.38,171.71,0.7424,-1,-1,-1
821,281,214.68,166.41,42.04,125.82,0.7414,-1,-1,-1
821,280,145.16,147.87,74.92,179.80,0.7663,-1,-1,-1
821,278,34.47,128.83,50.16,186.52,0.7396,-1,-1,-1
821,277,75.53,143.05,45.72,157.90,0.7889,-1,-1,-1
821,275,553.39,10.96,86.48,469.04,0.8854,-1,-1,-1
821,211,308.28,128.92,68.78,205.08,0.8151,-1,-1,-1
821,183,409.34,4.83,152.49,475.17,0.8161,-1,-1,-1
822,288,270.45,177.22,33.50,97.17,0.6780,-1,-1,-1
822,287,247.58,189.16,29.28,104.80,0.7227,-1,-1,-1
822,281,207.36,166.70,43.13,128.48,0.7998,-1,-1,-1
822,280,134.15,143.91,77.54,187.90,0.8066,-1,-1,-1
822,278,23.14,122.24,44.88,118.98,0.4546,-1,-1,-1
822,277,65.39,141.35,46.62,162.58,0.7520,-1,-1,-1
822,275,565.30,12.41,74.70,467.59,0.8535,-1,-1,-1
822,211,305.50,130.72,80.24,206.56,0.8356,-1,-1,-1
822,183,417.00,5.50,154.26,474.50,0.8657,-1,-1,-1
823,290,379.01,119.38,70.18,165.33,0.4696,-1,-1,-1
823,288,272.03,175.25,34.06,105.13,0.6376,-1,-1,-1
823,287,248.22,184.27,31.32,115.46,0.7212,-1,-1,-1
823,281,205.35,168.35,45.32,133.83,0.7768,-1,-1,-1
823,280,127.56,144.49,81.30,193.01,0.8536,-1,-1,-1
823,278,19.68,128.65,48.35,122.22,0.4765,-1,-1,-1
823,277,64.17,142.63,46.33,166.58,0.8119,-1,-1,-1
823,275,574.57,14.61,65.26,465.39,0.7656,-1,-1,-1
823,211,305.47,138.02,82.51,206.76,0.8052,-1,-1,-1
823,183,431.79,3.30,149.70,470.91,0.8634,-1,-1,-1
824,290,379.59,114.31,82.21,288.67,0.6829,-1,-1,-1
824,288,264.89,174.76,34.93,102.71,0.7262,-1,-1,-1
824,287,242.54,179.13,33.16,117.59,0.7711,-1,-1,-1
824,281,197.41,163.74,44.79,139.22,0.7686,-1,-1,-1
824,280,115.54,138.39,84.30,203.68,0.8518,-1,-1,-1
824,278,10.06,125.70,54.60,195.11,0.5985,-1,-1,-1
824,277,57.42,141.78,45.96,167.41,0.7654,-1,-1,-1
824,275,570.77,7.56,69.04,456.81,0.7304,-1,-1,-1
824,211,309.12,137.19,76.05,207.21,0.7841,-1,-1,-1
824,183,445.02,1.12,162.66,478.88,0.8450,-1,-1,-1
825,292,297.14,174.34,23.68,98.53,0.3498,-1,-1,-1
825,290,379.58,113.01,87.36,229.04,0.6582,-1,-1,-1
825,288,262.37,173.68,34.61,105.65,0.6912,-1,-1,-1
825,287,236.66,181.25,38.13,120.36,0.7782,-1,-1,-1
825,281,188.52,158.76,48.17,144.26,0.7697,-1,-1,-1
825,280,93.07,136.44,102.52,215.16,0.8595,-1,-1,-1
825,278,1.29,120.44,46.82,125.06,0.3731,-1,-1,-1
825,277,49.38,138.02,48.33,172.45,0.7612,-1,-1,-1
825,275,584.76,3.51,55.10,444.53,0.3482,-1,-1,-1
825,211,310.47,136.31,76.33,206.36,0.7868,-1,-1,-1
825,183,454.31,0.32,182.95,479.68,0.8730,-1,-1,-1
826,292,294.69,169.72,26.24,100.50,0.4898,-1,-1,-1
826,290,380.72,106.64,87.69,262.58,0.5910,-1,-1,-1
826,288,261.07,171.20,32.87,104.21,0.6679,-1,-1,-1
826,287,231.49,174.77,38.29,126.47,0.7521,-1,-1,-1
826,285,0.00,112.03,49.52,206.63,0.4642,-1,-1,-1
826,281,180.67,151.73,50.42,148.52,0.8043,-1,-1,-1
826,280,83.80,129.92,109.53,226.94,0.8859,-1,-1,-1
826,277,42.85,131.27,50.12,177.78,0.7049,-1,-1,-1
826,211,311.52,130.17,73.06,205.13,0.8166,-1,-1,-1
826,183,465.32,0.52,174.50,479.14,0.9123,-1,-1,-1
827,292,287.24,175.24,30.07,99.71,0.5394,-1,-1,-1
827,290,373.73,112.27,93.26,269.24,0.8236,-1,-1,-1
827,288,251.57,174.34,34.08,108.41,0.6817,-1,-1,-1
827,287,218.99,180.00,40.88,131.25,0.7613,-1,-1,-1
827,281,157.15,156.22,64.11,154.89,0.8150,-1,-1,-1
827,280,67.08,123.88,100.76,242.65,0.8609,-1,-1,-1
827,277,29.96,129.98,47.64,182.08,0.6745,-1,-1,-1
827,211,310.23,131.19,68.68,203.69,0.8229,-1,-1,-1
827,183,473.05,0.82,166.84,479.18,0.8848,-1,-1,-1
828,292,286.95,175.97,29.21,100.04,0.6317,-1,-1,-1
828,290,372.61,113.78,96.39,272.05,0.7755,-1,-1,-1
828,288,248.81,173.21,36.36,110.32,0.7179,-1,-1,-1
828,287,217.46,178.03,39.54,135.31,0.7917,-1,-1,-1
828,285,0.00,109.56,32.89,214.96,0.4902,-1,-1,-1
828,281,151.39,153.92,67.21,158.35,0.7980,-1,-1,-1
828,280,61.81,116.17,99.22,251.94,0.8611,-1,-1,-1
828,277,25.41,130.42,59.46,184.50,0.6804,-1,-1,-1
828,211,311.87,131.52,67.10,204.63,0.8255,-1,-1,-1
828,183,487.02,1.14,152.92,478.23,0.9011,-1,-1,-1
829,292,288.21,172.10,33.53,101.62,0.6963,-1,-1,-1
829,290,376.93,113.30,104.22,275.76,0.7912,-1,-1,-1
829,288,245.37,168.14,41.02,116.20,0.6903,-1,-1,-1
829,287,213.13,175.14,43.40,139.13,0.7384,-1,-1,-1
829,281,152.65,149.09,59.85,169.09,0.8736,-1,-1,-1
829,280,56.91,109.78,98.49,263.96,0.8514,-1,-1,-1
829,277,22.64,127.22,52.36,187.21,0.7467,-1,-1,-1
829,211,317.46,130.67,63.32,206.52,0.8097,-1,-1,-1
829,183,507.70,0.82,132.30,479.18,0.8759,-1,-1,-1
830,292,291.88,175.57,33.06,102.25,0.7839,-1,-1,-1
830,290,380.31,119.11,102.33,272.26,0.8317,-1,-1,-1
830,288,247.00,176.16,38.29,112.72,0.6786,-1,-1,-1
830,287,209.78,176.23,44.55,146.04,0.7117,-1,-1,-1
830,285,0.08,115.84,22.52,134.76,0.3350,-1,-1,-1
830,281,150.08,151.71,59.85,174.23,0.8621,-1,-1,-1
830,280,21.44,108.61,124.20,278.94,0.8581,-1,-1,-1
830,277,19.92,130.69,41.91,191.46,0.2871,-1,-1,-1
830,211,320.55,139.23,62.86,203.18,0.8561,-1,-1,-1
830,183,521.17,0.00,118.62,480.00,0.8586,-1,-1,-1
831,292,286.64,174.26,36.25,101.86,0.7749,-1,-1,-1
831,290,377.82,115.64,102.84,277.38,0.8370,-1,-1,-1
831,288,242.92,170.51,35.70,119.37,0.7144,-1,-1,-1
831,287,204.85,170.50,44.81,153.53,0.7437,-1,-1,-1
831,281,140.44,144.47,61.86,183.12,0.8517,-1,-1,-1
831,280,8.89,104.52,125.43,293.02,0.8527,-1,-1,-1
831,277,9.11,147.36,38.33,176.01,0.2904,-1,-1,-1
831,211,320.82,139.29,59.58,206.23,0.8277,-1,-1,-1
831,183,531.36,0.18,108.40,478.07,0.8642,-1,-1,-1
832,292,279.26,166.21,37.84,104.19,0.7869,-1,-1,-1
832,290,372.26,107.96,95.57,274.18,0.8540,-1,-1,-1
832,288,229.66,162.04,44.11,125.21,0.7619,-1,-1,-1
832,287,188.84,161.32,46.43,164.91,0.7894,-1,-1,-1
832,281,120.51,132.04,69.37,192.50,0.8307,-1,-1,-1
832,280,0.06,86.07,112.92,327.88,0.8791,-1,-1,-1
832,211,312.63,133.81,63.45,205.43,0.8395,-1,-1,-1
832,183,553.12,0.78,86.74,477.54,0.8524,-1,-1,-1
833,292,273.63,166.27,39.27,104.81,0.7796,-1,-1,-1
833,290,369.32,106.63,94.72,270.35,0.8535,-1,-1,-1
833,288,226.90,162.15,41.22,127.57,0.8047,-1,-1,-1
833,287,179.43,162.01,52.13,166.71,0.8043,-1,-1,-1
833,281,109.81,129.82,73.16,203.45,0.8619,-1,-1,-1
833,280,0.28,81.81,102.21,322.73,0.8577,-1,-1,-1
833,211,312.29,133.06,63.31,206.08,0.8310,-1,-1,-1
833,183,561.11,0.78,78.83,477.34,0.8372,-1,-1,-1
834,292,271.88,167.57,38.55,103.73,0.8086,-1,-1,-1
834,290,372.48,104.10,91.33,271.66,0.8748,-1,-1,-1
834,288,224.39,158.10,43.66,133.70,0.7557,-1,-1,-1
834,287,173.50,160.16,53.43,176.62,0.8355,-1,-1,-1
834,281,99.60,126.69,78.88,208.96,0.8691,-1,-1,-1
834,280,0.14,78.41,84.70,321.05,0.8878,-1,-1,-1
834,211,313.04,128.98,66.81,200.54,0.8309,-1,-1,-1
834,183,578.22,18.76,61.63,461.24,0.4659,-1,-1,-1
835,292,273.55,167.75,39.04,101.23,0.7934,-1,-1,-1
835,290,372.49,104.40,92.67,276.15,0.8716,-1,-1,-1
835,288,220.40,158.35,47.39,136.91,0.7634,-1,-1,-1
835,287,164.10,156.09,62.01,187.73,0.8136,-1,-1,-1
835,281,88.20,121.72,82.91,230.16,0.8828,-1,-1,-1
835,280,0.02,108.51,67.97,295.42,0.7039,-1,-1,-1
835,275,542.29,39.77,97.60,440.23,0.2502,-1,-1,-1
835,211,312.70,126.20,68.21,201.41,0.7938,-1,-1,-1
835,183,595.09,41.67,44.77,435.28,0.3293,-1,-1,-1
836,292,272.03,167.67,41.37,99.28,0.7786,-1,-1,-1
836,290,375.07,105.43,94.16,278.26,0.8711,-1,-1,-1
836,288,221.27,153.93,51.31,141.02,0.8356,-1,-1,-1
836,287,165.19,150.51,57.32,196.81,0.8416,-1,-1,-1
836,281,78.63,115.47,90.04,242.80,0.8688,-1,-1,-1
836,280,0.12,107.38,52.18,216.33,0.7720,-1,-1,-1
836,211,318.63,124.64,69.39,196.00,0.8521,-1,-1,-1
837,292,273.94,168.22,43.95,101.19,0.8119,-1,-1,-1
837,290,380.42,110.15,95.03,278.59,0.8626,-1,-1,-1
837,288,223.73,151.11,52.36,148.59,0.8130,-1,-1,-1
837,287,161.90,145.08,57.95,208.92,0.8648,-1,-1,-1
837,281,72.20,111.74,93.86,254.01,0.8547,-1,-1,-1
837,280,0.14,110.56,38.05,217.72,0.6788,-1,-1,-1
837,211,326.74,128.53,69.87,188.10,0.8317,-1,-1,-1
