1,1,0.00,8.85,351.22,1061.89,0.9275,-1,-1,-1
1,2,874.76,152.61,238.81,626.87,0.8143,-1,-1,-1
1,3,546.17,271.41,94.46,315.82,0.8119,-1,-1,-1
1,4,403.99,277.97,107.41,319.40,0.8106,-1,-1,-1
1,5,740.97,330.80,42.17,124.87,0.4072,-1,-1,-1
1,6,1058.82,293.53,82.78,324.77,0.4008,-1,-1,-1
2,1,-0.18,5.72,345.39,1064.85,0.9307,-1,-1,-1
2,2,870.35,148.89,234.69,629.26,0.8053,-1,-1,-1
2,3,542.48,266.63,95.31,321.87,0.8085,-1,-1,-1
2,4,397.85,274.32,110.57,321.34,0.8139,-1,-1,-1
2,6,1054.05,291.67,86.87,329.75,0.4811,-1,-1,-1
3,1,-0.35,4.84,339.42,1063.67,0.9292,-1,-1,-1
3,2,865.39,152.03,227.19,628.19,0.8283,-1,-1,-1
3,3,536.81,266.04,96.77,326.74,0.8042,-1,-1,-1
3,4,390.94,274.45,108.92,322.72,0.8446,-1,-1,-1
3,6,1048.55,293.74,90.68,333.28,0.5739,-1,-1,-1
4,1,-0.25,3.25,327.04,1062.29,0.9252,-1,-1,-1
4,2,868.51,152.94,218.35,629.06,0.8344,-1,-1,-1
4,3,531.79,264.77,96.26,329.16,0.8075,-1,-1,-1
4,4,381.99,271.26,111.50,327.18,0.8421,-1,-1,-1
4,6,1044.03,292.94,91.17,342.39,0.5789,-1,-1,-1
4,5,732.71,324.77,41.51,129.49,0.4028,-1,-1,-1
5,1,-0.15,2.69,312.03,1063.04,0.9159,-1,-1,-1
5,2,876.98,151.47,207.00,636.29,0.8186,-1,-1,-1
5,3,526.25,262.10,97.42,334.18,0.8087,-1,-1,-1
5,4,376.11,265.21,111.68,331.69,0.8346,-1,-1,-1
5,6,1046.92,291.77,85.11,344.63,0.5786,-1,-1,-1
6,1,0.30,16.14,292.35,1056.29,0.8776,-1,-1,-1
6,2,883.77,151.02,197.86,628.73,0.8032,-1,-1,-1
6,3,520.24,261.99,100.98,335.93,0.7972,-1,-1,-1
6,4,371.80,262.11,111.26,334.79,0.8305,-1,-1,-1
6,6,1045.98,293.05,82.44,345.89,0.5863,-1,-1,-1
7,1,0.66,62.43,273.47,1009.53,0.9035,-1,-1,-1
7,2,890.81,153.10,189.57,622.07,0.8162,-1,-1,-1
7,3,515.39,260.19,102.20,343.62,0.7800,-1,-1,-1
7,4,364.04,261.07,113.75,338.16,0.8224,-1,-1,-1
7,6,1041.67,296.26,84.14,347.09,0.6034,-1,-1,-1
7,7,684.90,332.66,41.41,119.93,0.4064,-1,-1,-1
7,8,864.20,253.88,80.04,308.38,0.5744,-1,-1,-1
7,5,725.96,321.46,39.62,124.98,0.4656,-1,-1,-1
8,1,0.71,85.56,258.67,986.52,0.8960,-1,-1,-1
8,2,890.96,153.43,188.84,626.25,0.7931,-1,-1,-1
8,3,511.10,262.69,102.07,345.93,0.8154,-1,-1,-1
8,4,354.36,260.50,118.02,341.95,0.8266,-1,-1,-1
8,6,1037.77,299.57,86.98,347.17,0.6753,-1,-1,-1
8,7,682.54,332.66,40.25,120.80,0.5018,-1,-1,-1
8,8,862.96,263.34,73.81,300.91,0.5858,-1,-1,-1
8,5,723.54,321.54,40.86,126.52,0.5083,-1,-1,-1
9,1,0.21,100.33,227.78,972.89,0.8638,-1,-1,-1
9,2,888.99,154.68,186.87,625.80,0.7894,-1,-1,-1
9,3,506.54,262.90,103.27,344.85,0.8364,-1,-1,-1
9,4,348.00,260.86,119.98,343.79,0.8186,-1,-1,-1
9,6,1036.30,303.27,85.23,348.70,0.6621,-1,-1,-1
9,7,679.77,333.92,37.60,120.63,0.4072,-1,-1,-1
9,8,862.20,264.55,72.42,300.28,0.5881,-1,-1,-1
9,5,721.42,321.59,39.35,130.07,0.5789,-1,-1,-1
10,1,0.72,108.59,206.27,961.34,0.7268,-1,-1,-1
10,2,883.14,157.02,188.31,623.57,0.8161,-1,-1,-1
10,3,500.31,264.61,106.67,347.35,0.8259,-1,-1,-1
10,4,344.63,259.93,118.42,346.89,0.8078,-1,-1,-1
10,6,1036.37,301.64,82.88,352.80,0.7003,-1,-1,-1
10,7,676.67,336.22,40.52,122.89,0.4889,-1,-1,-1
10,8,861.53,262.29,72.29,302.69,0.5662,-1,-1,-1
10,5,720.25,323.97,40.13,130.97,0.5862,-1,-1,-1
11,1,0.99,113.43,178.57,954.60,0.7332,-1,-1,-1
11,2,880.31,157.02,187.60,628.60,0.8167,-1,-1,-1
11,3,493.74,263.23,109.64,352.69,0.8231,-1,-1,-1
11,4,337.85,261.84,121.09,348.98,0.7889,-1,-1,-1
11,6,1037.90,298.05,76.60,358.97,0.6633,-1,-1,-1
11,7,675.92,340.50,40.73,118.07,0.4718,-1,-1,-1
11,8,861.86,274.49,68.07,292.40,0.5329,-1,-1,-1
11,5,719.13,326.06,39.16,129.75,0.5182,-1,-1,-1
11,10,776.71,315.96,47.45,138.03,0.5637,-1,-1,-1
12,1,0.86,119.17,160.55,761.12,0.7881,-1,-1,-1
12,2,872.49,158.27,188.95,631.34,0.8356,-1,-1,-1
12,3,490.16,259.89,110.97,357.70,0.7974,-1,-1,-1
12,4,327.33,264.35,127.34,351.48,0.8274,-1,-1,-1
12,6,1037.16,297.15,72.81,361.79,0.6770,-1,-1,-1
12,7,674.06,340.02,40.70,120.48,0.4348,-1,-1,-1
12,5,718.03,327.24,40.91,131.40,0.5499,-1,-1,-1
12,10,774.11,319.57,51.95,135.02,0.5494,-1,-1,-1
13,1,0.88,139.29,139.80,625.64,0.8200,-1,-1,-1
13,2,864.36,156.20,195.07,637.22,0.8253,-1,-1,-1
13,3,483.73,256.64,114.11,361.59,0.8271,-1,-1,-1
13,4,319.19,264.78,133.19,355.50,0.8302,-1,-1,-1
13,6,1035.86,299.03,73.26,355.83,0.6952,-1,-1,-1
13,7,672.82,340.58,39.76,122.30,0.4347,-1,-1,-1
13,5,717.21,327.78,40.62,132.63,0.4863,-1,-1,-1
13,10,772.28,321.59,52.61,133.53,0.5423,-1,-1,-1
14,1,0.61,174.84,117.62,579.18,0.8183,-1,-1,-1
14,2,855.94,153.83,200.75,642.76,0.7862,-1,-1,-1
14,3,479.17,255.21,115.65,364.46,0.8364,-1,-1,-1
14,4,313.45,266.14,136.01,358.73,0.8351,-1,-1,-1
14,6,1034.16,293.37,73.80,358.54,0.6842,-1,-1,-1
14,5,715.39,327.56,43.46,133.42,0.5337,-1,-1,-1
14,10,772.55,324.02,48.59,129.84,0.5625,-1,-1,-1
14,11,828.36,325.62,44.04,122.32,0.4667,-1,-1,-1
15,1,0.35,231.30,85.98,542.47,0.5546,-1,-1,-1
15,2,844.22,153.41,207.73,639.41,0.7979,-1,-1,-1
15,3,474.98,256.54,119.30,363.06,0.8390,-1,-1,-1
15,4,313.22,268.98,133.79,360.07,0.8286,-1,-1,-1
15,6,1030.37,285.58,77.44,367.96,0.6672,-1,-1,-1
15,5,714.07,329.82,45.63,131.17,0.5302,-1,-1,-1
15,10,772.31,323.63,47.55,129.08,0.5425,-1,-1,-1
15,11,827.67,328.63,43.81,120.59,0.4348,-1,-1,-1
15,7,671.64,345.27,34.97,112.81,0.4075,-1,-1,-1
16,2,837.75,153.76,212.97,640.29,0.8020,-1,-1,-1
16,3,472.07,256.92,122.71,366.12,0.8447,-1,-1,-1
16,4,309.43,270.30,135.35,365.13,0.8396,-1,-1,-1
16,6,1027.19,278.20,81.49,377.01,0.6328,-1,-1,-1
16,5,713.65,331.00,45.75,130.74,0.5304,-1,-1,-1
16,10,771.10,324.33,49.17,128.69,0.5743,-1,-1,-1
16,11,828.30,333.22,42.59,116.72,0.4191,-1,-1,-1
16,7,671.01,348.95,32.90,109.18,0.4414,-1,-1,-1
17,2,834.94,155.16,216.88,642.66,0.8270,-1,-1,-1
17,3,470.70,258.87,123.96,367.74,0.8425,-1,-1,-1
17,4,307.84,274.63,134.57,367.67,0.8504,-1,-1,-1
17,6,1023.94,276.08,86.76,378.87,0.6611,-1,-1,-1
17,5,713.31,330.95,46.71,134.51,0.5726,-1,-1,-1
17,10,770.43,326.15,51.39,128.91,0.5934,-1,-1,-1
17,11,829.20,338.35,41.39,116.05,0.4206,-1,-1,-1
17,7,671.04,348.20,32.90,115.91,0.4480,-1,-1,-1
18,2,836.28,158.30,215.26,651.53,0.8572,-1,-1,-1
18,3,468.56,260.04,126.77,373.06,0.8380,-1,-1,-1
18,4,308.75,278.64,133.23,369.69,0.8304,-1,-1,-1
18,6,1021.64,261.77,89.09,392.20,0.6970,-1,-1,-1
18,5,714.03,333.44,46.80,135.76,0.4783,-1,-1,-1
18,10,771.81,320.44,50.64,139.64,0.4270,-1,-1,-1
19,2,841.47,160.76,205.15,656.96,0.8586,-1,-1,-1
19,3,466.63,264.49,130.29,378.33,0.8214,-1,-1,-1
19,4,297.94,281.96,143.31,377.10,0.8303,-1,-1,-1
19,6,1016.19,257.46,94.06,398.25,0.7187,-1,-1,-1
19,5,715.25,338.32,46.08,137.91,0.4879,-1,-1,-1
19,10,772.51,331.01,50.80,132.98,0.5105,-1,-1,-1
20,2,845.57,167.11,197.90,655.97,0.8635,-1,-1,-1
20,3,467.67,271.59,130.73,379.84,0.8268,-1,-1,-1
20,4,296.73,287.40,145.86,379.37,0.8284,-1,-1,-1
20,6,1012.64,252.19,98.31,408.09,0.7665,-1,-1,-1
20,5,717.63,342.95,43.97,139.79,0.5284,-1,-1,-1
20,10,773.29,335.08,51.69,131.90,0.5669,-1,-1,-1
21,2,860.00,170.22,188.68,657.13,0.8511,-1,-1,-1
21,3,472.64,274.25,133.96,387.05,0.8124,-1,-1,-1
21,4,303.46,288.99,146.23,383.85,0.8442,-1,-1,-1
21,6,1017.79,249.88,105.25,414.69,0.8079,-1,-1,-1
22,2,880.54,169.52,187.38,660.40,0.8537,-1,-1,-1
22,3,493.02,276.20,130.67,390.95,0.8248,-1,-1,-1
22,4,321.38,289.23,145.32,386.93,0.8275,-1,-1,-1
22,6,1032.96,249.80,107.76,419.23,0.7957,-1,-1,-1
22,5,744.12,349.64,42.72,139.16,0.5240,-1,-1,-1
22,10,798.46,340.80,52.21,135.82,0.5636,-1,-1,-1
23,2,886.28,171.15,188.82,664.19,0.8619,-1,-1,-1
23,3,506.15,280.71,129.85,393.78,0.8267,-1,-1,-1
23,4,331.16,291.56,145.69,387.95,0.8289,-1,-1,-1
23,6,1041.37,252.50,112.39,422.72,0.8010,-1,-1,-1
23,7,705.50,366.72,40.02,126.37,0.4195,-1,-1,-1
24,2,885.07,172.03,198.44,664.58,0.8683,-1,-1,-1
24,3,516.32,283.70,131.34,396.85,0.8445,-1,-1,-1
24,4,341.00,292.69,147.09,391.30,0.8330,-1,-1,-1
24,6,1048.13,254.53,118.97,419.57,0.8175,-1,-1,-1
24,7,716.22,367.57,41.66,126.68,0.5326,-1,-1,-1
24,5,767.68,352.19,42.58,138.90,0.5112,-1,-1,-1
24,10,823.97,346.66,48.56,133.62,0.5156,-1,-1,-1
25,2,881.52,172.48,207.04,661.70,0.8634,-1,-1,-1
25,3,524.52,284.74,134.43,403.76,0.8443,-1,-1,-1
25,4,353.13,294.51,146.37,390.24,0.8319,-1,-1,-1
25,6,1058.07,256.40,123.29,420.13,0.8358,-1,-1,-1
25,7,730.45,368.27,40.56,129.38,0.4547,-1,-1,-1
25,5,778.41,352.23,46.70,140.00,0.4209,-1,-1,-1
26,2,883.84,173.96,214.21,657.40,0.8694,-1,-1,-1
26,3,539.18,291.93,132.45,405.54,0.7980,-1,-1,-1
26,4,364.81,295.60,149.93,395.24,0.8537,-1,-1,-1
26,6,1067.69,259.98,131.81,423.17,0.8313,-1,-1,-1
27,2,884.69,176.79,223.65,657.76,0.8630,-1,-1,-1
27,3,553.20,294.17,133.12,411.38,0.8309,-1,-1,-1
27,4,379.96,299.57,146.52,397.63,0.8406,-1,-1,-1
27,6,1081.05,265.42,137.47,420.55,0.8297,-1,-1,-1
28,2,884.39,184.03,231.46,658.47,0.8748,-1,-1,-1
28,3,561.19,299.87,132.55,413.66,0.8469,-1,-1,-1
28,4,385.04,305.83,148.18,399.24,0.8611,-1,-1,-1
28,6,1086.80,272.86,139.77,418.55,0.8360,-1,-1,-1
28,7,768.27,382.17,39.93,127.32,0.4183,-1,-1,-1
28,5,817.61,364.47,42.46,132.68,0.4378,-1,-1,-1
29,2,884.13,190.91,227.61,659.48,0.8794,-1,-1,-1
29,3,565.12,301.45,133.75,417.26,0.8639,-1,-1,-1
29,4,391.36,310.04,144.04,404.20,0.8420,-1,-1,-1
29,6,1091.12,278.48,143.21,426.81,0.8128,-1,-1,-1
29,5,820.78,368.42,44.49,141.44,0.5042,-1,-1,-1
30,2,887.59,195.82,226.31,661.04,0.8922,-1,-1,-1
30,3,569.46,301.20,136.67,418.00,0.8519,-1,-1,-1
30,4,397.35,312.71,144.40,411.00,0.8394,-1,-1,-1
30,6,1097.89,281.56,149.35,431.94,0.8322,-1,-1,-1
30,5,827.65,371.27,47.65,141.48,0.4914,-1,-1,-1
31,2,888.37,201.58,227.46,664.38,0.8832,-1,-1,-1
31,3,573.41,302.81,136.72,420.26,0.8356,-1,-1,-1
31,4,400.72,317.92,144.88,417.32,0.8435,-1,-1,-1
31,6,1102.13,285.44,153.49,435.72,0.8545,-1,-1,-1
31,5,836.47,378.69,44.57,139.28,0.5141,-1,-1,-1
31,7,790.13,393.88,41.14,125.99,0.4837,-1,-1,-1
32,2,889.27,208.65,230.66,667.97,0.8843,-1,-1,-1
32,3,577.64,305.39,135.17,427.64,0.8523,-1,-1,-1
32,4,402.56,323.21,145.23,419.25,0.8573,-1,-1,-1
32,6,1104.04,290.26,155.78,433.58,0.8578,-1,-1,-1
32,5,841.45,381.33,43.23,144.74,0.5931,-1,-1,-1
33,2,892.41,213.65,232.59,669.90,0.8824,-1,-1,-1
33,3,580.74,308.09,138.11,431.31,0.8464,-1,-1,-1
33,4,404.28,328.95,147.77,419.73,0.8586,-1,-1,-1
33,6,1106.30,298.05,161.77,431.55,0.8557,-1,-1,-1
33,5,846.31,388.04,44.24,145.01,0.5306,-1,-1,-1
34,2,894.09,219.72,238.64,672.58,0.8748,-1,-1,-1
34,3,584.98,309.58,136.52,434.34,0.8412,-1,-1,-1
34,4,402.06,332.86,149.20,425.84,0.8418,-1,-1,-1
34,6,1108.36,302.60,163.88,426.09,0.8550,-1,-1,-1
34,5,848.73,392.54,46.97,146.94,0.5586,-1,-1,-1
35,2,899.04,227.27,236.85,676.19,0.8777,-1,-1,-1
35,3,588.52,313.81,135.85,439.23,0.8299,-1,-1,-1
35,4,399.10,337.01,150.99,433.54,0.8268,-1,-1,-1
35,6,1110.21,307.05,165.87,421.65,0.8461,-1,-1,-1
35,5,850.50,397.41,48.12,146.66,0.5384,-1,-1,-1
35,7,803.39,408.90,48.85,134.43,0.4807,-1,-1,-1
36,2,903.45,233.73,233.46,678.43,0.8840,-1,-1,-1
36,3,590.89,318.74,138.96,442.31,0.8214,-1,-1,-1
36,4,394.23,341.17,152.04,439.74,0.8543,-1,-1,-1
36,6,1112.86,311.71,164.49,419.98,0.8511,-1,-1,-1
36,7,805.27,413.56,49.96,134.81,0.4319,-1,-1,-1
37,2,904.62,241.89,232.67,678.01,0.8903,-1,-1,-1
37,3,592.92,322.94,135.98,446.70,0.8044,-1,-1,-1
37,4,389.94,343.98,150.01,446.29,0.8665,-1,-1,-1
37,6,1117.02,315.78,163.12,424.20,0.8438,-1,-1,-1
37,5,860.22,413.29,43.92,135.59,0.4535,-1,-1,-1
38,2,909.85,248.60,228.90,677.62,0.8889,-1,-1,-1
38,3,593.99,328.68,135.53,450.51,0.8259,-1,-1,-1
38,4,383.37,348.11,152.66,448.91,0.8690,-1,-1,-1
38,6,1118.07,321.41,163.86,422.15,0.8463,-1,-1,-1
38,5,864.50,417.91,41.13,136.11,0.6131,-1,-1,-1
39,2,918.34,255.47,222.49,679.17,0.8846,-1,-1,-1
39,3,592.03,333.76,138.06,459.36,0.8165,-1,-1,-1
39,4,377.22,352.04,156.10,453.25,0.8802,-1,-1,-1
39,6,1122.55,328.18,160.64,427.23,0.8541,-1,-1,-1
39,5,864.47,425.06,42.83,134.78,0.5074,-1,-1,-1
40,2,924.25,258.09,217.04,684.82,0.8765,-1,-1,-1
40,3,586.41,342.18,143.48,467.26,0.7965,-1,-1,-1
40,4,371.29,356.15,158.65,456.28,0.8740,-1,-1,-1
40,6,1125.75,334.70,158.90,431.26,0.8542,-1,-1,-1
40,5,863.26,428.19,46.60,143.65,0.5479,-1,-1,-1
41,2,925.85,260.05,212.82,683.87,0.8804,-1,-1,-1
41,3,582.32,343.54,145.08,473.99,0.8022,-1,-1,-1
41,4,359.16,356.57,165.93,459.00,0.8626,-1,-1,-1
41,6,1130.48,339.13,155.08,430.86,0.8500,-1,-1,-1
41,5,862.57,432.79,47.53,144.73,0.4787,-1,-1,-1
42,2,928.96,265.75,208.38,676.78,0.8822,-1,-1,-1
42,3,577.15,347.51,148.44,480.07,0.7102,-1,-1,-1
42,4,346.31,358.01,171.85,465.29,0.8716,-1,-1,-1
42,6,1132.65,346.79,151.29,429.10,0.8558,-1,-1,-1
42,5,862.36,436.43,46.59,146.45,0.4658,-1,-1,-1
43,2,931.09,272.89,202.50,665.62,0.8819,-1,-1,-1
43,3,572.36,352.57,144.95,482.59,0.8054,-1,-1,-1
43,4,333.20,363.26,176.57,470.13,0.8483,-1,-1,-1
43,6,1130.71,353.68,151.54,429.67,0.8571,-1,-1,-1
44,2,930.62,278.32,199.82,659.99,0.8857,-1,-1,-1
44,3,566.98,356.08,143.00,490.37,0.8117,-1,-1,-1
44,4,318.54,365.71,182.13,476.46,0.8581,-1,-1,-1
44,6,1127.97,360.83,151.99,425.85,0.8564,-1,-1,-1
45,2,929.01,284.35,198.22,660.08,0.8876,-1,-1,-1
45,3,561.12,361.32,140.60,500.02,0.8246,-1,-1,-1
45,4,304.19,371.10,187.91,486.84,0.8454,-1,-1,-1
45,6,1124.35,367.97,151.20,426.48,0.8408,-1,-1,-1
45,5,848.05,450.27,49.37,146.88,0.4301,-1,-1,-1
46,2,925.36,292.88,197.36,664.36,0.8866,-1,-1,-1
46,3,554.37,365.07,140.71,506.98,0.8213,-1,-1,-1
46,4,292.35,378.08,189.56,499.79,0.8413,-1,-1,-1
46,6,1120.88,376.25,150.42,431.51,0.8509,-1,-1,-1
46,5,844.62,456.93,50.12,147.50,0.4778,-1,-1,-1
47,2,921.31,302.18,195.12,668.18,0.8781,-1,-1,-1
47,3,546.10,370.33,143.85,513.48,0.8248,-1,-1,-1
47,4,273.09,383.61,199.19,516.62,0.8436,-1,-1,-1
47,6,1116.86,382.62,147.86,433.92,0.8357,-1,-1,-1
48,2,915.92,309.68,195.36,676.21,0.8774,-1,-1,-1
48,3,533.92,373.15,149.29,523.06,0.8578,-1,-1,-1
48,4,257.45,391.61,205.23,527.33,0.8569,-1,-1,-1
48,6,1112.84,389.79,141.39,435.28,0.8321,-1,-1,-1
48,5,837.08,467.40,48.13,152.70,0.6837,-1,-1,-1
49,2,909.41,318.85,194.73,682.20,0.8784,-1,-1,-1
49,3,524.62,377.38,153.30,531.20,0.8508,-1,-1,-1
49,4,240.82,399.22,211.48,534.45,0.8719,-1,-1,-1
49,6,1105.67,395.67,145.29,434.92,0.8530,-1,-1,-1
49,5,831.76,472.78,49.62,152.09,0.4995,-1,-1,-1
50,2,903.92,327.77,193.66,683.57,0.8773,-1,-1,-1
50,3,518.74,383.41,155.29,537.33,0.8387,-1,-1,-1
50,4,224.89,406.76,218.36,528.25,0.8353,-1,-1,-1
50,6,1099.76,400.45,143.73,438.36,0.8538,-1,-1,-1
50,5,823.39,477.24,51.06,154.04,0.5770,-1,-1,-1
51,2,898.98,334.94,191.18,685.22,0.8694,-1,-1,-1
51,3,510.44,386.13,157.30,544.37,0.8470,-1,-1,-1
51,4,208.79,412.71,223.27,522.79,0.8440,-1,-1,-1
51,6,1094.99,403.66,144.79,439.51,0.8680,-1,-1,-1
51,5,816.78,480.31,54.66,155.81,0.5905,-1,-1,-1
52,2,893.93,341.73,189.79,684.66,0.8759,-1,-1,-1
52,3,502.11,388.46,160.10,547.12,0.8376,-1,-1,-1
52,4,195.59,417.27,226.95,548.35,0.8293,-1,-1,-1
52,6,1091.46,405.18,145.92,441.94,0.8645,-1,-1,-1
53,2,889.03,347.85,189.91,682.48,0.8783,-1,-1,-1
53,3,494.75,394.71,162.66,550.34,0.8404,-1,-1,-1
53,4,185.22,420.74,224.78,562.74,0.8704,-1,-1,-1
53,6,1085.00,408.41,151.99,443.07,0.8652,-1,-1,-1
53,5,810.43,490.82,53.63,149.07,0.6582,-1,-1,-1
54,2,883.43,351.17,192.48,680.03,0.8833,-1,-1,-1
54,3,485.25,396.32,169.07,557.48,0.8509,-1,-1,-1
54,4,174.62,422.34,226.43,572.99,0.8822,-1,-1,-1
54,6,1078.95,409.76,157.85,445.38,0.8712,-1,-1,-1
54,5,810.34,493.43,51.68,141.41,0.5952,-1,-1,-1
55,2,875.25,350.61,196.17,679.91,0.8837,-1,-1,-1
55,3,476.81,396.84,176.73,565.07,0.8581,-1,-1,-1
55,4,165.73,420.83,226.15,582.63,0.8952,-1,-1,-1
55,6,1074.67,410.35,161.80,445.68,0.8756,-1,-1,-1
55,5,807.78,493.17,52.57,142.58,0.4668,-1,-1,-1
55,7,747.41,508.29,51.15,140.11,0.5135,-1,-1,-1
56,2,870.13,350.07,197.19,682.10,0.8792,-1,-1,-1
56,3,471.01,398.95,183.53,576.08,0.8728,-1,-1,-1
56,4,158.06,419.97,224.93,592.80,0.8826,-1,-1,-1
56,6,1074.88,412.07,162.76,441.83,0.8744,-1,-1,-1
56,5,806.16,493.74,53.05,150.00,0.4625,-1,-1,-1
57,2,863.28,349.32,199.69,685.84,0.8752,-1,-1,-1
57,3,464.16,401.86,190.48,589.40,0.8758,-1,-1,-1
57,4,146.87,419.81,226.77,600.69,0.8887,-1,-1,-1
57,6,1073.66,413.96,164.85,439.09,0.8674,-1,-1,-1
58,2,857.62,348.23,203.00,680.20,0.8683,-1,-1,-1
58,3,458.49,399.71,195.85,605.35,0.8814,-1,-1,-1
58,4,137.81,418.22,228.99,610.95,0.8760,-1,-1,-1
58,6,1070.73,412.53,167.60,443.53,0.8718,-1,-1,-1
59,2,846.84,345.28,207.49,671.97,0.8827,-1,-1,-1
59,3,453.50,395.07,195.76,620.84,0.8830,-1,-1,-1
59,4,126.98,416.88,233.59,617.88,0.8969,-1,-1,-1
59,6,1069.10,413.73,169.28,441.75,0.8702,-1,-1,-1
60,2,838.12,345.28,209.92,667.14,0.8873,-1,-1,-1
60,3,450.96,396.28,193.40,626.08,0.8773,-1,-1,-1
60,4,115.03,415.81,238.12,623.86,0.9068,-1,-1,-1
60,6,1066.20,414.76,172.64,442.65,0.8682,-1,-1,-1
61,2,825.98,345.79,218.60,667.57,0.8888,-1,-1,-1
61,3,445.65,398.13,194.50,636.45,0.8643,-1,-1,-1
61,4,105.14,415.39,241.79,632.41,0.9052,-1,-1,-1
61,6,1063.78,415.94,176.20,443.12,0.8656,-1,-1,-1
61,5,797.84,497.85,53.51,140.72,0.4130,-1,-1,-1
62,2,820.05,345.05,224.77,667.91,0.8800,-1,-1,-1
62,3,444.56,397.06,194.62,644.19,0.8512,-1,-1,-1
62,4,98.48,411.98,244.06,652.02,0.9003,-1,-1,-1
62,6,1064.64,414.91,179.02,442.90,0.8628,-1,-1,-1
63,2,818.13,341.75,225.63,672.65,0.8811,-1,-1,-1
63,3,442.31,392.95,197.99,651.92,0.8613,-1,-1,-1
63,4,95.91,406.45,239.83,668.38,0.8924,-1,-1,-1
63,6,1066.35,413.39,182.91,443.07,0.8705,-1,-1,-1
64,2,818.84,340.33,223.28,676.24,0.8784,-1,-1,-1
64,3,446.32,387.31,198.49,660.59,0.8709,-1,-1,-1
64,4,91.93,402.50,237.86,676.31,0.8872,-1,-1,-1
64,6,1068.42,413.51,185.51,443.29,0.8700,-1,-1,-1
64,14,1020.23,434.02,68.27,316.47,0.7914,-1,-1,-1
65,2,816.63,338.40,226.49,679.78,0.8890,-1,-1,-1
65,3,446.30,380.55,202.42,668.77,0.8722,-1,-1,-1
65,4,83.50,401.53,239.70,678.94,0.8834,-1,-1,-1
65,6,1071.87,411.36,186.71,444.67,0.8626,-1,-1,-1
65,14,1021.82,434.92,70.40,313.44,0.7868,-1,-1,-1
65,7,740.47,508.54,59.32,143.03,0.5812,-1,-1,-1
65,5,803.23,489.32,46.79,155.90,0.4018,-1,-1,-1
66,2,818.09,336.55,226.20,682.29,0.8875,-1,-1,-1
66,3,444.82,373.36,208.87,676.93,0.8764,-1,-1,-1
66,4,75.17,400.09,243.60,678.80,0.8885,-1,-1,-1
66,6,1079.56,406.15,188.10,450.51,0.8392,-1,-1,-1
66,14,1023.06,434.30,73.72,312.07,0.7797,-1,-1,-1
66,7,743.34,503.88,59.07,145.87,0.4667,-1,-1,-1
67,2,818.81,336.03,226.85,683.45,0.8931,-1,-1,-1
67,3,443.94,366.65,213.70,683.91,0.8733,-1,-1,-1
67,4,65.26,395.97,245.98,682.93,0.8880,-1,-1,-1
67,6,1084.49,402.31,190.47,455.79,0.8461,-1,-1,-1
67,14,1023.58,431.51,76.97,309.39,0.7461,-1,-1,-1
67,7,745.52,497.25,59.83,149.28,0.6051,-1,-1,-1
68,2,820.75,334.73,227.19,684.93,0.8934,-1,-1,-1
68,3,441.99,356.93,219.80,692.38,0.8708,-1,-1,-1
68,4,51.33,392.83,251.61,681.46,0.8889,-1,-1,-1
68,6,1090.38,399.07,184.37,455.47,0.8456,-1,-1,-1
68,14,1026.04,424.51,79.21,313.54,0.7259,-1,-1,-1
68,7,747.40,496.09,60.13,146.90,0.5304,-1,-1,-1
69,2,827.24,330.98,224.44,685.87,0.8878,-1,-1,-1
69,3,441.91,348.21,224.46,700.75,0.8775,-1,-1,-1
69,4,37.74,384.57,260.13,685.95,0.8998,-1,-1,-1
69,6,1094.66,395.24,182.73,456.59,0.8726,-1,-1,-1
69,14,1030.03,419.86,79.08,315.11,0.7208,-1,-1,-1
69,7,750.58,491.19,59.82,148.98,0.6034,-1,-1,-1
70,2,828.74,328.07,225.54,684.11,0.8967,-1,-1,-1
70,3,437.97,341.28,231.00,708.71,0.8913,-1,-1,-1
70,4,19.98,376.47,270.24,695.29,0.9135,-1,-1,-1
70,6,1097.44,391.22,182.69,457.23,0.8721,-1,-1,-1
70,14,1032.20,416.03,79.57,315.56,0.7091,-1,-1,-1
70,7,752.66,487.08,59.39,150.92,0.5373,-1,-1,-1
71,2,831.30,325.35,224.72,682.40,0.8904,-1,-1,-1
71,3,433.11,334.17,235.86,720.25,0.8901,-1,-1,-1
71,4,5.08,368.91,269.76,703.22,0.9096,-1,-1,-1
71,6,1100.01,386.81,180.81,455.22,0.8643,-1,-1,-1
71,14,1032.75,412.37,80.53,316.05,0.7217,-1,-1,-1
71,7,753.05,484.27,59.99,151.37,0.5789,-1,-1,-1
72,2,831.81,320.44,225.93,682.56,0.8906,-1,-1,-1
72,3,427.95,325.29,239.80,741.65,0.8916,-1,-1,-1
72,4,-2.37,361.46,262.64,711.45,0.9195,-1,-1,-1
72,6,1102.59,384.36,179.43,452.55,0.8592,-1,-1,-1
72,14,1034.02,410.49,79.83,315.33,0.7227,-1,-1,-1
72,7,753.98,483.49,60.21,150.82,0.5615,-1,-1,-1
72,15,1551.46,445.33,52.79,62.03,0.4067,-1,-1,-1
73,2,832.88,314.58,224.96,680.12,0.8855,-1,-1,-1
73,3,421.74,315.65,243.37,758.74,0.8933,-1,-1,-1
73,4,-4.88,349.89,249.42,723.04,0.9111,-1,-1,-1
73,6,1104.15,381.35,177.67,447.25,0.8556,-1,-1,-1
73,14,1034.98,409.70,78.67,313.34,0.6758,-1,-1,-1
73,7,753.24,477.74,57.61,152.58,0.4691,-1,-1,-1
73,15,1546.44,442.36,58.87,61.61,0.4260,-1,-1,-1
74,2,832.46,309.40,224.90,669.42,0.8805,-1,-1,-1
74,3,413.89,310.06,246.93,765.68,0.8907,-1,-1,-1
74,4,-5.24,343.01,232.30,732.47,0.9065,-1,-1,-1
74,6,1105.45,378.06,174.26,443.45,0.8565,-1,-1,-1
74,14,1034.71,409.36,79.41,311.53,0.6848,-1,-1,-1
74,7,750.67,474.97,59.03,152.78,0.5560,-1,-1,-1
74,15,1546.32,440.63,62.53,61.68,0.4308,-1,-1,-1
75,2,834.88,305.22,221.21,663.89,0.8721,-1,-1,-1
75,3,404.19,303.24,250.18,773.08,0.8954,-1,-1,-1
75,4,-4.48,332.43,214.82,744.38,0.8958,-1,-1,-1
75,6,1105.42,375.53,173.48,441.20,0.8616,-1,-1,-1
75,14,1034.68,419.73,77.06,298.72,0.6642,-1,-1,-1
75,7,748.98,471.98,58.40,153.43,0.5618,-1,-1,-1
75,15,1545.98,438.53,65.09,61.86,0.4430,-1,-1,-1
76,2,839.46,301.20,217.16,661.82,0.8691,-1,-1,-1
76,3,393.65,296.77,254.43,777.69,0.8894,-1,-1,-1
76,4,-3.89,323.90,197.84,751.20,0.8883,-1,-1,-1
76,6,1108.26,373.43,168.87,440.23,0.8559,-1,-1,-1
76,14,1035.22,431.92,76.53,283.00,0.7228,-1,-1,-1
76,7,747.16,471.54,61.51,149.38,0.5169,-1,-1,-1
76,15,1544.01,437.76,69.28,61.98,0.4525,-1,-1,-1
77,2,844.48,298.69,210.27,663.26,0.8786,-1,-1,-1
77,3,383.66,293.45,257.69,777.62,0.8913,-1,-1,-1
77,4,-3.01,317.66,181.00,758.80,0.8802,-1,-1,-1
77,6,1109.21,372.08,167.25,441.89,0.8657,-1,-1,-1
77,14,1034.20,435.92,77.23,278.46,0.6324,-1,-1,-1
77,7,745.64,471.00,64.46,148.97,0.5040,-1,-1,-1
77,15,1541.38,437.66,72.38,61.25,0.4086,-1,-1,-1
77,5,817.18,450.62,44.64,159.92,0.4081,-1,-1,-1
78,2,848.93,296.21,201.49,665.75,0.8637,-1,-1,-1
78,3,369.31,289.56,263.85,783.05,0.8972,-1,-1,-1
78,4,-3.05,311.97,162.39,762.70,0.8673,-1,-1,-1
78,6,1108.45,370.90,166.47,443.22,0.8640,-1,-1,-1
78,14,1030.14,424.13,78.21,292.01,0.7076,-1,-1,-1
78,7,742.95,466.33,65.69,154.75,0.5499,-1,-1,-1
78,15,1542.17,437.23,70.63,61.56,0.4210,-1,-1,-1
78,5,814.52,450.89,45.53,161.66,0.6321,-1,-1,-1
79,2,850.99,292.40,198.03,670.80,0.8592,-1,-1,-1
79,3,353.22,284.30,267.07,788.73,0.9003,-1,-1,-1
79,4,-3.02,308.48,145.96,765.84,0.8291,-1,-1,-1
79,6,1107.80,368.15,165.47,444.88,0.8600,-1,-1,-1
79,14,1025.09,408.62,79.75,306.70,0.7189,-1,-1,-1
79,7,741.28,468.49,56.06,152.40,0.4962,-1,-1,-1
79,5,811.01,449.21,46.58,165.03,0.6450,-1,-1,-1
80,2,850.36,289.40,193.21,675.17,0.8566,-1,-1,-1
80,3,334.63,276.20,274.17,795.97,0.8965,-1,-1,-1
80,4,-2.78,385.94,123.20,504.16,0.5093,-1,-1,-1
80,6,1105.36,364.60,162.76,447.49,0.8433,-1,-1,-1
80,14,1021.86,401.01,76.42,314.23,0.7097,-1,-1,-1
80,7,737.53,468.86,52.64,153.45,0.5411,-1,-1,-1
80,5,802.54,446.09,54.08,170.12,0.6151,-1,-1,-1
81,2,848.94,291.11,189.88,675.81,0.8514,-1,-1,-1
81,3,317.03,267.23,278.66,803.77,0.9018,-1,-1,-1
81,4,-2.14,426.69,96.30,445.96,0.6418,-1,-1,-1
81,6,1103.12,363.64,158.04,446.55,0.8567,-1,-1,-1
81,14,1016.91,403.37,74.65,310.65,0.6937,-1,-1,-1
81,7,731.95,464.06,52.47,154.45,0.5612,-1,-1,-1
81,5,796.69,444.16,55.73,169.29,0.6196,-1,-1,-1
82,2,846.46,291.71,186.42,675.35,0.8529,-1,-1,-1
82,3,295.47,254.20,292.50,817.62,0.8974,-1,-1,-1
82,4,-1.27,441.24,72.91,371.57,0.7815,-1,-1,-1
82,6,1099.14,359.35,155.30,447.71,0.8627,-1,-1,-1
82,14,1013.89,393.56,74.52,314.75,0.6466,-1,-1,-1
82,7,725.68,456.89,53.44,158.21,0.6341,-1,-1,-1
82,5,792.62,440.47,56.36,169.47,0.6749,-1,-1,-1
83,2,844.52,290.90,180.30,674.33,0.8514,-1,-1,-1
83,3,272.39,241.41,301.53,829.58,0.8896,-1,-1,-1
83,6,1095.47,357.26,152.45,451.15,0.8518,-1,-1,-1
83,14,1003.88,384.10,80.10,321.92,0.5449,-1,-1,-1
83,5,789.94,436.43,54.30,166.57,0.5785,-1,-1,-1
84,2,836.97,291.19,177.69,675.10,0.8476,-1,-1,-1
84,3,244.45,229.87,305.46,843.07,0.9033,-1,-1,-1
84,6,1087.55,354.57,153.57,455.69,0.8586,-1,-1,-1
84,14,995.44,377.61,80.81,322.07,0.7452,-1,-1,-1
84,5,783.31,434.60,52.85,166.48,0.5587,-1,-1,-1
84,7,712.04,450.02,54.74,155.83,0.5917,-1,-1,-1
85,2,826.44,289.81,176.70,672.52,0.8275,-1,-1,-1
85,3,212.40,217.38,325.01,856.40,0.9170,-1,-1,-1
85,6,1079.83,353.40,149.87,454.23,0.8485,-1,-1,-1
85,14,985.02,373.59,81.78,319.40,0.7616,-1,-1,-1
85,5,772.93,427.51,54.59,170.25,0.5998,-1,-1,-1
85,7,705.66,450.20,53.50,152.32,0.4575,-1,-1,-1
86,2,812.62,284.66,180.55,672.02,0.8417,-1,-1,-1
86,3,186.91,204.10,326.49,870.45,0.9056,-1,-1,-1
86,6,1071.76,349.09,150.32,454.47,0.8318,-1,-1,-1
86,14,972.40,369.00,87.81,320.16,0.8069,-1,-1,-1
86,5,767.97,420.83,49.48,175.23,0.5159,-1,-1,-1
86,7,695.66,444.92,56.79,154.49,0.5367,-1,-1,-1
86,16,483.18,413.13,77.08,283.87,0.7152,-1,-1,-1
87,2,798.94,279.14,186.86,675.08,0.8524,-1,-1,-1
87,3,156.83,189.96,332.89,885.33,0.9104,-1,-1,-1
87,6,1062.97,346.45,152.12,452.95,0.8509,-1,-1,-1
87,14,962.58,365.88,90.74,320.35,0.7796,-1,-1,-1
87,5,760.12,414.30,48.63,179.90,0.6884,-1,-1,-1
87,7,688.16,446.00,59.04,151.71,0.4641,-1,-1,-1
87,16,472.73,410.59,76.67,285.37,0.7296,-1,-1,-1
88,2,783.19,274.82,196.31,671.36,0.8571,-1,-1,-1
88,3,130.87,180.03,339.08,896.14,0.9155,-1,-1,-1
88,6,1053.20,340.61,152.00,453.96,0.8485,-1,-1,-1
88,14,950.16,359.12,95.04,323.78,0.7449,-1,-1,-1
88,5,748.78,409.85,50.00,177.77,0.4646,-1,-1,-1
88,7,679.96,440.66,57.65,154.09,0.6147,-1,-1,-1
88,16,449.53,407.94,90.77,286.66,0.7607,-1,-1,-1
89,2,768.57,268.87,201.48,669.05,0.8477,-1,-1,-1
89,3,103.69,168.53,350.70,906.54,0.9201,-1,-1,-1
89,6,1043.67,334.42,157.82,454.15,0.8534,-1,-1,-1
89,14,941.10,357.42,98.38,319.34,0.8162,-1,-1,-1
89,7,672.29,436.46,58.93,156.30,0.5573,-1,-1,-1
89,16,431.30,398.58,102.46,297.99,0.7739,-1,-1,-1
90,2,752.33,261.60,213.13,659.70,0.8689,-1,-1,-1
90,3,75.03,154.05,369.18,920.48,0.9241,-1,-1,-1
90,6,1037.31,328.56,158.95,458.32,0.8482,-1,-1,-1
90,14,936.29,353.99,97.59,316.36,0.7823,-1,-1,-1
90,7,666.44,432.91,61.68,155.97,0.4318,-1,-1,-1
90,16,420.17,390.19,106.36,303.01,0.7799,-1,-1,-1
91,2,738.07,257.09,221.47,650.76,0.8808,-1,-1,-1
91,3,50.87,142.30,382.17,930.51,0.9224,-1,-1,-1
91,6,1030.84,324.20,162.83,456.70,0.8681,-1,-1,-1
91,14,929.63,349.66,100.26,317.71,0.7997,-1,-1,-1
91,7,659.51,426.63,56.88,156.52,0.4526,-1,-1,-1
91,16,411.51,386.15,106.70,305.69,0.7615,-1,-1,-1
92,2,725.40,251.70,226.88,650.51,0.8787,-1,-1,-1
92,3,23.62,128.27,400.74,944.55,0.9221,-1,-1,-1
92,6,1025.04,318.41,166.40,454.78,0.8636,-1,-1,-1
92,14,923.69,348.27,98.69,316.95,0.7895,-1,-1,-1
92,7,654.14,423.32,59.14,157.82,0.5489,-1,-1,-1
92,16,402.67,384.14,108.74,307.90,0.8223,-1,-1,-1
93,2,715.61,245.84,233.83,653.60,0.8891,-1,-1,-1
93,3,1.04,116.95,412.28,956.12,0.9244,-1,-1,-1
93,6,1018.48,314.07,170.57,454.49,0.8705,-1,-1,-1
93,14,920.87,346.80,98.68,316.88,0.7763,-1,-1,-1
93,16,395.42,379.47,109.77,312.10,0.8071,-1,-1,-1
93,17,1498.00,390.53,42.19,62.11,0.4659,-1,-1,-1
94,2,708.31,241.96,232.31,657.53,0.8729,-1,-1,-1
94,3,-6.92,107.07,410.32,968.66,0.9323,-1,-1,-1
94,6,1013.65,312.46,174.30,454.02,0.8726,-1,-1,-1
94,14,918.05,345.95,99.96,318.52,0.8026,-1,-1,-1
94,16,388.41,378.08,112.01,310.76,0.8026,-1,-1,-1
94,17,1495.76,390.23,41.81,59.41,0.4162,-1,-1,-1
95,2,701.69,240.37,232.52,663.46,0.8860,-1,-1,-1
95,3,-8.94,97.66,408.07,979.25,0.9307,-1,-1,-1
95,6,1008.28,311.64,178.19,453.67,0.8644,-1,-1,-1
95,14,916.04,344.60,99.59,319.88,0.7805,-1,-1,-1
95,16,382.74,375.69,113.36,314.53,0.8174,-1,-1,-1
96,2,694.02,242.08,233.05,664.45,0.9045,-1,-1,-1
96,3,-8.64,87.05,392.54,990.13,0.9349,-1,-1,-1
96,6,1004.10,311.23,182.55,455.47,0.8598,-1,-1,-1
96,14,912.39,345.15,101.94,319.98,0.7540,-1,-1,-1
96,16,378.19,374.84,113.03,320.40,0.8098,-1,-1,-1
97,2,693.38,241.25,230.28,669.90,0.8996,-1,-1,-1
97,3,-7.03,76.27,378.62,1000.17,0.9338,-1,-1,-1
97,6,1002.13,310.68,186.35,456.14,0.8618,-1,-1,-1
97,14,906.22,343.15,106.80,319.50,0.7328,-1,-1,-1
97,16,376.01,371.14,113.77,325.98,0.8189,-1,-1,-1
97,19,1726.70,855.63,97.25,221.32,0.4493,-1,-1,-1
97,7,633.33,418.18,61.20,162.30,0.5593,-1,-1,-1
98,2,692.94,242.97,228.13,674.59,0.8996,-1,-1,-1
98,3,-5.62,60.06,366.14,1014.04,0.9344,-1,-1,-1
98,6,1001.49,310.82,190.80,458.50,0.8591,-1,-1,-1
98,14,906.85,343.50,105.85,320.64,0.7306,-1,-1,-1
98,16,375.32,369.04,113.96,330.29,0.8255,-1,-1,-1
98,19,1731.21,857.68,97.55,220.73,0.4000,-1,-1,-1
98,7,632.48,416.50,60.00,165.93,0.6311,-1,-1,-1
99,2,692.67,246.49,227.45,676.86,0.8985,-1,-1,-1
99,3,-3.97,48.09,353.92,1025.52,0.9272,-1,-1,-1
99,6,1002.32,311.32,195.86,460.37,0.8700,-1,-1,-1
99,14,908.19,343.68,105.24,320.94,0.7370,-1,-1,-1
99,16,374.57,367.02,114.60,334.05,0.8214,-1,-1,-1
99,7,633.24,416.52,56.16,165.69,0.6340,-1,-1,-1
100,2,693.95,249.48,224.57,675.82,0.8988,-1,-1,-1
100,3,-2.73,36.56,340.12,1035.45,0.9225,-1,-1,-1
100,6,1004.69,312.39,198.81,460.57,0.8763,-1,-1,-1
100,14,910.38,347.57,105.86,318.14,0.7435,-1,-1,-1
100,16,372.96,367.72,115.81,334.37,0.8323,-1,-1,-1
100,7,632.01,415.42,58.29,166.27,0.6493,-1,-1,-1
100,17,1496.13,380.74,43.65,67.22,0.4183,-1,-1,-1
101,2,699.28,250.06,218.81,675.80,0.8890,-1,-1,-1
101,3,-1.84,19.49,323.13,1054.81,0.9144,-1,-1,-1
101,6,1007.04,311.68,201.33,462.79,0.8568,-1,-1,-1
101,14,913.25,347.68,105.57,317.49,0.7683,-1,-1,-1
101,16,373.96,365.58,115.93,337.63,0.8239,-1,-1,-1
101,7,633.67,413.89,58.88,165.58,0.7018,-1,-1,-1
102,2,703.09,250.84,219.87,671.01,0.8948,-1,-1,-1
102,3,-0.68,11.91,303.13,1061.53,0.9190,-1,-1,-1
102,6,1013.90,312.09,200.06,464.60,0.8308,-1,-1,-1
102,14,919.50,347.03,103.90,318.86,0.7923,-1,-1,-1
102,16,375.36,364.49,117.18,341.27,0.8319,-1,-1,-1
102,7,637.49,413.71,59.48,165.74,0.5224,-1,-1,-1
103,2,714.21,250.73,221.24,667.53,0.8881,-1,-1,-1
103,3,1.25,6.82,284.53,1065.48,0.9092,-1,-1,-1
103,6,1022.89,314.13,202.21,465.58,0.8433,-1,-1,-1
103,14,930.36,342.39,101.94,321.64,0.7443,-1,-1,-1
103,16,384.30,365.32,115.55,338.91,0.8037,-1,-1,-1
103,7,644.05,409.90,60.64,166.35,0.5544,-1,-1,-1
104,2,726.40,247.45,222.03,668.41,0.8919,-1,-1,-1
104,3,3.19,7.44,264.79,1056.47,0.8316,-1,-1,-1
104,6,1040.71,309.45,203.26,469.01,0.8582,-1,-1,-1
104,14,942.69,338.88,105.57,322.48,0.7345,-1,-1,-1
104,16,395.87,368.06,114.37,336.31,0.8112,-1,-1,-1
104,7,658.31,407.21,57.91,168.47,0.6639,-1,-1,-1
104,17,1533.86,376.47,43.55,66.46,0.5237,-1,-1,-1
105,2,738.46,245.69,220.92,665.30,0.8861,-1,-1,-1
105,3,2.55,165.23,241.46,902.16,0.7801,-1,-1,-1
105,6,1052.86,308.74,202.04,469.80,0.8547,-1,-1,-1
105,14,953.40,334.74,104.62,327.07,0.7371,-1,-1,-1
105,16,404.26,366.00,112.82,338.17,0.8087,-1,-1,-1
105,17,1546.42,374.55,45.99,67.45,0.4179,-1,-1,-1
105,19,1804.82,861.33,107.52,218.30,0.4947,-1,-1,-1
106,2,747.74,242.54,215.85,654.42,0.8781,-1,-1,-1
106,3,0.99,225.18,160.77,729.80,0.6228,-1,-1,-1
106,6,1064.74,304.20,204.78,475.71,0.8421,-1,-1,-1
106,14,959.91,332.09,104.45,329.03,0.7895,-1,-1,-1
106,16,410.87,364.45,112.27,337.24,0.8015,-1,-1,-1
106,17,1557.14,372.51,44.98,67.50,0.4629,-1,-1,-1
106,19,1817.94,858.10,103.49,221.51,0.6350,-1,-1,-1
106,7,669.98,404.75,61.75,168.18,0.6820,-1,-1,-1
107,2,756.22,237.65,212.94,647.11,0.8783,-1,-1,-1
107,3,0.25,245.17,109.18,769.85,0.7251,-1,-1,-1
107,6,1073.02,302.96,199.34,475.34,0.8424,-1,-1,-1
107,14,964.85,330.43,106.43,327.80,0.7449,-1,-1,-1
107,16,414.94,361.95,112.84,338.95,0.7888,-1,-1,-1
107,19,1831.24,856.14,92.95,222.06,0.4784,-1,-1,-1
107,7,671.81,403.85,65.61,169.19,0.6755,-1,-1,-1
108,2,762.03,234.25,210.09,645.19,0.8828,-1,-1,-1
108,6,1080.95,301.70,182.62,473.25,0.8386,-1,-1,-1
108,14,969.01,328.57,106.61,329.14,0.7282,-1,-1,-1
108,16,417.30,360.51,113.15,344.17,0.7966,-1,-1,-1
108,7,674.00,403.32,67.41,169.99,0.7286,-1,-1,-1
108,17,1575.19,370.04,43.60,65.81,0.4637,-1,-1,-1
109,2,770.24,232.51,203.99,644.79,0.8753,-1,-1,-1
109,6,1085.74,298.64,174.09,470.47,0.8704,-1,-1,-1
109,14,972.61,327.17,99.61,327.03,0.5493,-1,-1,-1
109,16,416.13,358.45,115.40,349.06,0.8082,-1,-1,-1
109,7,677.74,401.36,65.55,170.67,0.6812,-1,-1,-1
109,17,1583.24,372.24,42.96,63.29,0.6009,-1,-1,-1
110,2,772.81,230.70,202.91,646.40,0.8753,-1,-1,-1
110,6,1089.61,295.37,171.66,466.93,0.8722,-1,-1,-1
110,14,976.23,324.47,102.24,327.40,0.6669,-1,-1,-1
110,16,413.03,354.58,117.67,355.63,0.7983,-1,-1,-1
110,7,679.49,398.40,66.89,171.02,0.6261,-1,-1,-1
110,17,1588.10,368.36,41.06,64.81,0.4036,-1,-1,-1
111,2,776.65,229.58,199.34,649.19,0.8721,-1,-1,-1
111,6,1093.50,292.22,169.27,463.42,0.8667,-1,-1,-1
111,14,976.38,323.80,104.53,325.61,0.6149,-1,-1,-1
111,16,410.99,352.68,119.82,355.99,0.8059,-1,-1,-1
111,7,682.28,395.30,66.29,173.14,0.6588,-1,-1,-1
111,17,1598.12,370.23,39.16,63.15,0.4412,-1,-1,-1
112,2,778.02,229.02,197.53,649.44,0.8674,-1,-1,-1
112,6,1097.96,289.23,168.76,460.95,0.8549,-1,-1,-1
112,14,975.59,323.42,108.37,326.18,0.6338,-1,-1,-1
112,16,412.00,349.69,118.45,359.12,0.7482,-1,-1,-1
112,7,684.53,394.78,67.26,174.11,0.6441,-1,-1,-1
113,2,780.10,228.55,195.18,650.24,0.8648,-1,-1,-1
113,6,1103.64,286.50,166.29,462.80,0.8511,-1,-1,-1
113,14,979.22,323.02,108.67,325.81,0.6026,-1,-1,-1
113,16,411.20,347.86,118.49,362.95,0.7392,-1,-1,-1
113,7,686.41,391.48,68.15,178.78,0.7009,-1,-1,-1
114,2,785.24,230.15,191.43,651.23,0.8545,-1,-1,-1
114,6,1109.48,285.04,163.35,465.92,0.8578,-1,-1,-1
114,14,985.45,321.41,104.75,321.91,0.5927,-1,-1,-1
114,16,411.96,345.38,117.71,366.01,0.7352,-1,-1,-1
114,7,689.80,392.71,67.48,176.68,0.6295,-1,-1,-1
115,2,790.73,232.00,190.98,651.52,0.8444,-1,-1,-1
115,6,1112.85,285.67,163.04,466.16,0.8679,-1,-1,-1
115,14,994.24,320.97,101.29,322.63,0.7349,-1,-1,-1
115,16,410.94,344.31,119.93,368.47,0.7379,-1,-1,-1
115,7,693.92,391.36,66.53,178.80,0.5955,-1,-1,-1
116,2,793.14,233.10,191.33,652.04,0.8509,-1,-1,-1
116,6,1115.15,285.93,163.79,464.86,0.8630,-1,-1,-1
116,14,994.52,322.34,106.52,320.51,0.7067,-1,-1,-1
116,16,406.06,342.96,125.09,370.44,0.7733,-1,-1,-1
116,7,694.31,392.56,68.38,179.38,0.5573,-1,-1,-1
117,2,792.56,233.27,189.80,652.36,0.8521,-1,-1,-1
117,6,1117.36,284.65,164.11,466.78,0.8591,-1,-1,-1
117,14,994.47,321.05,107.44,321.09,0.6699,-1,-1,-1
117,16,402.23,342.61,128.33,370.17,0.7213,-1,-1,-1
117,7,691.27,389.83,73.05,179.70,0.6245,-1,-1,-1
118,2,786.98,235.34,189.41,649.88,0.8566,-1,-1,-1
118,6,1118.75,285.56,165.06,469.62,0.8564,-1,-1,-1
118,14,986.27,322.39,115.84,321.54,0.7296,-1,-1,-1
118,16,396.55,339.95,131.25,374.71,0.7031,-1,-1,-1
118,7,688.95,391.61,74.85,179.58,0.6155,-1,-1,-1
119,2,783.50,235.58,188.71,649.52,0.8667,-1,-1,-1
119,6,1122.07,287.35,162.66,472.29,0.8511,-1,-1,-1
119,14,980.78,324.24,121.76,321.99,0.7557,-1,-1,-1
119,16,391.41,338.72,132.68,376.97,0.8252,-1,-1,-1
119,7,689.88,392.93,73.78,179.42,0.5529,-1,-1,-1
120,2,777.47,233.43,191.92,649.17,0.8782,-1,-1,-1
120,6,1122.49,287.90,161.80,474.02,0.8532,-1,-1,-1
120,14,974.97,324.63,125.66,323.02,0.7074,-1,-1,-1
120,16,386.60,334.68,133.12,382.85,0.8358,-1,-1,-1
120,7,686.81,392.33,76.16,178.98,0.5289,-1,-1,-1
121,2,770.75,229.57,194.86,645.65,0.8741,-1,-1,-1
121,6,1120.47,289.57,162.42,475.44,0.8470,-1,-1,-1
121,14,969.72,325.63,129.20,322.47,0.6075,-1,-1,-1
121,16,380.32,333.20,134.26,386.22,0.8384,-1,-1,-1
121,7,683.46,393.42,79.64,182.00,0.4325,-1,-1,-1
122,2,762.68,227.96,195.55,637.80,0.8656,-1,-1,-1
122,6,1117.88,290.71,162.48,477.09,0.8405,-1,-1,-1
122,14,967.46,325.36,130.96,322.63,0.6372,-1,-1,-1
122,16,370.64,332.39,137.98,393.15,0.8261,-1,-1,-1
123,2,751.48,226.93,200.53,635.82,0.8671,-1,-1,-1
123,6,1115.29,291.11,161.52,478.15,0.8582,-1,-1,-1
123,14,958.92,326.39,136.52,323.73,0.6224,-1,-1,-1
123,16,363.35,332.07,137.97,400.78,0.8542,-1,-1,-1
123,17,1634.10,372.07,48.13,60.31,0.4418,-1,-1,-1
124,2,741.26,227.08,204.41,636.49,0.8720,-1,-1,-1
124,6,1111.52,290.20,159.39,482.93,0.8491,-1,-1,-1
124,14,955.09,327.56,127.99,325.01,0.6116,-1,-1,-1
124,16,355.07,331.98,139.57,404.79,0.8591,-1,-1,-1
124,17,1632.28,372.93,48.48,61.96,0.4495,-1,-1,-1
125,2,731.79,227.77,208.40,639.61,0.8767,-1,-1,-1
125,6,1106.94,289.97,159.87,481.50,0.8453,-1,-1,-1
125,14,950.51,325.54,127.01,329.44,0.6953,-1,-1,-1
125,16,345.88,336.51,141.10,404.51,0.8451,-1,-1,-1
125,7,674.95,393.28,69.19,192.26,0.4485,-1,-1,-1
126,2,715.66,228.91,220.21,643.70,0.8684,-1,-1,-1
126,6,1101.37,290.50,160.75,477.99,0.8445,-1,-1,-1
126,14,949.71,322.54,127.06,332.73,0.5801,-1,-1,-1
126,16,334.38,337.23,143.64,407.84,0.8397,-1,-1,-1
126,17,1626.56,371.37,46.75,64.66,0.4171,-1,-1,-1
127,2,708.14,231.42,224.24,645.69,0.8698,-1,-1,-1
127,6,1095.04,291.34,164.46,480.59,0.8566,-1,-1,-1
127,14,942.95,321.54,135.20,335.72,0.7700,-1,-1,-1
127,16,326.51,342.01,143.47,409.03,0.8475,-1,-1,-1
127,17,1623.41,372.24,44.80,64.92,0.4368,-1,-1,-1
128,2,704.43,231.67,226.04,649.53,0.8799,-1,-1,-1
128,6,1088.99,289.80,168.62,481.90,0.8706,-1,-1,-1
128,14,934.22,322.88,142.25,335.03,0.6102,-1,-1,-1
128,16,318.45,341.89,145.04,411.71,0.8530,-1,-1,-1
129,2,706.35,234.76,222.79,648.41,0.8803,-1,-1,-1
129,6,1084.22,287.44,173.72,482.97,0.8741,-1,-1,-1
129,14,933.77,322.13,120.80,335.09,0.6498,-1,-1,-1
129,16,313.11,339.10,147.09,420.65,0.8338,-1,-1,-1
129,7,660.38,390.49,65.80,193.09,0.5347,-1,-1,-1
130,2,705.95,236.51,222.90,648.78,0.8819,-1,-1,-1
130,6,1081.96,286.78,175.00,482.97,0.8673,-1,-1,-1
130,14,933.52,320.76,110.12,335.07,0.7349,-1,-1,-1
130,16,309.67,335.34,148.88,429.58,0.8405,-1,-1,-1
130,7,659.52,389.67,63.26,193.02,0.5535,-1,-1,-1
130,17,1619.03,367.78,42.50,69.24,0.4036,-1,-1,-1
131,2,706.28,238.46,223.74,648.96,0.8799,-1,-1,-1
131,6,1080.20,284.63,176.75,482.70,0.8665,-1,-1,-1
131,14,928.91,319.29,110.52,333.76,0.7373,-1,-1,-1
131,16,307.68,332.82,147.50,435.10,0.8388,-1,-1,-1
131,7,657.51,389.64,63.60,193.21,0.5875,-1,-1,-1
132,2,707.86,239.01,222.84,649.17,0.8754,-1,-1,-1
132,6,1079.84,282.93,176.14,481.88,0.8634,-1,-1,-1
132,14,925.64,317.84,111.09,333.78,0.7335,-1,-1,-1
132,16,307.56,332.86,144.51,436.94,0.8290,-1,-1,-1
132,7,656.91,389.26,64.09,194.46,0.5692,-1,-1,-1
132,20,1012.98,367.27,69.81,226.65,0.5586,-1,-1,-1
132,17,1619.42,364.91,42.00,69.21,0.4077,-1,-1,-1
133,2,710.97,239.50,222.09,647.62,0.8755,-1,-1,-1
133,6,1077.31,282.42,178.93,482.03,0.8685,-1,-1,-1
133,14,925.33,316.70,108.56,335.73,0.7468,-1,-1,-1
133,16,297.12,330.98,152.78,441.31,0.8195,-1,-1,-1
133,7,656.97,389.63,63.05,194.95,0.4432,-1,-1,-1
133,20,1012.65,368.04,72.08,225.53,0.5763,-1,-1,-1
134,2,713.42,239.58,218.34,648.93,0.8765,-1,-1,-1
134,6,1075.04,283.89,182.56,484.84,0.8678,-1,-1,-1
134,14,926.96,318.25,103.08,337.29,0.7328,-1,-1,-1
134,16,290.04,327.01,155.62,451.95,0.8404,-1,-1,-1
134,7,655.85,391.91,66.74,194.91,0.5317,-1,-1,-1
134,20,1011.53,368.14,73.63,223.66,0.6110,-1,-1,-1
135,2,715.96,240.68,215.74,648.23,0.8799,-1,-1,-1
135,6,1073.47,285.08,184.38,487.76,0.8648,-1,-1,-1
135,14,926.70,318.57,99.77,340.44,0.7097,-1,-1,-1
135,16,286.64,329.60,155.09,454.09,0.8316,-1,-1,-1
135,7,652.75,393.80,70.89,195.39,0.5442,-1,-1,-1
135,20,1010.63,370.15,75.91,219.81,0.6537,-1,-1,-1
136,2,720.90,240.63,212.47,643.80,0.8737,-1,-1,-1
136,6,1072.40,286.85,187.42,489.68,0.8665,-1,-1,-1
136,14,926.38,319.78,99.26,340.01,0.7318,-1,-1,-1
136,16,282.18,328.00,157.69,459.32,0.8387,-1,-1,-1
136,7,647.42,394.74,77.93,196.63,0.6849,-1,-1,-1
136,20,1011.08,365.70,77.32,227.82,0.7067,-1,-1,-1
137,2,723.39,240.83,211.90,630.58,0.8833,-1,-1,-1
137,6,1071.22,289.61,191.99,491.80,0.8635,-1,-1,-1
137,14,927.62,319.52,97.28,341.34,0.7313,-1,-1,-1
137,16,282.59,324.79,155.92,465.11,0.8409,-1,-1,-1
137,7,648.47,395.07,77.87,200.18,0.6352,-1,-1,-1
137,20,1013.45,368.38,77.40,226.06,0.7447,-1,-1,-1
137,17,1631.58,368.25,44.10,68.83,0.4985,-1,-1,-1
138,2,723.65,242.82,215.77,624.34,0.8864,-1,-1,-1
138,6,1076.15,294.19,192.79,491.46,0.8618,-1,-1,-1
138,14,928.68,321.50,96.45,342.16,0.7456,-1,-1,-1
138,16,280.00,323.97,157.41,469.42,0.8038,-1,-1,-1
138,7,651.02,397.40,73.98,200.64,0.5942,-1,-1,-1
138,20,1017.53,368.89,76.51,228.46,0.7447,-1,-1,-1
139,2,728.20,242.34,213.68,622.24,0.8851,-1,-1,-1
139,6,1080.63,294.99,193.72,491.41,0.8479,-1,-1,-1
139,14,930.14,320.67,96.43,343.53,0.7266,-1,-1,-1
139,16,272.48,320.63,162.44,474.97,0.8146,-1,-1,-1
139,7,651.87,395.87,72.24,203.68,0.5823,-1,-1,-1
139,20,1020.75,365.15,76.14,230.09,0.7169,-1,-1,-1
140,2,739.55,241.71,205.00,626.13,0.8780,-1,-1,-1
140,6,1087.49,296.17,191.20,490.27,0.8453,-1,-1,-1
140,14,936.23,320.02,93.44,345.21,0.7149,-1,-1,-1
140,16,269.09,318.80,165.78,484.49,0.8302,-1,-1,-1
140,7,650.31,396.56,75.11,204.93,0.6319,-1,-1,-1
140,20,1023.35,367.25,76.75,227.94,0.7775,-1,-1,-1
141,2,747.43,244.68,197.92,628.96,0.8735,-1,-1,-1
141,6,1092.51,296.18,189.81,494.74,0.8582,-1,-1,-1
141,14,935.92,321.48,95.52,344.80,0.7389,-1,-1,-1
141,16,270.42,318.81,165.24,495.13,0.8246,-1,-1,-1
141,7,648.64,395.60,78.53,206.59,0.7632,-1,-1,-1
141,20,1025.00,366.84,79.31,228.15,0.6852,-1,-1,-1
142,2,754.24,249.86,193.42,628.52,0.8694,-1,-1,-1
142,6,1099.70,296.83,187.59,498.55,0.8516,-1,-1,-1
142,14,936.63,324.37,96.37,342.16,0.7639,-1,-1,-1
142,16,270.84,321.17,167.08,500.77,0.8492,-1,-1,-1
142,7,649.22,398.82,83.89,203.96,0.6909,-1,-1,-1
142,20,1029.57,370.75,79.30,226.76,0.7247,-1,-1,-1
143,2,766.14,253.39,187.71,632.16,0.8787,-1,-1,-1
143,6,1107.03,297.41,187.31,501.88,0.8675,-1,-1,-1
143,14,948.96,325.87,89.19,341.38,0.7232,-1,-1,-1
143,16,269.68,324.75,170.57,504.08,0.8474,-1,-1,-1
143,7,653.82,400.49,84.12,204.47,0.6631,-1,-1,-1
143,20,1037.00,372.31,75.25,226.21,0.7463,-1,-1,-1
144,2,772.46,255.64,185.97,632.84,0.8729,-1,-1,-1
144,6,1112.57,297.16,187.01,501.71,0.8615,-1,-1,-1
144,14,957.67,329.79,84.40,335.32,0.8004,-1,-1,-1
144,16,268.28,324.99,174.24,510.57,0.8580,-1,-1,-1
144,7,660.99,398.26,78.93,207.03,0.7032,-1,-1,-1
144,20,1040.99,372.51,77.39,227.01,0.7546,-1,-1,-1
144,17,1671.57,369.47,51.73,69.00,0.4201,-1,-1,-1
145,2,779.49,257.67,184.33,634.20,0.8604,-1,-1,-1
145,6,1120.81,296.80,186.94,501.52,0.8608,-1,-1,-1
145,14,962.38,329.34,83.07,337.26,0.7497,-1,-1,-1
145,16,266.06,324.15,177.79,514.47,0.8532,-1,-1,-1
145,7,664.44,396.82,80.04,209.68,0.7018,-1,-1,-1
145,20,1043.51,374.80,78.74,224.07,0.7400,-1,-1,-1
145,17,1680.58,370.30,50.96,70.13,0.4226,-1,-1,-1
146,2,782.52,261.62,186.76,635.92,0.8638,-1,-1,-1
146,6,1128.50,300.20,184.56,495.74,0.8740,-1,-1,-1
146,14,968.73,331.55,84.85,337.44,0.6867,-1,-1,-1
146,16,267.30,324.22,178.54,523.25,0.8772,-1,-1,-1
146,7,669.17,397.52,80.40,210.28,0.6982,-1,-1,-1
146,20,1048.49,377.62,78.33,220.71,0.6476,-1,-1,-1
147,2,783.99,265.14,188.53,637.06,0.8650,-1,-1,-1
147,6,1134.14,299.53,186.60,492.35,0.8670,-1,-1,-1
147,14,967.41,331.67,89.20,340.00,0.7115,-1,-1,-1
147,16,263.80,325.61,181.85,528.98,0.8601,-1,-1,-1
147,7,670.82,396.90,80.67,214.67,0.7260,-1,-1,-1
147,20,1050.92,381.27,79.84,220.47,0.6330,-1,-1,-1
147,17,1698.73,374.78,48.16,68.99,0.4336,-1,-1,-1
148,2,789.32,266.38,185.75,636.22,0.8554,-1,-1,-1
148,6,1139.89,298.51,183.65,491.57,0.8671,-1,-1,-1
148,14,969.35,331.76,90.36,340.92,0.7303,-1,-1,-1
148,16,258.89,325.82,185.61,539.72,0.8684,-1,-1,-1
148,7,673.11,395.92,77.49,217.91,0.7258,-1,-1,-1
148,20,1053.78,378.70,78.49,225.64,0.6768,-1,-1,-1
149,2,793.34,267.20,183.90,637.49,0.8616,-1,-1,-1
149,6,1146.54,299.01,180.08,489.05,0.8619,-1,-1,-1
149,14,972.45,335.51,87.83,338.94,0.7344,-1,-1,-1
149,16,252.84,324.08,184.36,548.75,0.8649,-1,-1,-1
149,7,674.79,399.89,76.74,217.89,0.6009,-1,-1,-1
149,20,1055.63,379.08,77.86,228.15,0.6365,-1,-1,-1
150,2,794.10,267.57,184.05,637.40,0.8498,-1,-1,-1
150,6,1150.79,300.18,178.67,489.94,0.8644,-1,-1,-1
150,14,975.01,339.13,88.45,338.96,0.7367,-1,-1,-1
150,16,247.30,319.99,181.51,558.03,0.8501,-1,-1,-1
150,7,673.99,404.34,78.46,216.75,0.6131,-1,-1,-1
150,20,1056.63,372.82,76.83,235.96,0.6722,-1,-1,-1
150,17,1711.66,381.12,51.33,67.57,0.4523,-1,-1,-1
151,2,793.76,267.59,186.73,634.36,0.8409,-1,-1,-1
151,6,1152.76,300.05,179.36,497.72,0.8714,-1,-1,-1
151,14,979.32,340.84,85.48,341.11,0.7332,-1,-1,-1
151,16,236.46,318.17,184.42,567.54,0.8507,-1,-1,-1
151,7,674.83,408.47,77.89,214.54,0.6688,-1,-1,-1
151,20,1056.68,370.67,77.02,240.11,0.5983,-1,-1,-1
151,17,1712.77,380.73,53.53,69.34,0.4878,-1,-1,-1
152,2,791.32,266.19,190.43,627.48,0.8417,-1,-1,-1
152,6,1154.12,300.16,180.65,498.97,0.8801,-1,-1,-1
152,14,978.88,341.50,86.13,341.28,0.7104,-1,-1,-1
152,16,227.42,314.66,187.58,576.93,0.8509,-1,-1,-1
152,7,675.07,409.47,80.15,215.60,0.7133,-1,-1,-1
152,20,1055.29,371.90,78.73,238.57,0.6059,-1,-1,-1
152,17,1715.97,379.38,54.55,70.54,0.5259,-1,-1,-1
153,2,786.25,264.08,198.41,620.33,0.8418,-1,-1,-1
153,6,1157.70,301.92,179.66,498.75,0.8824,-1,-1,-1
153,14,982.41,341.73,83.40,344.53,0.7248,-1,-1,-1
153,16,215.93,311.77,193.73,583.24,0.8585,-1,-1,-1
153,7,675.23,410.14,82.82,218.51,0.7124,-1,-1,-1
153,20,1055.59,372.13,79.12,239.30,0.6199,-1,-1,-1
153,17,1719.50,384.23,51.71,67.70,0.4315,-1,-1,-1
154,2,779.73,262.13,206.87,618.32,0.8594,-1,-1,-1
154,6,1159.14,302.66,178.93,497.19,0.8731,-1,-1,-1
154,14,981.12,341.60,83.92,344.68,0.7265,-1,-1,-1
154,16,203.69,309.35,200.74,589.16,0.8723,-1,-1,-1
154,7,675.42,411.04,85.78,220.43,0.7176,-1,-1,-1
154,20,1054.24,373.28,80.33,239.14,0.6567,-1,-1,-1
154,17,1722.75,385.04,51.10,68.16,0.4097,-1,-1,-1
155,2,772.03,258.99,214.66,618.91,0.8684,-1,-1,-1
155,6,1160.36,301.97,177.71,499.38,0.8790,-1,-1,-1
155,14,982.72,340.03,81.29,343.36,0.7272,-1,-1,-1
155,16,191.86,305.90,206.49,593.70,0.8712,-1,-1,-1
155,7,672.08,407.54,95.36,223.51,0.7297,-1,-1,-1
155,20,1053.39,371.96,80.38,239.38,0.7016,-1,-1,-1
156,2,766.13,257.95,222.58,621.73,0.8702,-1,-1,-1
156,6,1159.52,305.21,179.32,504.86,0.8774,-1,-1,-1
156,14,981.48,339.98,82.50,344.08,0.7022,-1,-1,-1
156,16,180.99,302.51,207.97,599.77,0.8714,-1,-1,-1
156,7,671.09,406.02,98.69,226.09,0.7665,-1,-1,-1
156,20,1051.98,370.72,80.45,242.28,0.6923,-1,-1,-1
157,2,760.10,259.93,228.87,624.22,0.8774,-1,-1,-1
157,6,1156.53,308.07,178.19,507.52,0.8730,-1,-1,-1
157,14,974.07,341.62,89.68,346.06,0.6965,-1,-1,-1
157,16,170.39,301.01,211.18,605.22,0.8634,-1,-1,-1
157,7,667.57,407.41,100.06,226.44,0.7038,-1,-1,-1
157,20,1049.32,370.82,81.93,243.89,0.6787,-1,-1,-1
157,17,1722.06,381.65,53.26,74.22,0.4142,-1,-1,-1
158,2,758.36,257.47,227.53,628.42,0.8731,-1,-1,-1
158,6,1151.40,305.65,177.31,507.94,0.8647,-1,-1,-1
158,14,968.29,341.23,90.48,345.11,0.7418,-1,-1,-1
158,16,156.77,297.01,214.30,611.65,0.8608,-1,-1,-1
158,7,662.29,405.77,87.23,228.09,0.6732,-1,-1,-1
158,20,1044.72,370.34,84.40,244.00,0.7391,-1,-1,-1
158,17,1717.62,382.92,54.78,71.51,0.4162,-1,-1,-1
159,2,761.42,260.65,221.51,628.90,0.8666,-1,-1,-1
159,6,1147.14,306.25,175.58,505.51,0.8761,-1,-1,-1
159,14,965.22,341.38,87.83,341.49,0.6546,-1,-1,-1
159,16,139.85,294.13,217.83,621.23,0.8558,-1,-1,-1
159,7,658.19,402.17,86.11,230.45,0.6600,-1,-1,-1
159,20,1040.23,374.85,85.50,239.50,0.7010,-1,-1,-1
159,17,1711.99,378.81,57.85,74.44,0.5084,-1,-1,-1
160,2,764.74,263.38,215.16,630.05,0.8642,-1,-1,-1
160,6,1142.24,305.96,174.03,506.59,0.8769,-1,-1,-1
160,14,961.30,339.57,90.14,340.44,0.7255,-1,-1,-1
160,16,126.92,290.81,221.38,637.28,0.8640,-1,-1,-1
160,7,650.93,401.45,92.91,230.35,0.6724,-1,-1,-1
160,20,1036.76,377.25,84.10,236.18,0.6979,-1,-1,-1
160,22,749.04,355.62,68.82,277.47,0.5033,-1,-1,-1
161,2,767.28,269.15,211.44,628.85,0.8709,-1,-1,-1
161,6,1138.18,306.61,172.58,506.51,0.8782,-1,-1,-1
161,14,955.84,339.34,89.11,341.14,0.6698,-1,-1,-1
161,16,112.66,289.99,225.02,654.51,0.8549,-1,-1,-1
161,7,645.46,399.09,92.15,235.20,0.6919,-1,-1,-1
161,20,1032.35,383.03,84.82,229.96,0.7512,-1,-1,-1
161,22,737.40,361.71,71.55,274.30,0.4955,-1,-1,-1
162,2,770.49,270.78,206.72,627.24,0.8824,-1,-1,-1
162,6,1133.13,301.56,171.34,511.52,0.8733,-1,-1,-1
162,14,950.39,336.90,84.02,346.21,0.6473,-1,-1,-1
162,16,96.31,284.40,229.29,661.21,0.8687,-1,-1,-1
162,7,638.26,395.98,82.92,238.68,0.7041,-1,-1,-1
162,20,1026.01,385.58,83.85,226.20,0.7441,-1,-1,-1
162,22,730.26,361.10,77.04,277.98,0.6036,-1,-1,-1
162,17,1699.99,381.32,56.77,74.40,0.4564,-1,-1,-1
163,2,771.18,270.23,202.55,628.48,0.8929,-1,-1,-1
163,6,1123.95,299.72,174.48,512.45,0.8681,-1,-1,-1
163,14,945.59,332.62,85.06,350.56,0.6175,-1,-1,-1
163,16,81.38,283.19,225.65,675.85,0.8466,-1,-1,-1
163,7,629.74,394.19,83.16,240.60,0.7249,-1,-1,-1
163,20,1019.66,386.58,84.42,224.54,0.6823,-1,-1,-1
163,22,724.27,358.46,77.50,280.46,0.6666,-1,-1,-1
163,17,1694.31,381.56,55.63,74.56,0.4453,-1,-1,-1
164,2,767.42,268.66,203.45,625.45,0.8909,-1,-1,-1
164,6,1114.67,297.63,180.81,511.09,0.8672,-1,-1,-1
164,14,942.06,332.66,83.48,350.43,0.6623,-1,-1,-1
164,16,59.63,282.03,240.50,693.04,0.8834,-1,-1,-1
164,7,620.30,392.52,86.01,243.42,0.7237,-1,-1,-1
164,20,1016.93,389.32,80.76,220.35,0.7023,-1,-1,-1
164,22,714.25,361.51,79.41,279.04,0.6744,-1,-1,-1
165,2,764.19,264.68,199.94,626.80,0.8865,-1,-1,-1
165,6,1107.80,298.11,181.72,507.43,0.8747,-1,-1,-1
165,14,940.56,332.29,82.34,348.28,0.6922,-1,-1,-1
165,16,39.99,280.05,248.11,711.30,0.8713,-1,-1,-1
165,7,611.45,392.26,85.63,244.29,0.6888,-1,-1,-1
165,20,1013.76,390.66,79.31,216.18,0.6871,-1,-1,-1
165,22,707.52,363.47,79.89,277.88,0.7069,-1,-1,-1
166,2,764.69,260.35,196.42,629.92,0.8856,-1,-1,-1
166,6,1101.14,296.85,185.14,502.98,0.8768,-1,-1,-1
166,14,934.17,327.34,84.33,351.62,0.6957,-1,-1,-1
166,16,21.11,278.18,259.02,725.04,0.8876,-1,-1,-1
166,7,605.41,390.84,87.96,246.61,0.7174,-1,-1,-1
166,20,1008.88,390.22,79.63,214.15,0.6685,-1,-1,-1
166,22,703.07,364.76,80.71,278.00,0.7309,-1,-1,-1
167,2,766.01,257.16,193.67,630.60,0.8746,-1,-1,-1
167,6,1095.01,293.09,190.15,504.75,0.8659,-1,-1,-1
167,14,933.03,325.22,84.10,350.45,0.6918,-1,-1,-1
167,16,6.00,274.46,258.79,736.90,0.8650,-1,-1,-1
167,7,600.77,389.59,87.22,248.79,0.7259,-1,-1,-1
167,20,1007.73,395.45,78.03,209.32,0.5622,-1,-1,-1
167,22,697.63,362.96,86.10,281.04,0.7083,-1,-1,-1
168,2,771.19,254.23,187.23,623.16,0.8656,-1,-1,-1
168,6,1090.83,291.53,191.58,504.21,0.8647,-1,-1,-1
168,14,930.31,327.55,85.73,349.49,0.6991,-1,-1,-1
168,16,-2.60,266.79,259.36,750.62,0.8876,-1,-1,-1
168,7,596.30,389.05,88.05,249.43,0.6911,-1,-1,-1
168,20,1006.69,381.80,77.95,225.34,0.6034,-1,-1,-1
168,22,685.94,358.92,94.55,285.51,0.7777,-1,-1,-1
169,2,775.62,250.25,184.67,615.05,0.8632,-1,-1,-1
169,6,1086.83,290.91,193.73,503.03,0.8698,-1,-1,-1
169,14,929.53,328.34,83.90,344.79,0.6958,-1,-1,-1
169,16,-5.73,259.56,249.56,763.12,0.9024,-1,-1,-1
169,7,590.99,387.56,90.37,251.89,0.7353,-1,-1,-1
169,20,1004.12,377.03,79.74,227.65,0.6366,-1,-1,-1
169,22,680.17,357.05,96.90,283.25,0.7693,-1,-1,-1
169,17,1673.01,370.76,57.96,77.58,0.4163,-1,-1,-1
170,2,778.25,248.24,181.72,611.50,0.8545,-1,-1,-1
170,6,1082.11,290.48,197.53,505.00,0.8706,-1,-1,-1
170,14,928.14,328.97,82.37,343.30,0.6886,-1,-1,-1
170,16,-6.07,252.72,237.13,776.12,0.9022,-1,-1,-1
170,7,588.25,386.78,84.50,252.13,0.6201,-1,-1,-1
170,20,1003.68,372.82,80.52,231.08,0.6332,-1,-1,-1
170,22,673.44,353.84,102.99,286.89,0.7918,-1,-1,-1
171,2,778.45,246.35,180.35,612.87,0.8563,-1,-1,-1
171,6,1078.99,290.25,200.69,508.38,0.8685,-1,-1,-1
171,14,927.41,328.59,83.22,346.50,0.7115,-1,-1,-1
171,16,-5.65,247.51,224.94,789.13,0.9018,-1,-1,-1
171,7,582.11,383.53,88.79,258.10,0.6402,-1,-1,-1
171,20,1004.78,368.37,78.45,230.98,0.6707,-1,-1,-1
171,22,665.63,352.95,110.48,291.20,0.8041,-1,-1,-1
172,2,777.02,246.81,182.52,616.46,0.8505,-1,-1,-1
172,6,1075.74,290.17,203.95,509.10,0.8735,-1,-1,-1
172,14,927.67,335.52,81.47,337.25,0.6798,-1,-1,-1
172,16,-4.86,242.72,211.43,800.04,0.8958,-1,-1,-1
172,7,575.15,384.28,95.99,260.77,0.6855,-1,-1,-1
172,20,1002.83,367.29,78.61,230.37,0.6558,-1,-1,-1
172,22,659.63,351.64,116.50,294.84,0.8317,-1,-1,-1
173,2,777.73,245.34,180.69,619.66,0.8552,-1,-1,-1
173,6,1073.86,288.92,204.15,510.82,0.8676,-1,-1,-1
173,14,926.77,336.17,79.17,335.68,0.6678,-1,-1,-1
173,16,-4.12,237.26,199.47,814.80,0.8878,-1,-1,-1
173,7,567.45,385.01,101.20,261.94,0.7057,-1,-1,-1
173,20,1002.25,370.42,78.64,224.10,0.6627,-1,-1,-1
173,22,655.87,348.75,122.15,298.34,0.8321,-1,-1,-1
173,17,1674.34,363.94,53.85,76.65,0.4416,-1,-1,-1
174,2,777.43,245.63,181.88,622.18,0.8592,-1,-1,-1
174,6,1075.41,288.69,205.33,514.70,0.8719,-1,-1,-1
174,14,927.91,335.89,78.10,336.31,0.6463,-1,-1,-1
174,16,-3.32,233.06,190.16,827.95,0.8844,-1,-1,-1
174,7,563.10,381.85,97.86,268.23,0.6958,-1,-1,-1
174,20,1002.92,368.22,77.47,226.96,0.6675,-1,-1,-1
174,22,654.13,346.54,126.06,301.05,0.8182,-1,-1,-1
174,17,1676.17,362.65,54.28,75.65,0.4160,-1,-1,-1
175,2,780.30,246.80,179.29,626.33,0.8637,-1,-1,-1
175,6,1078.70,288.88,205.14,518.86,0.8729,-1,-1,-1
175,14,929.95,331.83,77.90,340.68,0.6395,-1,-1,-1
175,16,-2.36,228.03,181.46,838.31,0.8854,-1,-1,-1
175,7,560.03,380.12,97.09,272.28,0.6820,-1,-1,-1
175,20,1004.15,367.78,76.67,229.72,0.6663,-1,-1,-1
175,22,652.83,345.59,129.42,303.84,0.8186,-1,-1,-1
175,17,1679.62,362.70,55.86,75.82,0.4673,-1,-1,-1
176,2,785.19,252.42,176.55,627.73,0.8478,-1,-1,-1
176,6,1082.85,290.15,204.44,520.05,0.8721,-1,-1,-1
176,14,932.94,328.25,75.40,345.21,0.6373,-1,-1,-1
176,16,-1.06,227.21,174.08,846.20,0.8836,-1,-1,-1
176,7,556.63,379.72,99.99,275.96,0.7237,-1,-1,-1
176,20,1007.94,366.96,75.27,231.26,0.6799,-1,-1,-1
176,22,653.43,346.13,129.40,309.03,0.8107,-1,-1,-1
177,2,787.40,255.98,176.38,627.43,0.8483,-1,-1,-1
177,6,1085.91,289.92,203.93,518.78,0.8748,-1,-1,-1
177,14,934.97,324.70,67.77,348.01,0.5903,-1,-1,-1
177,16,-1.18,224.60,164.68,853.34,0.8760,-1,-1,-1
177,7,554.12,379.25,101.87,275.98,0.7126,-1,-1,-1
177,20,1009.42,367.05,75.09,229.90,0.6887,-1,-1,-1
177,22,653.14,345.44,129.51,311.36,0.8152,-1,-1,-1
178,2,790.94,260.58,176.89,626.30,0.8574,-1,-1,-1
178,6,1090.00,290.17,205.65,522.84,0.8788,-1,-1,-1
178,14,940.05,327.14,60.08,351.06,0.4079,-1,-1,-1
178,16,-0.41,222.22,156.34,857.73,0.8740,-1,-1,-1
178,7,554.03,379.48,101.22,277.77,0.7328,-1,-1,-1
178,20,1013.76,369.64,74.52,229.01,0.6444,-1,-1,-1
178,22,653.30,347.59,133.08,314.23,0.8253,-1,-1,-1
179,2,793.31,262.66,176.67,625.12,0.8564,-1,-1,-1
179,6,1097.04,288.31,202.91,526.38,0.8803,-1,-1,-1
179,14,934.49,309.12,68.59,366.01,0.5756,-1,-1,-1
179,16,0.02,224.31,145.55,855.88,0.8739,-1,-1,-1
179,7,553.08,379.18,102.25,280.13,0.7101,-1,-1,-1
179,20,1016.12,373.14,74.83,224.62,0.6751,-1,-1,-1
179,22,651.54,348.81,139.28,315.40,0.8254,-1,-1,-1
179,17,1686.94,356.74,68.30,79.61,0.4426,-1,-1,-1
180,2,796.59,266.06,178.99,619.64,0.8630,-1,-1,-1
180,6,1103.29,289.96,202.44,524.87,0.8717,-1,-1,-1
180,16,0.41,228.18,134.93,852.86,0.8652,-1,-1,-1
180,7,552.87,378.85,104.13,283.56,0.7641,-1,-1,-1
180,20,1019.34,381.03,74.25,218.12,0.6105,-1,-1,-1
180,22,652.84,350.64,137.96,316.34,0.7987,-1,-1,-1
180,17,1694.85,357.54,66.86,77.58,0.4638,-1,-1,-1
181,2,798.45,266.24,182.10,618.73,0.8678,-1,-1,-1
181,6,1112.29,286.42,198.91,527.12,0.8748,-1,-1,-1
181,16,0.79,249.64,127.42,831.51,0.8625,-1,-1,-1
181,7,553.98,381.17,104.05,284.29,0.7259,-1,-1,-1
181,20,1020.76,374.60,76.33,224.97,0.6325,-1,-1,-1
181,22,654.21,351.21,138.92,319.92,0.8163,-1,-1,-1
181,17,1708.76,355.82,57.35,77.41,0.4132,-1,-1,-1
182,2,799.01,265.42,183.90,617.80,0.8722,-1,-1,-1
182,6,1119.84,285.82,197.38,527.08,0.8726,-1,-1,-1
182,16,0.90,275.40,118.59,805.32,0.8565,-1,-1,-1
182,7,555.00,382.22,106.39,286.67,0.7499,-1,-1,-1
182,20,1023.13,376.85,79.03,221.60,0.7335,-1,-1,-1
182,22,654.78,351.10,138.94,323.17,0.8205,-1,-1,-1
182,17,1714.11,354.89,58.91,77.48,0.5690,-1,-1,-1
182,14,944.35,312.14,64.50,362.13,0.4416,-1,-1,-1
183,2,801.16,264.07,189.04,612.76,0.8732,-1,-1,-1
183,6,1130.03,283.40,193.13,522.21,0.8705,-1,-1,-1
183,16,1.23,301.78,106.59,777.73,0.8433,-1,-1,-1
183,7,555.42,385.15,107.39,287.33,0.7397,-1,-1,-1
183,20,1025.87,382.15,79.97,216.90,0.6706,-1,-1,-1
183,22,655.22,349.50,142.99,325.11,0.8300,-1,-1,-1
183,17,1717.25,353.86,60.20,78.01,0.4129,-1,-1,-1
184,2,803.61,264.62,191.60,601.78,0.8759,-1,-1,-1
184,6,1134.71,282.61,192.59,517.69,0.8755,-1,-1,-1
184,16,1.34,358.62,94.01,719.12,0.8429,-1,-1,-1
184,7,556.06,387.91,109.87,285.52,0.7550,-1,-1,-1
184,20,1031.08,381.73,80.53,220.36,0.6438,-1,-1,-1
184,22,659.36,347.84,144.50,327.58,0.8309,-1,-1,-1
184,17,1725.63,353.73,60.85,77.80,0.4384,-1,-1,-1
184,14,951.33,306.26,66.88,368.79,0.4225,-1,-1,-1
185,2,804.19,262.83,193.45,598.95,0.8585,-1,-1,-1
185,6,1140.28,282.79,192.17,514.00,0.8707,-1,-1,-1
185,16,1.00,383.97,85.07,692.77,0.8066,-1,-1,-1
185,7,557.38,389.64,114.66,286.21,0.7165,-1,-1,-1
185,20,1036.71,383.89,78.14,217.88,0.6756,-1,-1,-1
185,22,666.89,334.87,140.35,343.39,0.8513,-1,-1,-1
185,17,1728.88,351.42,63.67,79.21,0.4079,-1,-1,-1
185,14,956.93,310.14,69.55,365.14,0.6058,-1,-1,-1
186,2,805.34,258.97,193.11,602.84,0.8641,-1,-1,-1
186,6,1148.72,283.84,187.28,514.32,0.8792,-1,-1,-1
186,16,0.72,396.89,82.02,679.67,0.7608,-1,-1,-1
186,7,558.12,390.35,118.04,288.02,0.7527,-1,-1,-1
186,20,1038.50,383.95,81.12,218.14,0.6856,-1,-1,-1
186,22,669.42,327.31,139.73,353.67,0.8471,-1,-1,-1
186,17,1737.38,351.82,62.73,79.00,0.4772,-1,-1,-1
186,14,961.71,315.60,68.00,360.93,0.5453,-1,-1,-1
187,2,806.80,255.05,194.43,603.94,0.8674,-1,-1,-1
187,6,1154.08,280.67,188.29,519.28,0.8826,-1,-1,-1
187,16,-0.01,414.40,64.21,661.13,0.4279,-1,-1,-1
187,7,557.81,386.96,122.71,293.18,0.7652,-1,-1,-1
187,20,1042.42,380.00,80.21,220.00,0.7038,-1,-1,-1
187,22,670.92,327.07,139.19,353.62,0.8511,-1,-1,-1
188,2,803.15,252.79,200.45,605.87,0.8690,-1,-1,-1
188,6,1155.79,279.18,188.74,520.18,0.8860,-1,-1,-1
188,7,556.72,385.45,125.32,294.51,0.7757,-1,-1,-1
188,20,1039.42,377.60,83.65,222.43,0.7109,-1,-1,-1
188,22,669.41,325.09,139.51,354.02,0.8549,-1,-1,-1
188,17,1758.90,353.49,53.17,74.57,0.4171,-1,-1,-1
189,2,800.36,252.42,203.02,609.05,0.8673,-1,-1,-1
189,6,1159.44,276.71,184.04,522.77,0.8822,-1,-1,-1
189,7,554.09,382.64,129.81,297.99,0.7088,-1,-1,-1
189,20,1038.22,375.85,84.93,223.68,0.7259,-1,-1,-1
189,22,667.17,324.21,141.42,356.29,0.8495,-1,-1,-1
189,17,1761.01,352.13,55.84,74.82,0.4733,-1,-1,-1
190,2,802.23,251.46,200.96,612.18,0.8584,-1,-1,-1
190,6,1160.56,275.56,184.50,526.05,0.8806,-1,-1,-1
190,7,549.07,380.45,137.91,301.31,0.7273,-1,-1,-1
190,20,1033.79,376.11,89.33,222.20,0.7129,-1,-1,-1
190,22,669.72,322.62,138.36,360.07,0.8446,-1,-1,-1
190,17,1759.40,353.00,59.76,76.11,0.4658,-1,-1,-1
191,2,804.16,252.87,199.02,616.62,0.8553,-1,-1,-1
191,6,1161.84,277.81,184.78,528.54,0.8796,-1,-1,-1
191,7,545.96,379.18,138.02,305.17,0.6629,-1,-1,-1
191,20,1033.76,375.23,89.86,224.79,0.6989,-1,-1,-1
191,22,670.41,323.89,136.70,362.12,0.8073,-1,-1,-1
191,17,1759.96,355.25,60.34,77.99,0.4879,-1,-1,-1
192,2,808.67,258.81,194.05,617.89,0.8579,-1,-1,-1
192,6,1161.31,283.91,183.60,528.51,0.8861,-1,-1,-1
192,7,541.37,378.77,114.89,307.49,0.7031,-1,-1,-1
192,20,1031.98,378.49,90.01,223.43,0.7029,-1,-1,-1
192,22,667.01,325.41,139.15,362.96,0.8327,-1,-1,-1
192,17,1758.57,360.00,62.67,77.64,0.4314,-1,-1,-1
193,2,808.92,263.28,194.11,617.72,0.8681,-1,-1,-1
193,6,1160.46,285.38,180.21,530.58,0.8836,-1,-1,-1
193,7,535.67,377.82,126.12,309.08,0.6637,-1,-1,-1
193,20,1029.92,377.42,89.53,226.11,0.6982,-1,-1,-1
193,22,659.17,328.97,145.68,361.97,0.7862,-1,-1,-1
193,17,1755.52,361.65,67.30,77.54,0.4426,-1,-1,-1
194,2,806.41,267.85,196.91,615.21,0.8654,-1,-1,-1
194,6,1158.96,288.23,177.88,533.82,0.8792,-1,-1,-1
194,7,530.15,378.24,130.87,312.72,0.7530,-1,-1,-1
194,20,1031.88,378.94,86.57,226.99,0.7260,-1,-1,-1
194,22,655.54,331.71,146.19,365.11,0.8255,-1,-1,-1
194,17,1755.51,363.65,67.96,79.30,0.4234,-1,-1,-1
195,2,802.49,273.67,202.61,611.48,0.8796,-1,-1,-1
195,6,1155.68,291.60,175.92,534.53,0.8688,-1,-1,-1
195,7,522.05,380.61,119.66,316.12,0.7483,-1,-1,-1
195,20,1026.96,381.52,89.32,225.93,0.7374,-1,-1,-1
195,22,646.95,336.44,151.12,367.52,0.8444,-1,-1,-1
195,17,1756.17,367.76,66.23,79.52,0.5028,-1,-1,-1
196,2,798.65,272.32,205.42,613.92,0.8865,-1,-1,-1
196,6,1150.14,294.13,175.62,536.33,0.8562,-1,-1,-1
196,7,514.92,379.99,116.72,321.85,0.7627,-1,-1,-1
196,20,1021.69,383.54,92.03,224.01,0.7186,-1,-1,-1
196,22,643.03,340.82,151.62,367.01,0.8285,-1,-1,-1
197,2,795.61,271.74,208.09,614.82,0.8946,-1,-1,-1
197,6,1145.17,294.74,174.00,536.78,0.8556,-1,-1,-1
197,7,506.71,381.77,115.51,324.15,0.7714,-1,-1,-1
197,20,1017.98,386.72,93.10,222.45,0.7606,-1,-1,-1
197,22,634.93,341.68,153.73,369.74,0.8226,-1,-1,-1
198,2,795.81,273.36,207.92,615.53,0.8890,-1,-1,-1
198,6,1139.21,297.24,176.09,530.24,0.8549,-1,-1,-1
198,7,496.45,384.77,117.69,329.64,0.7919,-1,-1,-1
198,20,1014.74,390.41,92.42,221.24,0.7204,-1,-1,-1
198,22,622.43,343.50,157.86,374.53,0.8376,-1,-1,-1
199,2,801.51,276.15,199.98,601.00,0.8820,-1,-1,-1
199,6,1133.74,298.61,178.46,539.83,0.8627,-1,-1,-1
199,7,488.10,387.83,120.73,332.60,0.8202,-1,-1,-1
199,20,1009.85,396.38,91.80,216.65,0.7434,-1,-1,-1
199,22,607.85,347.45,162.95,381.28,0.8336,-1,-1,-1
200,2,800.11,280.42,200.83,589.41,0.8845,-1,-1,-1
200,6,1126.25,300.19,181.66,541.40,0.8619,-1,-1,-1
200,7,478.72,392.20,128.52,335.85,0.7002,-1,-1,-1
200,20,1007.82,404.45,89.07,210.96,0.6664,-1,-1,-1
200,22,605.67,349.45,155.82,383.89,0.8438,-1,-1,-1
200,17,1735.21,380.97,71.76,80.10,0.5505,-1,-1,-1
201,2,799.33,281.48,197.05,588.19,0.8868,-1,-1,-1
201,6,1117.51,303.47,185.94,534.25,0.8699,-1,-1,-1
201,7,467.64,395.19,120.41,335.65,0.7716,-1,-1,-1
201,20,1006.70,397.94,83.80,219.20,0.7350,-1,-1,-1
201,22,586.41,348.51,163.22,384.90,0.7975,-1,-1,-1
201,17,1731.56,384.23,72.55,79.52,0.4134,-1,-1,-1
202,2,796.44,282.07,195.15,590.79,0.8919,-1,-1,-1
202,6,1111.17,304.63,189.09,532.39,0.8721,-1,-1,-1
202,7,458.03,399.02,126.93,335.59,0.8075,-1,-1,-1
202,20,1004.74,403.70,80.91,215.58,0.6839,-1,-1,-1
202,22,582.33,347.48,157.29,388.99,0.8090,-1,-1,-1
202,17,1726.11,384.57,74.65,81.12,0.4240,-1,-1,-1
203,2,798.20,282.69,189.70,593.43,0.8817,-1,-1,-1
203,6,1106.44,305.07,192.38,532.03,0.8731,-1,-1,-1
203,7,445.65,398.15,115.23,342.91,0.6158,-1,-1,-1
203,20,1001.21,408.03,81.60,215.03,0.7236,-1,-1,-1
203,22,577.21,345.84,157.00,395.56,0.8280,-1,-1,-1
203,17,1726.93,384.81,70.43,82.03,0.4239,-1,-1,-1
204,2,804.67,284.71,180.30,595.05,0.8649,-1,-1,-1
204,6,1104.01,304.35,192.26,531.04,0.8712,-1,-1,-1
204,7,435.76,399.25,134.29,346.33,0.7255,-1,-1,-1
204,20,1002.80,412.10,78.52,216.23,0.7367,-1,-1,-1
204,22,572.39,345.26,157.14,397.78,0.8171,-1,-1,-1
204,23,758.41,400.02,67.58,240.97,0.6658,-1,-1,-1
205,2,807.16,285.90,175.87,596.95,0.8644,-1,-1,-1
205,6,1102.40,303.83,193.14,529.99,0.8741,-1,-1,-1
205,7,426.32,399.27,142.53,349.00,0.7800,-1,-1,-1
205,20,1002.32,413.75,76.82,214.85,0.7010,-1,-1,-1
205,22,565.26,343.91,154.47,400.38,0.8010,-1,-1,-1
205,23,758.04,397.89,68.27,244.35,0.6578,-1,-1,-1
205,17,1723.10,383.07,70.58,84.18,0.4830,-1,-1,-1
206,2,808.42,287.39,172.96,598.80,0.8670,-1,-1,-1
206,6,1099.89,306.04,197.84,531.15,0.8667,-1,-1,-1
206,7,418.71,397.68,148.74,352.60,0.7962,-1,-1,-1
206,20,1000.49,415.44,78.04,212.12,0.6888,-1,-1,-1
206,22,559.22,342.77,155.50,404.61,0.8320,-1,-1,-1
206,23,756.19,396.61,69.25,248.68,0.6906,-1,-1,-1
206,17,1728.36,382.32,64.94,84.35,0.4236,-1,-1,-1
207,2,809.08,288.80,171.02,598.55,0.8645,-1,-1,-1
207,6,1096.82,307.21,202.80,533.04,0.8681,-1,-1,-1
207,7,412.16,395.90,149.52,356.24,0.8315,-1,-1,-1
207,20,1000.16,414.88,77.95,213.58,0.6986,-1,-1,-1
207,22,552.30,343.46,160.06,407.11,0.8532,-1,-1,-1
207,23,754.01,395.87,71.34,249.27,0.6905,-1,-1,-1
208,2,809.72,289.63,169.10,598.14,0.8560,-1,-1,-1
208,6,1094.46,304.98,206.85,537.96,0.8680,-1,-1,-1
208,7,404.69,394.92,146.67,358.61,0.8411,-1,-1,-1
208,20,1002.18,411.22,75.85,212.21,0.7247,-1,-1,-1
208,22,546.43,337.73,161.51,413.28,0.8587,-1,-1,-1
208,23,753.43,393.94,71.75,250.82,0.6877,-1,-1,-1
209,2,808.92,291.21,169.11,598.11,0.8554,-1,-1,-1
209,6,1094.34,305.18,209.30,540.91,0.8675,-1,-1,-1
209,7,399.03,392.50,148.12,362.27,0.8272,-1,-1,-1
209,20,1002.32,405.88,75.80,215.49,0.7160,-1,-1,-1
209,22,538.32,335.99,170.41,419.36,0.8638,-1,-1,-1
209,23,753.98,393.97,68.98,252.12,0.6307,-1,-1,-1
210,2,806.45,294.25,171.28,597.52,0.8648,-1,-1,-1
210,6,1095.14,307.95,211.12,540.50,0.8719,-1,-1,-1
210,7,392.33,390.62,148.17,365.80,0.8246,-1,-1,-1
210,20,1002.03,404.93,77.12,216.16,0.5573,-1,-1,-1
210,22,532.30,338.60,175.87,422.69,0.8501,-1,-1,-1
210,23,749.61,393.27,71.11,254.65,0.6420,-1,-1,-1
210,17,1724.96,382.51,71.34,84.69,0.4027,-1,-1,-1
211,2,804.71,294.47,173.28,599.97,0.8701,-1,-1,-1
211,6,1095.89,309.72,211.29,544.00,0.8726,-1,-1,-1
211,7,384.89,389.72,148.69,367.80,0.8250,-1,-1,-1
211,20,1003.50,414.95,74.65,206.03,0.5491,-1,-1,-1
211,22,522.20,331.76,183.73,437.38,0.8324,-1,-1,-1
211,23,746.30,393.78,71.91,257.61,0.6483,-1,-1,-1
211,17,1740.07,382.60,57.67,83.66,0.4628,-1,-1,-1
212,2,799.79,293.06,180.15,600.55,0.8608,-1,-1,-1
212,6,1095.40,313.42,213.44,542.34,0.8651,-1,-1,-1
212,7,377.10,389.26,145.86,374.78,0.8260,-1,-1,-1
212,20,1000.63,407.95,77.53,214.92,0.6687,-1,-1,-1
212,22,507.74,330.77,195.72,446.77,0.8214,-1,-1,-1
212,23,743.02,394.63,74.19,259.25,0.6523,-1,-1,-1
213,2,795.40,293.69,182.00,600.65,0.8643,-1,-1,-1
213,6,1095.00,312.29,213.36,545.87,0.8610,-1,-1,-1
213,7,368.48,390.06,149.55,384.43,0.8420,-1,-1,-1
213,20,997.08,404.49,80.49,220.11,0.7168,-1,-1,-1
213,22,504.88,337.06,194.52,446.53,0.8368,-1,-1,-1
213,23,740.16,396.09,71.57,262.91,0.6698,-1,-1,-1
214,2,792.75,298.60,183.85,593.07,0.8605,-1,-1,-1
214,6,1096.07,318.23,213.45,545.68,0.8704,-1,-1,-1
214,7,363.91,395.77,150.77,390.33,0.8434,-1,-1,-1
214,20,996.03,410.08,82.56,219.52,0.7440,-1,-1,-1
214,22,503.72,342.61,193.48,449.21,0.8454,-1,-1,-1
214,23,739.14,401.87,69.95,261.41,0.6716,-1,-1,-1
215,2,790.22,294.62,187.36,585.60,0.8647,-1,-1,-1
215,6,1100.22,314.14,211.15,552.75,0.8721,-1,-1,-1
215,7,359.95,395.78,151.03,396.14,0.8482,-1,-1,-1
215,20,995.65,406.85,85.13,221.88,0.7162,-1,-1,-1
215,22,502.20,341.06,194.75,455.28,0.8642,-1,-1,-1
215,23,738.80,400.83,68.82,261.00,0.6939,-1,-1,-1
216,2,788.39,292.64,191.06,587.13,0.8661,-1,-1,-1
216,6,1109.45,311.91,203.86,558.29,0.8832,-1,-1,-1
216,7,357.46,396.51,150.52,402.10,0.8468,-1,-1,-1
216,20,1002.25,411.78,81.50,217.91,0.7528,-1,-1,-1
216,22,500.83,338.15,193.83,465.10,0.8712,-1,-1,-1
216,23,740.98,400.69,67.57,260.13,0.6173,-1,-1,-1
217,2,787.67,290.98,193.76,588.37,0.8724,-1,-1,-1
217,6,1115.73,309.82,202.10,559.92,0.8829,-1,-1,-1
217,7,355.81,397.09,150.11,403.65,0.8455,-1,-1,-1
217,20,1006.93,415.84,81.07,215.09,0.7733,-1,-1,-1
217,22,500.62,334.46,192.96,473.37,0.8698,-1,-1,-1
217,23,743.16,398.91,67.51,265.71,0.6353,-1,-1,-1
218,2,790.71,290.32,194.39,590.87,0.8777,-1,-1,-1
218,6,1123.93,312.01,198.05,555.05,0.8742,-1,-1,-1
218,7,353.81,397.26,155.71,409.30,0.8515,-1,-1,-1
218,20,1011.33,421.97,80.32,209.59,0.7528,-1,-1,-1
218,22,502.23,328.43,190.48,483.55,0.8720,-1,-1,-1
218,23,747.36,397.86,65.84,269.83,0.6781,-1,-1,-1
219,2,795.17,290.84,195.00,591.75,0.8762,-1,-1,-1
219,6,1131.27,313.39,196.61,549.44,0.8746,-1,-1,-1
219,7,353.41,397.09,162.93,414.33,0.8510,-1,-1,-1
219,20,1016.61,420.90,81.15,214.60,0.7159,-1,-1,-1
219,22,506.13,325.03,189.52,488.75,0.8773,-1,-1,-1
219,23,750.83,398.07,66.47,272.65,0.6841,-1,-1,-1
220,2,795.86,294.17,197.45,592.78,0.8704,-1,-1,-1
220,6,1137.10,314.03,196.49,547.06,0.8721,-1,-1,-1
220,7,353.01,395.47,166.99,417.76,0.8581,-1,-1,-1
220,20,1021.02,420.03,81.20,216.11,0.7220,-1,-1,-1
220,22,509.15,322.71,188.88,492.66,0.8668,-1,-1,-1
220,23,751.73,398.29,70.43,273.42,0.6722,-1,-1,-1
220,17,1793.29,393.91,49.16,82.08,0.4108,-1,-1,-1
221,2,801.18,296.93,198.89,594.98,0.8588,-1,-1,-1
221,6,1145.08,314.59,198.17,546.32,0.8733,-1,-1,-1
221,7,351.99,391.30,170.56,423.43,0.8507,-1,-1,-1
221,20,1026.14,422.38,80.88,215.02,0.7112,-1,-1,-1
221,22,510.40,318.94,188.75,497.72,0.8653,-1,-1,-1
221,23,754.23,396.93,73.85,276.53,0.7016,-1,-1,-1
221,25,665.69,404.42,64.21,184.36,0.5404,-1,-1,-1
221,17,1798.98,394.64,52.07,84.82,0.4935,-1,-1,-1
222,2,807.19,299.31,197.01,597.44,0.8566,-1,-1,-1
222,6,1154.67,317.43,194.26,546.04,0.8892,-1,-1,-1
222,7,351.19,387.78,172.69,428.34,0.8545,-1,-1,-1
222,20,1026.10,423.64,85.68,216.26,0.7122,-1,-1,-1
222,22,511.55,315.83,189.09,503.29,0.8747,-1,-1,-1
222,23,757.51,396.97,76.77,278.15,0.7172,-1,-1,-1
222,25,668.23,406.27,67.84,187.63,0.5041,-1,-1,-1
222,17,1810.85,398.66,50.21,82.07,0.4911,-1,-1,-1
223,2,815.33,301.79,193.94,596.80,0.8708,-1,-1,-1
223,6,1162.76,317.40,191.43,547.54,0.8806,-1,-1,-1
223,7,348.48,385.93,175.57,431.28,0.8504,-1,-1,-1
223,20,1033.57,421.65,80.85,218.59,0.7051,-1,-1,-1
223,22,511.45,312.86,191.57,504.40,0.8739,-1,-1,-1
223,23,760.00,395.90,79.05,279.73,0.7202,-1,-1,-1
223,25,669.33,406.93,70.13,190.52,0.5440,-1,-1,-1
223,17,1817.08,396.76,52.22,84.71,0.4958,-1,-1,-1
224,2,821.96,304.37,193.88,594.68,0.8797,-1,-1,-1
224,6,1169.38,313.56,189.49,553.54,0.8861,-1,-1,-1
224,7,347.27,384.78,174.94,432.77,0.8485,-1,-1,-1
224,20,1038.44,419.81,80.78,219.15,0.7568,-1,-1,-1
224,22,509.94,306.65,195.14,512.56,0.8765,-1,-1,-1
224,23,761.45,393.61,82.06,284.62,0.8185,-1,-1,-1
224,25,671.43,406.65,70.19,195.35,0.4122,-1,-1,-1
224,17,1823.12,395.62,55.55,87.38,0.4425,-1,-1,-1
225,2,826.35,304.20,198.36,594.15,0.8805,-1,-1,-1
225,6,1175.97,313.57,188.79,555.06,0.8826,-1,-1,-1
225,7,346.72,383.89,170.96,435.74,0.8530,-1,-1,-1
225,20,1040.12,420.64,81.57,216.93,0.7665,-1,-1,-1
225,22,507.58,301.22,199.79,523.56,0.8707,-1,-1,-1
225,23,761.46,393.03,87.02,286.75,0.8125,-1,-1,-1
225,25,672.68,404.94,69.62,201.15,0.5329,-1,-1,-1
225,17,1833.61,397.52,54.26,84.82,0.4401,-1,-1,-1
226,2,834.42,302.75,196.62,589.52,0.8722,-1,-1,-1
226,6,1179.94,313.52,187.41,557.63,0.8712,-1,-1,-1
226,7,341.26,381.99,171.15,438.96,0.8617,-1,-1,-1
226,20,1039.80,422.27,82.47,214.30,0.7551,-1,-1,-1
226,22,500.94,299.64,206.11,532.37,0.8716,-1,-1,-1
226,23,760.56,393.30,92.71,288.23,0.7940,-1,-1,-1
226,25,672.24,405.25,71.58,211.96,0.6472,-1,-1,-1
226,17,1836.98,396.07,58.10,86.73,0.6333,-1,-1,-1
227,2,837.35,301.95,197.49,582.22,0.8734,-1,-1,-1
227,6,1182.97,314.26,187.94,558.62,0.8638,-1,-1,-1
227,7,334.69,379.40,171.70,447.32,0.8501,-1,-1,-1
227,20,1041.08,425.58,84.89,209.86,0.7622,-1,-1,-1
227,22,493.88,296.40,211.39,544.36,0.8763,-1,-1,-1
227,23,756.60,393.30,99.34,290.42,0.7859,-1,-1,-1
227,25,671.50,403.90,73.15,217.82,0.6699,-1,-1,-1
227,17,1839.46,397.53,62.63,85.89,0.4282,-1,-1,-1
228,2,840.24,299.66,196.25,592.33,0.8665,-1,-1,-1
228,6,1184.83,314.97,187.22,562.74,0.8641,-1,-1,-1
228,7,329.71,373.55,165.96,460.02,0.8496,-1,-1,-1
228,20,1042.54,421.89,85.47,212.64,0.7658,-1,-1,-1
228,22,477.85,292.17,225.72,553.37,0.8746,-1,-1,-1
228,23,754.52,392.99,103.81,293.08,0.7976,-1,-1,-1
228,25,667.72,401.63,77.49,225.57,0.6484,-1,-1,-1
229,2,846.34,297.75,191.61,592.77,0.8580,-1,-1,-1
229,6,1185.29,316.38,186.96,565.15,0.8665,-1,-1,-1
229,7,321.85,370.02,163.73,471.50,0.8458,-1,-1,-1
229,20,1045.46,421.36,83.88,212.91,0.7604,-1,-1,-1
229,22,471.53,290.57,228.05,557.09,0.8691,-1,-1,-1
229,23,753.91,393.60,104.35,296.00,0.8026,-1,-1,-1
229,25,663.82,401.41,80.46,228.19,0.6377,-1,-1,-1
229,17,1847.63,397.03,62.07,88.50,0.4352,-1,-1,-1
230,2,852.90,297.93,188.13,585.88,0.8512,-1,-1,-1
230,6,1186.12,317.29,186.52,565.72,0.8679,-1,-1,-1
230,7,310.23,370.87,171.58,481.05,0.8696,-1,-1,-1
230,20,1047.66,420.44,81.57,215.17,0.7609,-1,-1,-1
230,22,455.95,290.36,239.62,566.61,0.8506,-1,-1,-1
230,23,753.99,395.68,103.69,297.79,0.8083,-1,-1,-1
230,25,659.17,399.49,84.83,232.55,0.6842,-1,-1,-1
230,17,1850.17,399.00,64.44,89.16,0.4773,-1,-1,-1
231,2,859.42,298.47,183.00,578.27,0.8567,-1,-1,-1
231,6,1185.29,316.58,186.62,567.59,0.8617,-1,-1,-1
231,7,296.09,374.21,176.01,483.23,0.8452,-1,-1,-1
231,20,1047.34,418.11,80.95,217.96,0.7491,-1,-1,-1
231,22,445.01,288.41,246.98,579.49,0.8316,-1,-1,-1
231,23,753.45,395.78,103.41,300.40,0.8188,-1,-1,-1
231,25,653.44,398.30,89.97,243.08,0.6946,-1,-1,-1
231,17,1851.10,401.16,65.92,89.41,0.5354,-1,-1,-1
232,2,861.88,298.79,180.28,575.13,0.8496,-1,-1,-1
232,6,1183.28,316.84,186.43,570.39,0.8625,-1,-1,-1
232,7,278.61,373.07,177.87,492.98,0.8270,-1,-1,-1
232,20,1045.06,421.05,79.90,215.92,0.7542,-1,-1,-1
232,22,436.72,287.09,246.37,589.02,0.8571,-1,-1,-1
232,23,749.43,399.17,103.55,301.06,0.8368,-1,-1,-1
232,25,646.63,398.54,92.93,261.16,0.7757,-1,-1,-1
232,17,1851.68,402.90,65.64,90.79,0.5292,-1,-1,-1
233,2,857.82,301.54,182.19,580.39,0.8623,-1,-1,-1
233,6,1179.72,318.74,188.69,575.70,0.8611,-1,-1,-1
233,7,257.34,371.48,188.98,507.16,0.8721,-1,-1,-1
233,20,1042.21,422.55,79.83,218.79,0.7542,-1,-1,-1
233,22,425.85,285.20,247.41,603.44,0.8819,-1,-1,-1
233,23,737.84,397.15,109.91,306.00,0.8272,-1,-1,-1
233,25,637.74,403.94,95.43,275.63,0.7755,-1,-1,-1
233,17,1850.17,407.82,66.58,89.35,0.5331,-1,-1,-1
234,2,856.45,302.93,183.30,583.30,0.8706,-1,-1,-1
234,6,1174.39,321.28,192.18,575.75,0.8715,-1,-1,-1
234,7,246.20,368.76,190.25,519.84,0.8781,-1,-1,-1
234,20,1037.08,425.61,80.69,218.37,0.7213,-1,-1,-1
234,22,411.89,281.37,245.79,615.32,0.8917,-1,-1,-1
234,23,733.74,393.31,109.21,311.34,0.8215,-1,-1,-1
234,25,630.45,403.97,97.32,286.08,0.7805,-1,-1,-1
234,17,1848.48,411.70,66.81,86.51,0.4891,-1,-1,-1
235,2,855.49,303.55,184.33,587.07,0.8744,-1,-1,-1
235,6,1166.05,320.93,197.03,577.66,0.8778,-1,-1,-1
235,7,231.98,364.42,191.18,532.28,0.8850,-1,-1,-1
235,20,1036.15,426.13,79.42,217.78,0.7092,-1,-1,-1
235,22,396.49,274.14,248.63,626.26,0.8765,-1,-1,-1
235,23,724.04,391.51,111.40,314.47,0.8083,-1,-1,-1
235,25,623.89,404.03,96.49,291.76,0.7867,-1,-1,-1
235,17,1849.96,413.28,65.40,86.43,0.4453,-1,-1,-1
236,2,856.52,306.37,182.04,589.01,0.8761,-1,-1,-1
236,6,1159.15,322.94,202.12,577.49,0.8717,-1,-1,-1
236,7,218.65,362.79,194.04,537.88,0.8437,-1,-1,-1
236,20,1032.84,428.33,81.19,215.05,0.6683,-1,-1,-1
236,22,385.91,269.93,245.27,635.84,0.8691,-1,-1,-1
236,23,720.72,391.92,110.40,318.64,0.7960,-1,-1,-1
236,25,614.39,405.32,100.08,301.84,0.8305,-1,-1,-1
236,17,1850.40,415.75,65.59,85.90,0.5014,-1,-1,-1
237,2,857.78,310.48,178.42,588.99,0.8785,-1,-1,-1
237,6,1154.12,324.77,206.47,573.02,0.8788,-1,-1,-1
237,7,204.33,360.78,197.67,543.99,0.8654,-1,-1,-1
237,20,1033.50,428.23,78.15,218.20,0.6896,-1,-1,-1
237,22,375.22,265.98,243.94,643.55,0.8657,-1,-1,-1
237,23,710.95,392.81,116.38,322.01,0.7992,-1,-1,-1
237,25,607.15,406.08,99.87,306.77,0.7909,-1,-1,-1
237,17,1849.49,416.95,66.49,87.48,0.5012,-1,-1,-1
238,2,857.64,312.62,175.23,591.73,0.8762,-1,-1,-1
238,6,1148.85,328.29,211.60,566.70,0.8780,-1,-1,-1
238,7,190.11,353.97,198.72,555.86,0.8589,-1,-1,-1
238,20,1034.81,427.80,75.47,221.08,0.5363,-1,-1,-1
238,22,361.01,261.07,242.05,656.55,0.8688,-1,-1,-1
238,23,710.39,389.79,114.64,326.56,0.8140,-1,-1,-1
238,25,598.99,406.47,102.59,309.35,0.7959,-1,-1,-1
238,17,1847.51,417.11,68.31,90.46,0.5427,-1,-1,-1
239,2,856.23,317.10,173.55,591.25,0.8674,-1,-1,-1
239,6,1145.23,328.39,212.80,565.01,0.8812,-1,-1,-1
239,7,175.73,350.38,195.53,565.26,0.8871,-1,-1,-1
239,20,1031.77,427.45,72.50,224.40,0.5558,-1,-1,-1
239,22,340.63,257.61,251.99,663.48,0.8638,-1,-1,-1
239,23,702.48,388.19,118.01,330.76,0.8319,-1,-1,-1
239,25,592.04,405.57,102.31,314.15,0.7616,-1,-1,-1
239,17,1846.91,418.73,66.93,91.18,0.5648,-1,-1,-1
240,2,851.61,321.68,170.50,590.20,0.8587,-1,-1,-1
240,6,1137.10,328.22,217.24,567.13,0.8883,-1,-1,-1
240,7,154.64,346.45,202.44,574.83,0.8435,-1,-1,-1
240,20,1029.59,431.95,73.18,227.27,0.5879,-1,-1,-1
240,22,313.83,253.20,273.01,671.45,0.8766,-1,-1,-1
240,23,696.49,387.97,119.38,334.49,0.8188,-1,-1,-1
240,25,586.52,406.75,102.01,316.38,0.7664,-1,-1,-1
240,17,1842.40,421.00,68.09,92.24,0.5892,-1,-1,-1
241,2,845.62,323.54,168.40,589.60,0.8660,-1,-1,-1
241,6,1131.83,327.36,217.70,569.97,0.8764,-1,-1,-1
241,7,137.07,346.25,206.25,576.30,0.8463,-1,-1,-1
241,20,1021.06,428.97,78.04,226.77,0.4998,-1,-1,-1
241,22,302.69,250.07,268.90,678.36,0.8830,-1,-1,-1
241,23,690.88,389.01,121.01,335.69,0.8160,-1,-1,-1
241,25,578.09,407.02,102.73,323.18,0.8254,-1,-1,-1
241,17,1840.22,423.80,68.16,89.89,0.4500,-1,-1,-1
242,2,836.31,324.32,169.00,588.86,0.8503,-1,-1,-1
242,6,1128.28,327.92,217.20,570.31,0.8684,-1,-1,-1
242,7,105.77,341.27,224.28,588.61,0.8461,-1,-1,-1
242,20,1013.60,425.49,78.39,231.52,0.5242,-1,-1,-1
242,22,283.35,245.73,277.90,693.19,0.8867,-1,-1,-1
242,23,682.59,389.11,122.43,338.40,0.8128,-1,-1,-1
242,25,568.88,404.82,103.69,328.92,0.8342,-1,-1,-1
242,17,1831.71,422.14,74.12,92.86,0.4364,-1,-1,-1
243,2,827.00,321.18,172.66,590.92,0.8415,-1,-1,-1
243,6,1123.54,329.00,215.93,571.34,0.8706,-1,-1,-1
243,7,83.41,338.97,231.08,597.33,0.8168,-1,-1,-1
243,20,1007.81,425.93,78.49,239.31,0.5489,-1,-1,-1
243,22,253.72,241.82,298.09,714.27,0.8871,-1,-1,-1
243,23,678.76,389.38,118.70,342.65,0.8159,-1,-1,-1
243,25,555.46,403.61,110.67,332.35,0.8132,-1,-1,-1
243,17,1826.57,420.98,72.68,93.97,0.5534,-1,-1,-1
244,2,817.49,318.88,176.84,591.42,0.8400,-1,-1,-1
244,6,1117.56,331.35,216.52,571.09,0.8609,-1,-1,-1
244,7,64.33,336.53,233.57,621.05,0.8239,-1,-1,-1
244,20,1004.34,425.82,78.74,236.67,0.6817,-1,-1,-1
244,22,222.18,237.44,319.58,748.43,0.8653,-1,-1,-1
244,23,674.15,391.50,115.80,343.25,0.8387,-1,-1,-1
244,25,544.27,401.38,113.83,338.51,0.7690,-1,-1,-1
244,17,1823.15,420.97,71.65,92.90,0.5685,-1,-1,-1
245,2,805.30,317.73,182.49,587.73,0.8471,-1,-1,-1
245,6,1113.31,332.62,216.18,571.27,0.8653,-1,-1,-1
245,7,29.89,335.51,250.10,633.99,0.8574,-1,-1,-1
245,20,1002.01,416.55,76.98,240.98,0.5797,-1,-1,-1
245,22,202.45,235.79,328.16,752.24,0.8578,-1,-1,-1
245,23,666.11,392.81,117.82,345.80,0.8310,-1,-1,-1
245,25,532.44,399.60,115.39,345.35,0.7877,-1,-1,-1
245,17,1820.68,421.54,69.52,92.74,0.5657,-1,-1,-1
246,2,795.04,317.12,189.89,580.55,0.8483,-1,-1,-1
246,6,1109.00,333.21,217.94,572.90,0.8730,-1,-1,-1
246,7,12.00,334.21,248.49,643.70,0.8508,-1,-1,-1
246,20,998.31,417.57,75.63,235.15,0.6104,-1,-1,-1
246,22,182.79,232.97,339.00,789.27,0.8850,-1,-1,-1
246,23,654.92,392.37,121.92,351.99,0.8207,-1,-1,-1
246,25,521.03,398.06,120.48,350.96,0.8030,-1,-1,-1
246,17,1817.89,421.62,68.46,92.28,0.5318,-1,-1,-1
247,2,788.50,317.26,194.12,577.46,0.8436,-1,-1,-1
247,6,1104.42,335.27,220.25,573.65,0.8730,-1,-1,-1
247,7,-3.63,335.09,248.44,656.47,0.8650,-1,-1,-1
247,20,994.47,427.15,74.74,225.63,0.5127,-1,-1,-1
247,22,151.79,230.25,357.77,811.19,0.8750,-1,-1,-1
247,23,646.39,393.28,125.77,355.65,0.8231,-1,-1,-1
247,25,512.45,398.46,119.44,358.87,0.7666,-1,-1,-1
247,17,1811.79,421.15,69.74,92.67,0.5252,-1,-1,-1
248,2,782.91,320.32,201.10,576.66,0.8275,-1,-1,-1
248,6,1099.78,336.67,221.91,580.45,0.8771,-1,-1,-1
248,7,-8.26,336.38,240.46,674.94,0.8501,-1,-1,-1
248,20,991.61,426.58,73.16,235.03,0.4317,-1,-1,-1
248,22,117.75,230.28,379.94,815.97,0.8776,-1,-1,-1
248,23,639.77,397.14,126.12,358.38,0.7830,-1,-1,-1
248,25,504.59,400.48,117.78,366.29,0.8087,-1,-1,-1
249,2,778.51,323.08,197.89,577.82,0.8299,-1,-1,-1
249,6,1099.59,338.91,220.51,585.26,0.8771,-1,-1,-1
249,7,-9.42,349.17,217.13,686.24,0.8293,-1,-1,-1
249,22,95.11,227.27,386.31,835.43,0.8827,-1,-1,-1
249,23,631.92,397.04,130.50,366.05,0.7800,-1,-1,-1
249,25,496.39,403.34,121.92,375.98,0.7966,-1,-1,-1
249,29,940.60,370.53,66.32,378.53,0.5871,-1,-1,-1
249,17,1804.68,424.91,70.99,91.58,0.4912,-1,-1,-1
250,2,775.50,322.73,197.87,581.52,0.8366,-1,-1,-1
250,6,1100.76,339.74,219.56,588.21,0.8789,-1,-1,-1
250,7,-7.20,346.06,195.82,714.71,0.8306,-1,-1,-1
250,22,79.25,222.90,388.17,849.31,0.8587,-1,-1,-1
250,23,628.43,397.01,132.15,371.94,0.8157,-1,-1,-1
250,25,492.34,406.28,121.94,380.97,0.7876,-1,-1,-1
250,29,937.90,373.07,70.72,378.58,0.5598,-1,-1,-1
251,2,774.02,326.54,196.79,584.76,0.8484,-1,-1,-1
251,6,1102.27,339.93,218.17,591.72,0.8796,-1,-1,-1
251,7,-5.85,342.32,180.23,730.07,0.8394,-1,-1,-1
251,22,68.63,218.72,382.20,859.81,0.8853,-1,-1,-1
251,23,625.06,398.93,134.01,376.13,0.8166,-1,-1,-1
251,25,486.34,411.54,126.14,383.42,0.8384,-1,-1,-1
251,29,938.59,372.85,68.54,382.11,0.4813,-1,-1,-1
252,2,773.48,329.24,193.02,589.23,0.8512,-1,-1,-1
252,6,1103.35,341.70,217.32,592.11,0.8808,-1,-1,-1
252,7,-4.16,340.32,162.61,736.20,0.8276,-1,-1,-1
252,22,62.68,213.20,373.54,866.85,0.8886,-1,-1,-1
252,23,614.33,400.17,142.75,379.98,0.8205,-1,-1,-1
252,25,479.12,414.33,131.08,385.00,0.8333,-1,-1,-1
252,29,937.00,364.22,74.78,393.43,0.4311,-1,-1,-1
253,2,772.83,329.79,192.49,594.94,0.8523,-1,-1,-1
253,6,1107.41,340.62,215.96,594.99,0.8716,-1,-1,-1
253,7,-3.51,337.29,144.15,742.28,0.8348,-1,-1,-1
253,22,61.30,204.73,361.06,870.75,0.9057,-1,-1,-1
253,23,604.64,398.00,150.78,380.42,0.8347,-1,-1,-1
253,25,472.81,413.41,135.64,390.42,0.8361,-1,-1,-1
253,29,933.84,368.49,78.84,388.13,0.4849,-1,-1,-1
254,2,774.28,333.66,194.19,595.62,0.8485,-1,-1,-1
254,6,1111.62,340.39,213.15,593.38,0.8703,-1,-1,-1
254,7,-1.33,337.60,127.18,741.86,0.8302,-1,-1,-1
254,22,49.57,199.08,357.56,875.80,0.9119,-1,-1,-1
254,23,602.70,399.21,153.57,381.54,0.8475,-1,-1,-1
254,25,470.01,416.36,135.83,395.89,0.8382,-1,-1,-1
254,29,940.60,384.63,102.06,379.12,0.6339,-1,-1,-1
255,2,776.78,337.90,198.60,594.11,0.8591,-1,-1,-1
255,6,1115.72,338.75,213.82,591.41,0.8780,-1,-1,-1
255,7,-0.26,334.84,108.84,744.50,0.7595,-1,-1,-1
255,22,33.48,190.60,363.91,885.39,0.9113,-1,-1,-1
255,23,600.93,399.49,156.64,384.36,0.8397,-1,-1,-1
255,25,468.59,416.76,135.65,400.77,0.8348,-1,-1,-1
255,29,944.68,393.96,115.55,372.69,0.6908,-1,-1,-1
255,17,1820.83,423.14,75.44,91.43,0.4643,-1,-1,-1
256,2,783.89,344.76,194.89,590.28,0.8654,-1,-1,-1
256,6,1120.98,340.84,215.26,586.25,0.8771,-1,-1,-1
256,7,0.28,334.46,94.09,742.88,0.7023,-1,-1,-1
256,22,16.72,181.12,373.09,897.01,0.9073,-1,-1,-1
256,23,597.95,401.48,162.09,388.17,0.8377,-1,-1,-1
256,25,466.67,416.56,139.27,407.14,0.8295,-1,-1,-1
256,29,948.90,397.06,125.61,372.33,0.6646,-1,-1,-1
256,17,1823.61,424.03,81.99,92.52,0.5408,-1,-1,-1
257,2,789.87,350.50,194.48,584.56,0.8738,-1,-1,-1
257,6,1127.52,341.56,214.02,581.18,0.8827,-1,-1,-1
257,7,0.22,397.13,81.89,674.36,0.5348,-1,-1,-1
257,22,6.47,178.79,374.58,894.77,0.9080,-1,-1,-1
257,23,596.32,401.08,163.48,395.42,0.8299,-1,-1,-1
257,25,465.01,416.19,140.92,412.18,0.8237,-1,-1,-1
257,29,954.15,416.01,129.71,355.44,0.5346,-1,-1,-1
258,2,796.28,350.52,191.74,584.35,0.8659,-1,-1,-1
258,6,1134.00,340.50,211.98,580.86,0.8779,-1,-1,-1
258,22,-0.73,173.42,375.25,897.54,0.9188,-1,-1,-1
258,23,594.18,400.40,165.08,403.58,0.8384,-1,-1,-1
258,25,463.97,413.58,139.25,415.55,0.8268,-1,-1,-1
258,29,960.25,435.25,129.78,335.54,0.5035,-1,-1,-1
258,17,1828.00,421.07,86.77,95.67,0.4481,-1,-1,-1
259,2,800.28,350.87,190.99,586.12,0.8702,-1,-1,-1
259,6,1139.10,340.42,209.42,581.03,0.8936,-1,-1,-1
259,22,-4.00,167.74,373.72,902.20,0.9223,-1,-1,-1
259,23,588.88,403.01,169.58,403.72,0.8511,-1,-1,-1
259,25,459.87,410.51,138.27,416.36,0.8326,-1,-1,-1
259,29,963.60,431.12,129.38,340.65,0.5845,-1,-1,-1
259,17,1843.55,421.50,75.18,94.49,0.4239,-1,-1,-1
260,2,804.43,348.97,191.40,587.66,0.8502,-1,-1,-1
260,6,1144.95,340.00,206.16,585.77,0.8958,-1,-1,-1
260,22,-4.88,159.65,369.52,910.86,0.9303,-1,-1,-1
260,23,584.68,407.18,173.57,403.27,0.8414,-1,-1,-1
260,25,454.02,407.81,141.56,421.42,0.8239,-1,-1,-1
260,29,975.38,433.39,121.23,336.49,0.5952,-1,-1,-1
261,2,814.21,345.33,185.59,578.42,0.8507,-1,-1,-1
261,6,1148.54,339.91,204.32,588.28,0.9040,-1,-1,-1
261,22,-4.96,150.99,363.06,921.07,0.9334,-1,-1,-1
261,23,584.57,409.46,171.73,405.97,0.8246,-1,-1,-1
261,25,449.97,404.46,143.59,425.39,0.8192,-1,-1,-1
261,29,977.32,433.08,121.76,338.59,0.6731,-1,-1,-1
262,2,821.00,342.68,182.06,570.83,0.8614,-1,-1,-1
262,6,1151.97,339.39,203.35,590.36,0.9056,-1,-1,-1
262,22,-4.52,142.91,353.70,930.26,0.9328,-1,-1,-1
262,23,589.13,410.40,162.95,409.12,0.7842,-1,-1,-1
262,25,445.82,403.17,144.15,432.21,0.8476,-1,-1,-1
262,29,978.47,431.33,124.17,341.21,0.6616,-1,-1,-1
262,30,784.10,455.12,58.17,207.56,0.5735,-1,-1,-1
262,17,1859.94,422.67,60.83,95.22,0.4682,-1,-1,-1
263,2,826.20,341.15,176.99,566.09,0.8498,-1,-1,-1
263,6,1155.99,337.22,202.21,593.30,0.9056,-1,-1,-1
263,22,-3.97,130.80,341.77,941.72,0.9311,-1,-1,-1
263,23,588.57,408.03,157.02,417.37,0.7176,-1,-1,-1
263,25,440.41,400.25,144.49,439.55,0.8473,-1,-1,-1
263,29,983.48,428.62,123.72,343.78,0.6632,-1,-1,-1
263,30,784.25,451.89,60.30,211.38,0.5929,-1,-1,-1
264,2,827.11,339.70,176.04,564.07,0.8389,-1,-1,-1
264,6,1158.71,335.57,202.20,595.41,0.8981,-1,-1,-1
264,22,-3.43,122.16,327.95,948.53,0.9193,-1,-1,-1
264,23,585.78,404.28,154.06,424.34,0.7754,-1,-1,-1
264,25,428.82,395.23,154.15,452.66,0.8482,-1,-1,-1
264,29,984.67,423.51,130.23,349.64,0.6286,-1,-1,-1
264,30,786.43,448.75,59.37,216.06,0.6359,-1,-1,-1
265,2,829.88,331.67,171.04,567.07,0.8412,-1,-1,-1
265,6,1160.02,333.43,202.69,597.78,0.8976,-1,-1,-1
265,22,-2.99,113.29,310.28,954.97,0.8963,-1,-1,-1
265,23,583.20,397.82,148.90,425.12,0.7812,-1,-1,-1
265,25,416.80,393.43,161.71,456.64,0.8464,-1,-1,-1
265,29,993.58,416.52,128.41,354.38,0.7844,-1,-1,-1
265,30,786.54,444.87,61.55,226.79,0.6921,-1,-1,-1
266,2,832.66,325.52,168.69,573.97,0.8497,-1,-1,-1
266,6,1161.39,331.43,202.56,600.84,0.8978,-1,-1,-1
266,22,-2.24,114.29,287.47,948.52,0.8295,-1,-1,-1
266,23,576.27,391.16,150.72,428.32,0.7627,-1,-1,-1
266,25,407.40,394.82,161.14,457.54,0.8254,-1,-1,-1
266,29,997.14,410.84,136.85,357.81,0.7645,-1,-1,-1
266,30,786.15,443.19,64.62,230.34,0.7491,-1,-1,-1
266,17,1876.90,419.20,43.46,95.48,0.4603,-1,-1,-1
267,2,836.66,323.05,165.33,577.22,0.8438,-1,-1,-1
267,6,1163.21,329.95,202.58,603.07,0.8954,-1,-1,-1
267,22,-1.89,194.82,259.29,862.25,0.8200,-1,-1,-1
267,23,554.22,381.93,169.60,441.47,0.8280,-1,-1,-1
267,25,403.12,390.25,156.48,464.90,0.8342,-1,-1,-1
267,29,1005.34,406.88,134.72,358.90,0.7736,-1,-1,-1
267,30,786.34,441.91,67.35,235.06,0.7602,-1,-1,-1
267,17,1881.88,418.38,38.05,95.07,0.4990,-1,-1,-1
268,2,842.41,323.14,158.14,579.15,0.8447,-1,-1,-1
268,6,1163.96,328.00,202.79,604.61,0.8972,-1,-1,-1
268,22,-1.36,225.90,220.07,784.47,0.8357,-1,-1,-1
268,23,550.99,375.57,169.47,450.66,0.8387,-1,-1,-1
268,25,400.31,389.04,154.87,469.77,0.8424,-1,-1,-1
268,29,1010.50,404.51,132.78,361.57,0.8020,-1,-1,-1
268,30,785.69,440.94,70.81,237.36,0.7922,-1,-1,-1
268,17,1884.06,416.69,35.67,95.61,0.4883,-1,-1,-1
269,2,846.54,323.20,152.00,579.42,0.8459,-1,-1,-1
269,6,1163.30,324.68,203.34,610.39,0.8879,-1,-1,-1
269,22,-1.15,224.52,187.75,806.80,0.8226,-1,-1,-1
269,23,546.96,364.87,168.33,461.48,0.8324,-1,-1,-1
269,25,393.66,380.93,156.02,480.42,0.8692,-1,-1,-1
269,29,1006.17,401.15,140.15,368.54,0.7270,-1,-1,-1
269,30,784.52,438.12,71.41,237.17,0.7774,-1,-1,-1
269,17,1885.17,413.46,34.02,98.26,0.4548,-1,-1,-1
270,2,836.47,319.76,161.99,581.65,0.8153,-1,-1,-1
270,6,1162.04,318.86,203.08,614.46,0.8820,-1,-1,-1
270,22,-1.14,222.18,156.38,606.40,0.5937,-1,-1,-1
270,23,542.15,353.32,171.00,471.69,0.8409,-1,-1,-1
270,25,385.04,371.70,161.78,488.74,0.8760,-1,-1,-1
270,29,1004.40,397.15,145.67,372.10,0.6428,-1,-1,-1
270,30,782.80,434.39,71.77,234.90,0.7537,-1,-1,-1
271,2,833.89,319.59,162.99,579.59,0.7983,-1,-1,-1
271,6,1161.25,316.13,202.39,612.64,0.8906,-1,-1,-1
271,23,536.07,347.76,174.43,475.57,0.8422,-1,-1,-1
271,25,375.54,365.18,168.23,494.96,0.8749,-1,-1,-1
271,29,1008.68,395.90,141.81,373.73,0.7599,-1,-1,-1
271,30,780.85,430.67,72.13,233.61,0.7619,-1,-1,-1
272,2,837.03,316.99,152.49,577.30,0.8418,-1,-1,-1
272,6,1159.12,309.71,200.68,611.47,0.8949,-1,-1,-1
272,23,529.24,342.73,175.15,478.73,0.8574,-1,-1,-1
272,25,359.32,353.20,170.90,505.77,0.8721,-1,-1,-1
272,29,1009.13,392.89,140.07,373.26,0.7888,-1,-1,-1
272,30,776.38,425.24,72.36,230.37,0.7917,-1,-1,-1
273,2,831.84,315.81,152.90,572.86,0.8372,-1,-1,-1
273,6,1155.32,304.79,200.46,610.34,0.8988,-1,-1,-1
273,23,522.94,338.13,173.31,480.54,0.8676,-1,-1,-1
273,25,343.65,343.84,170.79,512.78,0.8806,-1,-1,-1
273,29,1007.66,390.66,139.48,374.71,0.7886,-1,-1,-1
273,30,769.36,419.26,74.09,229.17,0.7439,-1,-1,-1
273,17,1881.60,397.59,37.17,103.58,0.4526,-1,-1,-1
274,2,826.67,307.98,153.52,575.81,0.8516,-1,-1,-1
274,6,1150.56,300.75,202.37,606.52,0.8962,-1,-1,-1
274,23,516.87,332.95,179.07,488.49,0.8622,-1,-1,-1
274,25,331.19,333.86,168.26,518.45,0.8700,-1,-1,-1
274,29,1000.69,386.91,144.56,377.51,0.7956,-1,-1,-1
274,30,765.08,412.94,72.64,238.44,0.7058,-1,-1,-1
274,17,1879.18,391.08,38.97,107.24,0.4729,-1,-1,-1
275,2,815.39,301.65,163.23,575.36,0.8568,-1,-1,-1
275,6,1141.26,294.37,208.90,601.99,0.8891,-1,-1,-1
275,23,506.71,325.44,184.99,496.10,0.8633,-1,-1,-1
275,25,316.64,322.55,174.75,525.10,0.8608,-1,-1,-1
275,29,990.87,381.06,151.73,381.22,0.8150,-1,-1,-1
275,30,758.43,404.38,72.09,247.74,0.6670,-1,-1,-1
275,17,1873.50,391.59,44.43,103.91,0.4513,-1,-1,-1
276,2,806.73,290.92,164.30,579.83,0.8376,-1,-1,-1
276,6,1135.89,288.66,212.14,596.62,0.8892,-1,-1,-1
276,23,498.21,317.80,187.46,505.31,0.8690,-1,-1,-1
276,25,301.18,315.62,180.76,531.42,0.8738,-1,-1,-1
276,29,983.91,373.99,154.60,386.00,0.8268,-1,-1,-1
276,30,752.61,398.31,70.29,252.00,0.6718,-1,-1,-1
277,2,798.31,282.83,164.72,571.22,0.8437,-1,-1,-1
277,6,1130.30,280.86,215.05,595.48,0.8845,-1,-1,-1
277,23,488.49,306.01,188.70,509.61,0.8566,-1,-1,-1
277,25,288.10,303.65,178.88,545.17,0.8822,-1,-1,-1
277,29,988.58,366.75,145.80,392.57,0.7620,-1,-1,-1
277,30,744.56,391.67,69.08,250.33,0.6602,-1,-1,-1
277,34,938.97,325.67,66.04,412.62,0.4947,-1,-1,-1
278,2,788.00,277.22,167.43,564.21,0.8565,-1,-1,-1
278,6,1124.88,274.45,215.44,596.05,0.8731,-1,-1,-1
278,23,480.03,297.65,185.74,523.37,0.8625,-1,-1,-1
278,25,273.75,298.57,178.03,553.93,0.8597,-1,-1,-1
278,29,979.98,356.39,151.68,398.40,0.7672,-1,-1,-1
278,30,739.82,386.71,65.39,243.08,0.6231,-1,-1,-1
278,34,935.74,340.59,85.50,387.34,0.4707,-1,-1,-1
279,2,778.29,268.99,173.73,563.13,0.8402,-1,-1,-1
279,6,1121.67,266.33,217.21,596.64,0.8720,-1,-1,-1
279,23,472.92,292.20,185.00,530.72,0.8795,-1,-1,-1
279,25,259.15,291.87,185.37,566.53,0.8748,-1,-1,-1
279,29,976.99,346.41,153.72,402.17,0.7963,-1,-1,-1
279,30,733.84,377.13,66.11,243.08,0.6374,-1,-1,-1
279,34,928.39,312.10,79.70,402.02,0.6059,-1,-1,-1
279,17,1862.03,374.00,55.43,99.13,0.4471,-1,-1,-1
280,2,774.10,260.15,173.64,562.06,0.8442,-1,-1,-1
280,6,1118.55,257.01,219.63,600.20,0.8696,-1,-1,-1
280,23,468.58,281.61,184.48,542.81,0.8746,-1,-1,-1
280,25,246.89,279.20,188.17,579.49,0.8669,-1,-1,-1
280,29,979.76,335.55,151.00,406.86,0.7760,-1,-1,-1
280,30,730.40,369.93,66.00,246.19,0.6923,-1,-1,-1
280,34,925.87,300.01,77.96,407.47,0.4325,-1,-1,-1
280,17,1862.68,369.47,56.49,96.84,0.4226,-1,-1,-1
281,2,774.92,251.15,173.70,557.21,0.8473,-1,-1,-1
281,6,1119.61,249.85,219.06,600.53,0.8828,-1,-1,-1
281,23,463.91,271.58,187.27,552.96,0.8881,-1,-1,-1
281,25,235.24,270.19,196.87,589.66,0.8721,-1,-1,-1
281,29,982.30,322.09,149.72,416.65,0.7970,-1,-1,-1
281,30,729.01,365.00,62.83,239.15,0.6351,-1,-1,-1
281,34,923.29,281.41,82.37,417.73,0.6057,-1,-1,-1
281,17,1865.48,363.04,54.65,96.10,0.4036,-1,-1,-1
282,2,765.86,238.61,183.14,565.89,0.8555,-1,-1,-1
282,6,1117.76,240.10,220.11,604.54,0.8779,-1,-1,-1
282,23,458.90,250.62,191.81,568.88,0.8818,-1,-1,-1
282,25,225.33,253.53,203.89,599.77,0.8828,-1,-1,-1
282,29,985.26,308.66,146.72,421.90,0.7747,-1,-1,-1
282,30,727.42,355.28,62.66,245.06,0.6158,-1,-1,-1
282,34,920.31,269.90,79.99,414.80,0.4657,-1,-1,-1
283,2,762.97,230.35,187.27,567.97,0.8245,-1,-1,-1
283,6,1118.87,229.41,221.78,607.34,0.8831,-1,-1,-1
283,23,453.45,232.52,197.39,577.04,0.8750,-1,-1,-1
283,25,213.42,239.61,212.31,610.20,0.8723,-1,-1,-1
283,29,985.72,298.56,148.03,428.42,0.7853,-1,-1,-1
283,30,726.38,346.11,62.51,250.49,0.6340,-1,-1,-1
283,34,919.96,260.80,76.35,415.33,0.5167,-1,-1,-1
283,17,1870.59,345.00,50.53,101.13,0.4122,-1,-1,-1
284,2,763.58,222.63,189.06,568.70,0.8240,-1,-1,-1
284,6,1120.87,220.60,223.11,613.53,0.8842,-1,-1,-1
284,23,445.10,220.85,206.83,577.72,0.8763,-1,-1,-1
284,25,204.52,226.80,216.90,626.59,0.8726,-1,-1,-1
284,29,980.95,288.85,157.70,434.89,0.7919,-1,-1,-1
284,30,725.39,340.69,63.71,247.03,0.6227,-1,-1,-1
284,34,919.36,252.84,74.78,418.49,0.5821,-1,-1,-1
285,2,766.38,214.84,187.11,572.20,0.8502,-1,-1,-1
285,6,1122.67,212.39,225.18,618.36,0.8894,-1,-1,-1
285,23,437.70,207.98,215.73,589.32,0.8819,-1,-1,-1
285,25,194.80,213.76,222.49,636.12,0.8813,-1,-1,-1
285,29,981.93,281.36,161.34,439.65,0.7200,-1,-1,-1
285,30,725.82,332.80,64.97,250.53,0.6385,-1,-1,-1
286,2,770.69,209.54,184.47,573.43,0.8569,-1,-1,-1
286,6,1125.15,205.86,225.83,622.76,0.8912,-1,-1,-1
286,23,434.64,193.32,219.57,597.29,0.8973,-1,-1,-1
286,25,182.67,201.33,226.60,646.04,0.8713,-1,-1,-1
286,29,977.02,273.13,173.88,452.79,0.7824,-1,-1,-1
286,30,725.31,324.35,68.00,253.50,0.6690,-1,-1,-1
286,35,666.18,360.27,37.77,144.10,0.4432,-1,-1,-1
286,34,920.92,235.45,75.34,425.11,0.4858,-1,-1,-1
287,2,777.01,202.94,179.18,574.31,0.8645,-1,-1,-1
287,6,1126.46,200.32,231.62,621.61,0.8860,-1,-1,-1
287,23,432.05,179.31,222.71,607.19,0.9020,-1,-1,-1
287,25,173.04,187.82,229.40,655.20,0.8782,-1,-1,-1
287,29,976.18,262.30,182.83,458.92,0.7522,-1,-1,-1
287,30,726.26,314.22,71.52,259.14,0.7310,-1,-1,-1
287,34,922.51,230.12,78.89,423.57,0.5895,-1,-1,-1
288,2,779.06,198.75,180.59,571.66,0.8553,-1,-1,-1
288,6,1137.59,192.17,229.08,624.67,0.8755,-1,-1,-1
288,23,430.40,166.78,224.43,618.85,0.8978,-1,-1,-1
288,25,166.83,177.21,229.30,662.58,0.8819,-1,-1,-1
288,29,984.56,256.74,183.21,463.53,0.6565,-1,-1,-1
288,30,730.10,305.20,71.01,261.20,0.7738,-1,-1,-1
288,34,921.64,225.32,82.27,416.64,0.4549,-1,-1,-1
288,35,672.14,340.78,40.48,151.58,0.4636,-1,-1,-1
289,2,782.37,191.05,185.29,570.44,0.8407,-1,-1,-1
289,6,1146.46,185.20,230.28,627.84,0.8709,-1,-1,-1
289,23,422.51,160.01,234.12,633.75,0.9002,-1,-1,-1
289,25,155.12,163.78,233.93,674.82,0.8979,-1,-1,-1
289,29,1000.91,253.63,172.87,468.27,0.6330,-1,-1,-1
289,30,732.25,298.66,73.28,267.40,0.7492,-1,-1,-1
289,34,927.46,222.81,77.19,406.55,0.5344,-1,-1,-1
290,2,788.23,188.36,189.85,570.37,0.8398,-1,-1,-1
290,6,1157.93,182.13,225.83,625.57,0.8728,-1,-1,-1
290,23,416.83,153.46,241.78,650.83,0.9080,-1,-1,-1
290,25,148.30,151.14,234.23,686.67,0.9037,-1,-1,-1
290,29,1019.36,246.80,162.10,478.74,0.7886,-1,-1,-1
290,30,735.12,295.18,74.24,267.44,0.7407,-1,-1,-1
290,34,936.79,224.02,92.93,408.11,0.4262,-1,-1,-1
290,35,684.32,332.40,41.07,153.70,0.4234,-1,-1,-1
291,2,796.43,183.82,185.44,567.21,0.8223,-1,-1,-1
291,6,1171.78,178.12,218.27,623.50,0.8647,-1,-1,-1
291,23,410.73,148.38,249.53,660.40,0.9072,-1,-1,-1
291,25,137.94,140.05,238.79,696.93,0.9061,-1,-1,-1
291,29,1028.78,239.06,161.38,489.06,0.7919,-1,-1,-1
291,30,738.53,288.24,76.13,269.03,0.7280,-1,-1,-1
292,2,798.73,180.89,188.03,562.04,0.8275,-1,-1,-1
292,6,1181.94,173.14,216.89,619.45,0.8790,-1,-1,-1
292,23,405.56,147.39,256.41,672.09,0.9081,-1,-1,-1
292,25,129.41,133.87,237.09,710.54,0.9045,-1,-1,-1
292,29,1034.09,233.35,165.49,492.65,0.8051,-1,-1,-1
292,30,740.49,283.26,79.83,272.27,0.7387,-1,-1,-1
293,2,808.19,176.28,184.42,555.63,0.8413,-1,-1,-1
293,6,1191.85,170.52,214.33,612.52,0.8885,-1,-1,-1
293,23,400.87,144.68,259.99,687.76,0.9056,-1,-1,-1
293,25,113.49,131.60,245.19,731.41,0.8796,-1,-1,-1
293,29,1038.81,229.99,175.14,497.12,0.8317,-1,-1,-1
293,30,744.69,278.90,82.92,274.35,0.7462,-1,-1,-1
293,34,960.00,202.05,92.99,414.74,0.6720,-1,-1,-1
294,2,818.93,173.55,180.05,553.52,0.8254,-1,-1,-1
294,6,1207.60,170.01,209.54,611.54,0.8750,-1,-1,-1
294,23,398.67,143.78,261.99,701.29,0.9051,-1,-1,-1
294,25,87.37,131.64,266.21,752.79,0.8919,-1,-1,-1
294,29,1047.11,226.89,179.40,500.98,0.8480,-1,-1,-1
294,30,750.92,278.53,86.79,274.66,0.7554,-1,-1,-1
294,34,966.37,200.00,96.69,427.15,0.7163,-1,-1,-1
295,2,827.91,179.84,179.69,550.73,0.8325,-1,-1,-1
295,6,1223.29,171.11,202.43,613.65,0.8756,-1,-1,-1
295,23,394.84,142.08,265.88,726.20,0.9053,-1,-1,-1
295,25,62.10,130.36,285.37,769.00,0.8917,-1,-1,-1
295,29,1054.38,222.26,183.66,511.10,0.8542,-1,-1,-1
295,30,757.19,278.84,89.14,277.09,0.7888,-1,-1,-1
295,34,972.96,200.65,90.79,431.39,0.6422,-1,-1,-1
296,2,837.42,177.14,174.68,554.00,0.8425,-1,-1,-1
296,6,1235.82,172.14,197.29,616.77,0.8677,-1,-1,-1
296,23,389.11,137.05,272.48,746.14,0.9053,-1,-1,-1
296,25,38.48,129.61,300.15,782.05,0.8953,-1,-1,-1
296,29,1062.01,213.00,184.61,530.37,0.8659,-1,-1,-1
296,30,760.56,277.24,92.22,279.42,0.7958,-1,-1,-1
296,34,975.54,199.56,95.07,431.18,0.6068,-1,-1,-1
297,2,849.42,177.68,165.06,555.84,0.8252,-1,-1,-1
297,6,1249.85,172.25,192.93,624.30,0.8732,-1,-1,-1
297,23,381.65,131.08,277.85,760.80,0.9120,-1,-1,-1
297,25,26.95,126.66,304.76,800.79,0.8992,-1,-1,-1
297,29,1070.71,208.32,191.68,539.85,0.8557,-1,-1,-1
297,30,767.33,276.44,90.68,279.62,0.7940,-1,-1,-1
297,34,980.31,204.67,108.27,419.23,0.6991,-1,-1,-1
298,2,856.84,179.26,163.63,556.36,0.8207,-1,-1,-1
298,6,1261.59,171.93,188.91,629.93,0.8681,-1,-1,-1
298,23,375.05,120.88,281.87,777.71,0.9057,-1,-1,-1
298,25,22.29,123.51,302.72,817.54,0.9006,-1,-1,-1
298,29,1077.82,204.64,195.60,547.82,0.8600,-1,-1,-1
298,30,772.61,277.66,90.17,276.33,0.8058,-1,-1,-1
298,34,986.09,211.55,105.40,419.41,0.6981,-1,-1,-1
299,2,865.43,180.52,157.79,556.06,0.8375,-1,-1,-1
299,6,1266.16,169.60,189.43,635.60,0.8652,-1,-1,-1
299,23,366.97,108.65,285.45,795.73,0.9076,-1,-1,-1
299,25,15.80,114.36,304.20,843.43,0.8969,-1,-1,-1
299,29,1079.90,203.23,205.00,554.25,0.8726,-1,-1,-1
299,30,777.44,277.21,91.35,279.12,0.7901,-1,-1,-1
299,34,991.54,204.97,100.97,426.82,0.6974,-1,-1,-1
300,2,868.75,183.50,156.34,558.39,0.8303,-1,-1,-1
300,6,1262.67,168.90,199.40,640.29,0.8556,-1,-1,-1
300,23,354.21,98.09,296.16,812.26,0.9086,-1,-1,-1
300,25,5.88,107.35,310.18,871.43,0.8934,-1,-1,-1
300,29,1085.23,201.31,212.74,568.42,0.8651,-1,-1,-1
300,30,781.01,277.08,94.11,280.03,0.7573,-1,-1,-1
300,34,997.68,202.52,98.09,427.39,0.7376,-1,-1,-1
301,2,872.03,182.83,154.67,559.10,0.8478,-1,-1,-1
301,6,1257.52,166.79,210.87,647.57,0.8449,-1,-1,-1
301,23,340.96,84.64,305.76,831.38,0.9150,-1,-1,-1
301,25,-3.86,98.44,311.59,892.23,0.9062,-1,-1,-1
301,29,1089.35,199.97,217.48,583.13,0.8557,-1,-1,-1
301,30,782.82,277.03,95.76,279.73,0.7729,-1,-1,-1
301,34,1003.37,201.67,103.03,426.33,0.7580,-1,-1,-1
302,2,875.13,184.15,153.13,558.99,0.8387,-1,-1,-1
302,6,1261.14,168.66,210.85,649.76,0.8352,-1,-1,-1
302,23,325.18,75.36,317.46,844.41,0.8990,-1,-1,-1
302,25,-7.74,86.14,301.45,915.34,0.8999,-1,-1,-1
302,29,1095.09,198.37,217.23,585.70,0.8601,-1,-1,-1
302,30,782.05,277.20,98.62,280.95,0.7839,-1,-1,-1
302,34,1007.12,201.08,101.69,426.92,0.7562,-1,-1,-1
303,2,878.32,184.63,149.63,558.19,0.8491,-1,-1,-1
303,6,1264.61,170.54,207.87,650.74,0.8203,-1,-1,-1
303,23,311.03,61.35,327.22,862.22,0.9052,-1,-1,-1
303,25,-8.71,68.46,286.62,941.25,0.9199,-1,-1,-1
303,29,1102.29,198.47,211.15,586.49,0.8450,-1,-1,-1
303,30,781.32,277.48,100.51,281.32,0.7874,-1,-1,-1
303,34,1009.38,201.91,97.46,426.86,0.7691,-1,-1,-1
304,2,875.87,184.26,149.88,560.51,0.8530,-1,-1,-1
304,6,1271.21,170.91,201.04,653.03,0.8169,-1,-1,-1
304,23,297.83,55.48,336.17,874.83,0.9151,-1,-1,-1
304,25,-7.95,51.90,258.49,962.25,0.9053,-1,-1,-1
304,29,1105.01,196.98,208.18,607.65,0.8094,-1,-1,-1
304,30,783.15,278.30,98.05,281.00,0.7857,-1,-1,-1
304,34,1010.49,205.70,96.92,423.86,0.7774,-1,-1,-1
305,2,869.42,186.63,153.75,563.57,0.8584,-1,-1,-1
305,6,1278.25,170.72,192.83,655.33,0.8156,-1,-1,-1
305,23,288.50,47.82,341.01,910.13,0.9232,-1,-1,-1
305,25,-6.40,37.52,226.95,982.03,0.8994,-1,-1,-1
305,29,1105.42,197.21,208.66,619.56,0.8279,-1,-1,-1
305,30,783.08,279.38,96.73,281.34,0.7691,-1,-1,-1
305,34,1010.27,209.82,96.44,420.77,0.7821,-1,-1,-1
306,2,862.02,185.87,158.49,563.55,0.8555,-1,-1,-1
306,6,1281.83,170.08,187.71,653.42,0.8278,-1,-1,-1
306,23,272.59,43.45,350.74,944.45,0.9223,-1,-1,-1
306,25,-5.48,31.43,203.10,1000.84,0.9007,-1,-1,-1
306,29,1104.55,196.18,210.18,640.30,0.8549,-1,-1,-1
306,30,782.63,278.95,96.54,285.24,0.7620,-1,-1,-1
306,34,1008.94,209.44,96.86,422.58,0.7791,-1,-1,-1
307,2,858.21,184.36,158.84,555.24,0.8396,-1,-1,-1
307,6,1291.04,168.79,178.00,656.14,0.8342,-1,-1,-1
307,23,252.66,38.01,365.37,974.60,0.9121,-1,-1,-1
307,25,-4.42,30.15,179.99,1027.25,0.8718,-1,-1,-1
307,29,1103.81,194.22,214.54,653.38,0.8695,-1,-1,-1
307,30,781.26,276.31,94.73,290.08,0.7257,-1,-1,-1
307,34,1004.86,211.56,100.28,420.57,0.7993,-1,-1,-1
308,2,855.31,182.19,159.80,552.25,0.8265,-1,-1,-1
308,6,1293.11,166.89,173.51,658.02,0.8201,-1,-1,-1
308,23,237.95,33.13,369.45,1003.81,0.9127,-1,-1,-1
308,25,-3.27,97.69,152.52,965.06,0.7838,-1,-1,-1
308,29,1102.76,190.71,220.69,668.89,0.8624,-1,-1,-1
308,30,779.30,275.93,93.19,289.80,0.7534,-1,-1,-1
308,34,1001.73,212.13,101.81,423.62,0.7789,-1,-1,-1
309,2,850.19,182.96,163.15,551.31,0.8232,-1,-1,-1
309,6,1293.35,168.85,167.50,654.36,0.8161,-1,-1,-1
309,23,219.68,33.30,375.80,1022.86,0.9073,-1,-1,-1
309,25,-1.78,151.62,128.81,903.75,0.8346,-1,-1,-1
309,29,1098.08,189.23,226.06,679.18,0.8720,-1,-1,-1
309,30,776.70,278.97,88.46,282.87,0.7653,-1,-1,-1
309,34,999.13,212.75,103.00,425.37,0.7737,-1,-1,-1
310,2,846.61,181.58,167.37,547.56,0.8141,-1,-1,-1
310,6,1295.94,166.60,163.87,660.01,0.8175,-1,-1,-1
310,23,199.52,26.99,385.67,1033.59,0.9192,-1,-1,-1
310,25,-1.20,175.80,109.39,635.21,0.7405,-1,-1,-1
310,29,1096.42,179.78,231.96,696.07,0.8821,-1,-1,-1
310,30,776.12,276.91,85.16,286.33,0.7566,-1,-1,-1
310,34,998.16,211.46,105.12,426.00,0.7730,-1,-1,-1
311,2,834.49,183.13,180.30,547.54,0.8268,-1,-1,-1
311,6,1299.89,165.60,160.53,656.68,0.8227,-1,-1,-1
311,23,182.68,16.64,392.00,1058.41,0.9179,-1,-1,-1
311,25,-0.49,196.67,92.11,523.73,0.7663,-1,-1,-1
311,29,1095.45,174.51,238.55,705.57,0.8850,-1,-1,-1
311,30,776.14,273.60,82.68,289.92,0.7436,-1,-1,-1
311,34,998.34,209.30,102.61,428.06,0.7597,-1,-1,-1
312,2,827.27,183.39,187.89,550.71,0.8292,-1,-1,-1
312,6,1307.16,164.78,156.01,650.55,0.8074,-1,-1,-1
312,23,165.01,7.08,399.74,1073.15,0.9187,-1,-1,-1
312,29,1100.40,163.87,240.75,720.34,0.8852,-1,-1,-1
312,30,774.70,271.88,81.33,292.76,0.7624,-1,-1,-1
312,34,999.02,206.54,102.11,432.39,0.7451,-1,-1,-1
313,2,820.29,183.45,194.31,553.71,0.8410,-1,-1,-1
313,6,1307.99,163.90,154.68,649.52,0.8349,-1,-1,-1
313,23,143.16,2.25,412.75,1075.20,0.9193,-1,-1,-1
313,29,1103.43,150.03,244.36,740.50,0.9039,-1,-1,-1
313,30,771.59,270.24,81.44,296.17,0.7449,-1,-1,-1
313,34,999.93,207.14,101.75,435.49,0.7381,-1,-1,-1
314,2,815.91,183.69,195.93,553.66,0.8282,-1,-1,-1
314,6,1307.24,160.94,156.29,653.02,0.8444,-1,-1,-1
314,23,121.29,-0.27,427.45,1077.48,0.9262,-1,-1,-1
314,29,1102.78,140.94,249.71,757.03,0.9016,-1,-1,-1
314,30,767.39,270.29,83.78,294.62,0.7468,-1,-1,-1
314,34,997.88,209.54,99.16,434.68,0.7384,-1,-1,-1
315,2,817.68,182.60,191.45,552.06,0.8238,-1,-1,-1
315,6,1311.94,157.68,152.63,646.59,0.8539,-1,-1,-1
315,23,92.10,-1.62,448.36,1078.41,0.9281,-1,-1,-1
315,29,1105.41,132.98,250.82,781.67,0.8933,-1,-1,-1
315,30,765.08,269.09,84.14,296.30,0.7852,-1,-1,-1
315,34,995.43,214.85,103.00,425.49,0.7509,-1,-1,-1
316,2,816.71,182.89,191.20,552.34,0.8327,-1,-1,-1
316,6,1312.11,154.50,153.45,647.98,0.8472,-1,-1,-1
316,23,58.42,-2.27,470.88,1078.45,0.9244,-1,-1,-1
316,29,1109.18,126.28,253.23,807.38,0.8758,-1,-1,-1
316,30,761.69,266.19,85.00,298.12,0.8011,-1,-1,-1
316,34,995.60,214.65,99.39,429.27,0.7438,-1,-1,-1
317,2,815.48,181.37,191.83,553.35,0.8487,-1,-1,-1
317,6,1317.28,150.14,147.59,655.25,0.8296,-1,-1,-1
317,23,26.40,-0.93,492.02,1079.61,0.9127,-1,-1,-1
317,29,1111.23,116.58,259.90,832.55,0.8756,-1,-1,-1
317,30,760.68,263.70,84.95,299.40,0.8027,-1,-1,-1
317,34,993.44,215.44,99.12,428.57,0.7490,-1,-1,-1
318,2,816.25,181.06,189.83,550.65,0.8554,-1,-1,-1
318,6,1320.76,147.78,142.82,659.99,0.8408,-1,-1,-1
318,23,2.45,-0.48,500.17,1077.20,0.9352,-1,-1,-1
318,29,1114.05,109.87,267.34,849.71,0.8675,-1,-1,-1
318,30,756.92,261.63,87.29,298.81,0.8060,-1,-1,-1
318,34,990.28,213.44,102.23,427.24,0.7453,-1,-1,-1
319,2,814.74,177.09,190.53,553.03,0.8724,-1,-1,-1
319,6,1324.68,144.31,138.32,661.10,0.7974,-1,-1,-1
319,23,-6.81,1.68,494.96,1072.78,0.9363,-1,-1,-1
319,29,1117.37,99.32,275.01,876.63,0.8563,-1,-1,-1
319,30,747.02,260.09,96.16,300.83,0.7687,-1,-1,-1
319,34,987.34,210.51,104.52,427.91,0.7701,-1,-1,-1
320,2,811.68,172.24,192.85,552.21,0.8588,-1,-1,-1
320,6,1333.55,139.43,130.57,664.71,0.7603,-1,-1,-1
320,23,-9.87,2.68,479.27,1070.64,0.9442,-1,-1,-1
320,29,1120.52,94.29,281.27,898.81,0.8739,-1,-1,-1
320,30,742.86,257.80,98.77,304.49,0.7760,-1,-1,-1
320,34,984.39,206.31,107.06,428.42,0.7800,-1,-1,-1
321,2,807.87,167.03,195.36,556.14,0.8603,-1,-1,-1
321,6,1340.29,134.44,126.77,665.15,0.6844,-1,-1,-1
321,23,-9.69,1.71,456.27,1071.17,0.9350,-1,-1,-1
321,29,1128.69,88.20,285.40,930.03,0.8599,-1,-1,-1
321,30,739.77,255.50,99.74,306.70,0.7511,-1,-1,-1
321,34,981.63,203.07,109.73,427.94,0.7954,-1,-1,-1
322,2,816.15,165.35,187.02,554.62,0.8672,-1,-1,-1
322,23,-8.39,3.87,431.15,1068.53,0.9326,-1,-1,-1
322,29,1136.78,80.57,311.37,959.52,0.8698,-1,-1,-1
322,30,736.34,252.60,100.67,309.20,0.7627,-1,-1,-1
322,34,978.99,199.00,111.02,427.31,0.8071,-1,-1,-1
323,2,819.65,162.90,182.15,549.75,0.8679,-1,-1,-1
323,23,-6.68,4.32,402.19,1064.46,0.9174,-1,-1,-1
323,29,1141.45,71.13,328.41,982.44,0.8946,-1,-1,-1
323,30,731.95,250.34,103.35,312.93,0.7614,-1,-1,-1
323,34,976.23,196.74,113.00,423.77,0.7988,-1,-1,-1
324,2,820.52,166.62,178.51,539.44,0.8714,-1,-1,-1
324,23,-5.83,5.84,369.11,1064.78,0.9323,-1,-1,-1
324,29,1151.19,62.23,330.03,1006.50,0.9057,-1,-1,-1
324,30,728.47,251.20,103.44,316.36,0.7620,-1,-1,-1
324,34,974.68,196.07,114.07,422.45,0.7912,-1,-1,-1
325,2,826.79,166.10,171.69,538.72,0.8731,-1,-1,-1
325,23,-4.29,7.07,332.26,1062.78,0.9180,-1,-1,-1
325,29,1160.04,51.26,328.46,1025.84,0.9014,-1,-1,-1
325,30,722.90,251.98,106.18,318.05,0.7679,-1,-1,-1
325,34,974.54,195.12,114.38,424.02,0.7898,-1,-1,-1
326,2,829.71,165.06,168.59,540.37,0.8596,-1,-1,-1
326,23,-2.90,7.34,319.22,1063.14,0.8383,-1,-1,-1
326,29,1166.74,35.08,331.48,1043.21,0.9037,-1,-1,-1
326,30,715.44,250.76,111.89,320.88,0.8044,-1,-1,-1
326,34,974.77,193.87,114.18,427.42,0.7917,-1,-1,-1
327,2,831.74,167.10,166.71,542.14,0.8588,-1,-1,-1
327,23,-1.49,8.25,257.08,1063.10,0.7914,-1,-1,-1
327,29,1175.91,24.24,338.33,1055.66,0.8797,-1,-1,-1
327,30,712.59,252.39,113.22,321.78,0.8103,-1,-1,-1
327,34,975.65,195.41,112.94,429.01,0.8010,-1,-1,-1
328,2,832.45,166.98,165.50,543.37,0.8505,-1,-1,-1
328,23,-0.90,8.10,193.07,1059.47,0.5432,-1,-1,-1
328,29,1181.63,11.33,355.43,1068.60,0.8862,-1,-1,-1
328,30,712.55,251.10,110.71,320.53,0.8148,-1,-1,-1
328,34,975.88,194.91,111.93,429.90,0.7968,-1,-1,-1
329,2,839.28,165.45,162.28,550.25,0.8470,-1,-1,-1
329,23,0.08,43.08,136.47,737.82,0.6082,-1,-1,-1
329,29,1192.67,3.20,366.52,1074.40,0.8879,-1,-1,-1
329,30,710.46,249.95,113.24,323.56,0.8112,-1,-1,-1
329,34,977.19,196.43,111.77,431.02,0.7773,-1,-1,-1
330,2,844.28,163.88,159.25,558.78,0.8480,-1,-1,-1
330,29,1209.57,-0.09,369.48,1080.06,0.9027,-1,-1,-1
330,30,710.10,250.21,113.88,327.80,0.8103,-1,-1,-1
330,34,981.48,199.25,113.02,430.26,0.7864,-1,-1,-1
331,2,847.91,170.78,157.56,559.18,0.8283,-1,-1,-1
331,29,1226.27,-1.38,383.00,1077.15,0.9053,-1,-1,-1
331,30,711.32,251.65,112.70,331.19,0.7927,-1,-1,-1
331,34,985.87,202.66,113.21,431.23,0.7895,-1,-1,-1
332,2,852.92,178.07,155.09,560.30,0.8326,-1,-1,-1
332,29,1241.28,-1.41,394.13,1075.75,0.9074,-1,-1,-1
332,30,710.66,253.84,113.78,331.17,0.8177,-1,-1,-1
332,34,988.46,205.36,113.35,433.73,0.7767,-1,-1,-1
333,2,853.36,182.91,154.53,561.75,0.8342,-1,-1,-1
333,29,1260.56,-1.49,403.42,1080.13,0.8986,-1,-1,-1
333,30,708.18,255.52,115.83,331.98,0.8162,-1,-1,-1
333,34,989.34,209.09,113.23,432.86,0.7654,-1,-1,-1
333,38,826.22,235.64,65.17,287.48,0.4481,-1,-1,-1
334,2,851.38,188.99,156.54,562.39,0.8281,-1,-1,-1
334,29,1270.73,0.86,424.51,1074.97,0.8802,-1,-1,-1
334,30,704.85,256.42,118.48,336.38,0.8239,-1,-1,-1
334,34,989.72,215.21,115.38,432.03,0.7868,-1,-1,-1
334,38,824.90,237.27,66.69,268.23,0.4497,-1,-1,-1
335,2,850.66,194.04,155.26,559.25,0.8273,-1,-1,-1
335,29,1275.19,0.76,456.37,1072.80,0.8816,-1,-1,-1
335,30,702.47,257.64,119.75,339.44,0.8354,-1,-1,-1
335,34,991.68,220.14,115.35,431.85,0.7874,-1,-1,-1
335,38,823.41,238.39,68.22,322.38,0.4020,-1,-1,-1
336,2,847.32,195.98,155.76,561.09,0.8166,-1,-1,-1
336,29,1304.85,0.69,471.06,1074.30,0.8630,-1,-1,-1
336,30,699.48,259.81,120.30,340.27,0.8277,-1,-1,-1
336,34,989.60,222.55,118.54,434.32,0.7733,-1,-1,-1
336,38,819.83,238.98,69.20,327.86,0.4089,-1,-1,-1
337,2,843.74,197.74,158.12,560.10,0.8060,-1,-1,-1
337,29,1325.74,0.18,507.59,1078.36,0.8613,-1,-1,-1
337,30,693.82,259.76,121.84,346.93,0.8258,-1,-1,-1
337,34,985.51,224.39,119.02,435.20,0.7440,-1,-1,-1
337,39,1246.86,166.09,190.31,643.77,0.8166,-1,-1,-1
338,2,835.43,198.93,163.71,558.64,0.8051,-1,-1,-1
338,29,1310.60,0.97,575.15,1075.63,0.8667,-1,-1,-1
338,30,688.68,263.87,122.76,346.67,0.8236,-1,-1,-1
338,34,981.23,227.40,123.42,437.55,0.7653,-1,-1,-1
338,39,1238.05,166.15,200.78,662.18,0.7975,-1,-1,-1
338,38,811.59,242.06,70.90,366.10,0.4704,-1,-1,-1
339,2,828.39,193.68,168.68,554.93,0.8117,-1,-1,-1
339,29,1307.03,2.11,601.88,1069.09,0.8687,-1,-1,-1
339,30,684.46,266.65,123.34,350.56,0.8342,-1,-1,-1
339,34,978.27,230.04,124.09,437.46,0.7799,-1,-1,-1
339,39,1234.26,164.20,202.26,689.82,0.7663,-1,-1,-1
339,38,809.42,247.88,68.68,369.96,0.5074,-1,-1,-1
340,2,823.36,187.81,175.66,554.60,0.8297,-1,-1,-1
340,29,1313.61,-2.96,624.96,1074.77,0.9069,-1,-1,-1
340,30,680.84,265.77,123.96,355.14,0.8165,-1,-1,-1
340,34,979.03,227.05,126.36,441.15,0.7768,-1,-1,-1
340,39,1238.52,164.30,189.51,694.36,0.7245,-1,-1,-1
340,38,806.37,247.12,71.10,372.92,0.5405,-1,-1,-1
341,2,821.55,188.09,176.71,548.63,0.8322,-1,-1,-1
341,29,1316.73,-3.02,622.58,1070.13,0.7943,-1,-1,-1
341,30,678.19,266.03,123.46,357.29,0.8112,-1,-1,-1
341,34,980.34,225.72,125.99,440.48,0.7800,-1,-1,-1
341,39,1234.91,159.92,208.61,704.29,0.8385,-1,-1,-1
341,38,802.43,246.65,73.22,374.35,0.5487,-1,-1,-1
342,2,815.87,188.08,181.93,547.02,0.8410,-1,-1,-1
342,29,1323.97,-2.25,609.87,1068.45,0.7249,-1,-1,-1
342,30,673.05,262.77,126.26,362.51,0.8047,-1,-1,-1
342,34,981.28,225.36,123.54,438.85,0.7763,-1,-1,-1
342,39,1232.29,161.04,211.96,698.71,0.8682,-1,-1,-1
342,38,800.34,244.50,72.60,373.54,0.4378,-1,-1,-1
343,2,810.61,190.23,185.64,545.14,0.8416,-1,-1,-1
343,29,1333.41,-0.98,596.04,1062.31,0.8409,-1,-1,-1
343,30,668.18,259.07,126.60,365.79,0.8083,-1,-1,-1
343,34,977.95,225.37,126.52,437.35,0.7748,-1,-1,-1
343,39,1228.81,161.14,214.10,694.97,0.8766,-1,-1,-1
343,38,787.54,241.20,80.45,376.24,0.4868,-1,-1,-1
344,2,809.22,187.64,186.37,550.60,0.8395,-1,-1,-1
344,29,1360.91,-0.95,566.77,1065.00,0.6158,-1,-1,-1
344,30,663.59,257.30,125.85,366.39,0.8233,-1,-1,-1
344,34,978.17,223.96,125.53,438.01,0.7764,-1,-1,-1
344,39,1226.52,159.73,213.75,699.97,0.8709,-1,-1,-1
344,38,784.05,238.90,79.91,389.40,0.5832,-1,-1,-1
345,2,804.82,186.10,189.49,555.43,0.8207,-1,-1,-1
345,30,659.80,254.12,124.34,371.86,0.8165,-1,-1,-1
345,34,980.36,222.46,123.64,434.63,0.7704,-1,-1,-1
345,39,1223.05,149.99,220.56,710.62,0.8771,-1,-1,-1
345,38,781.56,235.91,78.70,396.11,0.5976,-1,-1,-1
346,2,796.96,187.23,192.09,555.54,0.8373,-1,-1,-1
346,30,654.46,251.02,124.03,372.68,0.8278,-1,-1,-1
346,34,971.72,218.23,130.28,432.34,0.7825,-1,-1,-1
346,39,1212.62,146.92,235.97,714.00,0.8884,-1,-1,-1
346,38,774.90,234.12,79.89,393.79,0.5097,-1,-1,-1
346,29,1445.62,1.98,481.21,908.21,0.4372,-1,-1,-1
347,2,794.85,188.75,187.92,554.31,0.8246,-1,-1,-1
347,30,645.89,248.99,125.07,373.41,0.8122,-1,-1,-1
347,34,966.47,217.06,130.10,429.88,0.7904,-1,-1,-1
347,39,1199.53,146.89,247.38,710.65,0.8844,-1,-1,-1
347,38,766.91,233.44,84.57,390.70,0.5971,-1,-1,-1
347,29,1493.03,6.75,428.80,919.70,0.7919,-1,-1,-1
348,2,796.23,189.43,184.98,552.99,0.8372,-1,-1,-1
348,30,637.88,245.07,127.17,376.99,0.8083,-1,-1,-1
348,34,963.55,215.29,130.07,428.04,0.7690,-1,-1,-1
348,39,1192.43,143.22,254.12,708.71,0.8905,-1,-1,-1
348,38,759.61,230.82,88.82,396.86,0.6798,-1,-1,-1
348,29,1556.36,15.61,364.73,921.52,0.8337,-1,-1,-1
349,2,796.93,189.68,183.96,553.72,0.8326,-1,-1,-1
349,30,629.59,238.05,130.62,386.92,0.8216,-1,-1,-1
349,34,960.12,214.22,132.07,428.71,0.7864,-1,-1,-1
349,39,1185.14,141.60,258.45,700.49,0.8941,-1,-1,-1
349,38,757.29,226.89,88.87,402.72,0.6880,-1,-1,-1
349,29,1630.51,41.75,290.64,844.57,0.6176,-1,-1,-1
350,2,796.26,191.67,183.71,550.08,0.8526,-1,-1,-1
350,30,622.77,235.83,132.33,389.82,0.8169,-1,-1,-1
350,34,960.15,215.96,128.69,428.81,0.7827,-1,-1,-1
350,39,1177.97,142.19,261.61,694.45,0.9023,-1,-1,-1
350,38,753.61,225.27,91.67,407.86,0.7421,-1,-1,-1
351,2,794.45,192.33,185.46,546.64,0.8546,-1,-1,-1
351,30,617.63,236.91,133.00,393.46,0.8098,-1,-1,-1
351,34,963.24,216.94,121.69,429.89,0.7628,-1,-1,-1
351,39,1169.84,143.48,265.80,693.30,0.9032,-1,-1,-1
351,38,749.61,222.77,92.71,413.26,0.7205,-1,-1,-1
352,2,797.16,191.27,182.04,546.93,0.8531,-1,-1,-1
352,30,611.38,235.59,133.74,397.20,0.8205,-1,-1,-1
352,34,960.37,217.08,121.09,432.66,0.7865,-1,-1,-1
352,39,1162.26,143.47,270.81,696.55,0.9019,-1,-1,-1
352,38,742.71,219.80,96.54,419.20,0.7637,-1,-1,-1
352,40,1081.15,328.43,68.57,183.02,0.4206,-1,-1,-1
353,2,799.17,189.59,181.39,548.15,0.8543,-1,-1,-1
353,30,606.41,230.67,131.40,401.96,0.8318,-1,-1,-1
353,34,958.21,216.46,119.48,432.15,0.7815,-1,-1,-1
353,39,1156.48,142.77,271.22,700.62,0.9062,-1,-1,-1
353,38,735.65,214.37,100.20,426.25,0.7589,-1,-1,-1
354,2,796.76,191.12,180.46,541.21,0.8786,-1,-1,-1
354,30,595.97,228.92,134.87,403.32,0.8403,-1,-1,-1
354,34,957.35,217.73,115.28,430.80,0.8014,-1,-1,-1
354,39,1149.58,143.34,271.64,705.83,0.9091,-1,-1,-1
354,38,727.23,212.71,106.29,430.53,0.7819,-1,-1,-1
354,40,1055.42,321.99,75.30,185.32,0.4925,-1,-1,-1
355,2,795.56,190.26,177.35,535.05,0.8716,-1,-1,-1
355,30,587.84,228.66,133.35,405.57,0.8504,-1,-1,-1
355,34,951.92,218.95,113.06,429.19,0.8027,-1,-1,-1
355,39,1143.90,143.41,273.53,709.37,0.9114,-1,-1,-1
355,38,717.61,208.99,113.32,437.48,0.7994,-1,-1,-1
355,40,1045.29,318.44,78.99,187.68,0.6032,-1,-1,-1
356,2,794.17,188.02,175.37,530.56,0.8466,-1,-1,-1
356,30,574.24,225.49,139.56,411.06,0.7325,-1,-1,-1
356,34,945.41,219.81,112.64,428.83,0.7970,-1,-1,-1
356,39,1136.68,142.38,277.81,712.01,0.9122,-1,-1,-1
356,38,711.53,207.26,112.82,441.36,0.7955,-1,-1,-1
356,40,1038.01,315.67,77.04,189.07,0.4214,-1,-1,-1
357,2,792.85,188.52,172.72,526.24,0.8535,-1,-1,-1
357,30,566.95,224.01,137.53,416.18,0.8210,-1,-1,-1
357,34,939.75,216.92,111.10,430.61,0.7734,-1,-1,-1
357,39,1133.63,141.11,275.40,715.61,0.9101,-1,-1,-1
357,38,699.48,204.56,118.36,447.02,0.8155,-1,-1,-1
357,40,1034.20,320.80,68.34,184.23,0.5086,-1,-1,-1
358,2,786.66,185.46,171.56,533.41,0.8456,-1,-1,-1
358,30,555.29,221.37,138.28,416.46,0.8382,-1,-1,-1
358,34,936.08,216.07,108.42,433.93,0.7533,-1,-1,-1
358,39,1127.31,141.26,276.69,718.33,0.9096,-1,-1,-1
358,38,686.05,200.23,124.80,452.97,0.8257,-1,-1,-1
358,40,1025.01,319.21,67.62,183.34,0.6303,-1,-1,-1
359,2,786.07,182.47,164.97,537.49,0.8553,-1,-1,-1
359,30,540.63,221.49,141.11,420.10,0.8263,-1,-1,-1
359,34,925.91,216.49,109.90,437.32,0.7785,-1,-1,-1
359,39,1120.81,140.76,278.69,720.11,0.9081,-1,-1,-1
359,38,673.13,196.08,134.06,453.59,0.7879,-1,-1,-1
359,40,1015.59,314.96,69.33,188.75,0.4342,-1,-1,-1
360,2,780.61,180.06,163.72,542.99,0.8693,-1,-1,-1
360,30,526.31,220.57,144.93,426.78,0.8213,-1,-1,-1
360,34,917.78,214.99,108.74,441.58,0.8035,-1,-1,-1
360,39,1114.76,140.53,278.57,723.47,0.9103,-1,-1,-1
360,38,658.91,193.98,140.30,458.47,0.8506,-1,-1,-1
360,40,1005.48,315.46,69.70,188.22,0.5750,-1,-1,-1
361,2,774.07,179.50,163.21,544.95,0.8703,-1,-1,-1
361,30,511.88,219.13,147.11,430.91,0.8109,-1,-1,-1
361,34,912.42,214.97,105.36,443.84,0.8197,-1,-1,-1
361,39,1110.11,140.91,276.77,726.18,0.9074,-1,-1,-1
361,38,650.09,191.33,141.75,466.33,0.8320,-1,-1,-1
361,40,994.82,313.99,72.62,190.57,0.6070,-1,-1,-1
362,2,768.91,180.98,161.71,549.87,0.8696,-1,-1,-1
362,30,494.57,222.53,151.38,431.93,0.8175,-1,-1,-1
362,34,905.76,216.68,103.92,441.12,0.7835,-1,-1,-1
362,39,1106.20,141.63,274.78,726.04,0.9081,-1,-1,-1
362,38,634.83,192.07,150.78,467.23,0.8563,-1,-1,-1
362,40,988.24,317.96,73.82,187.81,0.6265,-1,-1,-1
363,2,764.40,183.88,159.36,549.08,0.8489,-1,-1,-1
363,30,481.66,222.44,153.23,441.91,0.7931,-1,-1,-1
363,34,900.13,213.65,100.59,441.65,0.7349,-1,-1,-1
363,39,1101.94,140.40,274.67,732.59,0.9080,-1,-1,-1
363,38,619.72,191.91,158.71,470.27,0.8522,-1,-1,-1
363,40,981.97,319.34,74.47,190.12,0.5420,-1,-1,-1
364,2,763.11,188.85,155.25,549.57,0.8128,-1,-1,-1
364,30,466.18,219.97,159.51,454.14,0.7916,-1,-1,-1
364,34,896.94,211.30,98.47,441.26,0.7013,-1,-1,-1
364,39,1101.13,137.73,273.22,736.13,0.9066,-1,-1,-1
364,38,607.11,190.04,167.51,478.82,0.8518,-1,-1,-1
364,40,973.47,314.06,78.72,195.81,0.5648,-1,-1,-1
365,2,762.89,193.24,156.08,548.66,0.8135,-1,-1,-1
365,30,442.32,221.59,178.11,458.92,0.8290,-1,-1,-1
365,34,895.76,210.48,93.89,445.29,0.6420,-1,-1,-1
365,39,1101.66,137.52,270.90,737.88,0.8993,-1,-1,-1
365,38,593.07,191.74,179.45,483.79,0.8248,-1,-1,-1
365,40,968.41,316.45,81.04,195.93,0.5230,-1,-1,-1
366,2,760.66,199.04,154.31,544.66,0.8147,-1,-1,-1
366,30,438.02,222.68,174.75,462.11,0.8047,-1,-1,-1
366,34,893.81,212.34,89.99,441.53,0.6736,-1,-1,-1
366,39,1099.83,138.30,269.15,732.72,0.9022,-1,-1,-1
366,38,586.07,195.99,182.70,483.81,0.8613,-1,-1,-1
366,40,963.53,321.17,83.19,194.05,0.4406,-1,-1,-1
367,2,760.43,198.58,153.11,544.02,0.8245,-1,-1,-1
367,30,434.46,222.06,170.47,466.51,0.7961,-1,-1,-1
367,34,893.88,208.50,87.57,441.08,0.6700,-1,-1,-1
367,39,1100.21,135.53,269.13,727.51,0.9027,-1,-1,-1
367,38,587.28,193.53,180.53,489.67,0.8712,-1,-1,-1
367,40,963.08,314.03,82.79,198.51,0.4089,-1,-1,-1
368,2,760.26,198.39,153.93,545.41,0.8273,-1,-1,-1
368,30,431.58,221.14,173.67,471.82,0.8180,-1,-1,-1
368,34,894.28,206.76,85.02,437.72,0.6240,-1,-1,-1
368,39,1100.37,133.78,268.55,722.82,0.9023,-1,-1,-1
368,38,590.18,192.91,175.23,498.20,0.8601,-1,-1,-1
368,40,959.77,310.46,83.42,199.44,0.4082,-1,-1,-1
369,2,759.77,196.02,158.76,546.89,0.8538,-1,-1,-1
369,30,426.69,220.65,173.90,474.39,0.8271,-1,-1,-1
369,34,895.16,204.36,83.46,437.75,0.5820,-1,-1,-1
369,39,1102.70,133.38,266.26,717.20,0.9053,-1,-1,-1
369,38,590.02,191.20,171.09,505.13,0.8629,-1,-1,-1
369,40,959.16,313.78,85.13,197.70,0.4774,-1,-1,-1
370,2,759.73,194.73,163.23,542.18,0.8226,-1,-1,-1
370,30,422.64,221.77,174.65,476.33,0.8256,-1,-1,-1
370,34,895.95,205.40,83.78,437.89,0.6350,-1,-1,-1
370,39,1104.41,133.14,264.95,716.48,0.9057,-1,-1,-1
370,38,587.24,192.91,169.10,509.44,0.8553,-1,-1,-1
371,2,758.91,195.68,165.48,539.09,0.8487,-1,-1,-1
371,30,418.64,223.46,177.38,479.35,0.8530,-1,-1,-1
371,34,897.64,207.18,83.71,440.07,0.6904,-1,-1,-1
371,39,1106.49,133.37,261.66,720.28,0.9058,-1,-1,-1
371,38,584.30,194.66,168.50,516.53,0.8636,-1,-1,-1
372,2,761.41,195.41,164.19,539.50,0.8480,-1,-1,-1
372,30,415.80,223.67,178.24,481.80,0.8712,-1,-1,-1
372,34,901.01,208.46,81.45,442.32,0.6808,-1,-1,-1
372,39,1110.82,133.09,256.81,726.47,0.9057,-1,-1,-1
372,38,580.38,193.63,170.05,524.25,0.8649,-1,-1,-1
372,40,963.33,317.49,79.75,196.51,0.4479,-1,-1,-1
373,2,762.14,198.14,166.07,539.21,0.8569,-1,-1,-1
373,30,413.24,225.36,177.60,483.63,0.8658,-1,-1,-1
373,34,902.26,209.97,80.66,439.97,0.6623,-1,-1,-1
373,39,1113.44,136.71,254.07,729.89,0.8972,-1,-1,-1
373,38,574.91,193.42,174.32,529.15,0.8677,-1,-1,-1
373,40,965.37,322.53,81.62,195.31,0.4451,-1,-1,-1
374,2,763.19,198.32,167.48,540.43,0.8473,-1,-1,-1
374,30,409.10,225.88,176.57,487.56,0.8637,-1,-1,-1
374,34,903.34,210.68,83.52,443.42,0.6742,-1,-1,-1
374,39,1115.54,139.42,250.90,735.29,0.8924,-1,-1,-1
374,38,568.89,192.02,178.63,533.19,0.8709,-1,-1,-1
374,40,966.90,327.64,82.98,192.69,0.4818,-1,-1,-1
375,2,765.55,200.75,166.65,543.31,0.8542,-1,-1,-1
375,30,403.57,229.01,175.21,489.13,0.8468,-1,-1,-1
375,34,906.40,211.21,81.79,446.41,0.6609,-1,-1,-1
375,39,1118.51,141.21,246.57,741.18,0.8947,-1,-1,-1
375,38,561.47,191.57,186.20,541.48,0.8769,-1,-1,-1
375,40,967.34,330.35,81.87,195.02,0.5216,-1,-1,-1
376,2,768.88,203.47,164.70,546.50,0.8528,-1,-1,-1
376,30,396.52,229.50,173.26,499.35,0.8513,-1,-1,-1
376,34,908.62,217.73,81.23,447.23,0.6486,-1,-1,-1
376,39,1121.39,143.38,240.42,746.93,0.8952,-1,-1,-1
376,38,557.68,191.43,189.13,549.09,0.8625,-1,-1,-1
377,2,773.17,206.20,162.26,549.32,0.8859,-1,-1,-1
377,30,393.49,226.25,171.92,512.98,0.8409,-1,-1,-1
377,34,913.21,222.55,77.22,447.35,0.7020,-1,-1,-1
377,39,1122.45,150.63,238.39,748.14,0.8950,-1,-1,-1
377,38,550.97,188.71,194.48,554.05,0.8650,-1,-1,-1
377,40,971.61,338.59,81.33,195.11,0.4275,-1,-1,-1
378,2,780.06,211.06,157.96,547.95,0.8389,-1,-1,-1
378,30,388.75,222.23,172.03,524.54,0.8226,-1,-1,-1
378,34,915.83,230.09,76.80,441.30,0.7253,-1,-1,-1
378,39,1123.56,156.42,237.25,748.65,0.8988,-1,-1,-1
378,38,544.82,187.83,200.19,555.85,0.8593,-1,-1,-1
379,2,780.55,214.02,159.63,551.68,0.8407,-1,-1,-1
379,30,385.55,220.81,168.25,533.96,0.8023,-1,-1,-1
379,34,917.95,234.95,75.79,437.19,0.6468,-1,-1,-1
379,39,1124.53,157.42,235.91,754.29,0.8962,-1,-1,-1
379,38,537.67,188.95,205.70,560.80,0.8640,-1,-1,-1
379,44,737.33,318.64,51.12,197.40,0.4666,-1,-1,-1
379,40,972.31,339.16,83.14,201.05,0.4153,-1,-1,-1
380,2,783.51,216.70,158.82,550.02,0.8447,-1,-1,-1
380,30,377.42,216.36,172.89,546.35,0.8125,-1,-1,-1
380,34,916.71,238.72,79.68,434.56,0.7157,-1,-1,-1
380,39,1124.47,159.20,234.80,757.06,0.8913,-1,-1,-1
380,38,532.95,187.68,208.51,568.28,0.8709,-1,-1,-1
380,44,736.80,317.36,56.13,202.48,0.5992,-1,-1,-1
381,2,784.47,220.05,159.55,548.57,0.8392,-1,-1,-1
381,30,373.95,212.85,173.90,556.94,0.8109,-1,-1,-1
381,34,916.65,242.56,80.38,432.94,0.7359,-1,-1,-1
381,39,1121.96,158.96,234.33,756.43,0.8836,-1,-1,-1
381,38,524.13,184.81,213.09,577.63,0.8745,-1,-1,-1
381,44,735.18,316.42,59.26,209.71,0.6479,-1,-1,-1
382,2,784.86,220.32,159.21,546.06,0.8466,-1,-1,-1
382,30,370.43,210.44,177.17,566.78,0.8097,-1,-1,-1
382,34,918.28,244.10,82.16,434.24,0.7014,-1,-1,-1
382,39,1119.28,157.49,232.83,760.01,0.8809,-1,-1,-1
382,38,520.71,182.73,214.52,588.57,0.8719,-1,-1,-1
382,44,733.00,316.58,61.47,213.06,0.6499,-1,-1,-1
382,40,981.30,352.28,77.20,191.45,0.4968,-1,-1,-1
383,2,785.41,218.32,159.38,543.02,0.8410,-1,-1,-1
383,30,364.54,207.20,177.30,571.31,0.8214,-1,-1,-1
383,34,919.80,241.87,83.37,436.99,0.6831,-1,-1,-1
383,39,1114.27,154.86,233.18,762.07,0.8807,-1,-1,-1
383,38,513.33,179.50,220.04,599.66,0.8766,-1,-1,-1
383,44,731.49,317.07,61.38,210.59,0.6420,-1,-1,-1
383,40,983.21,353.46,74.59,189.97,0.4693,-1,-1,-1
384,2,785.83,217.59,160.79,541.32,0.8468,-1,-1,-1
384,30,356.48,205.85,180.43,574.17,0.8233,-1,-1,-1
384,34,920.08,244.09,93.90,435.51,0.5743,-1,-1,-1
384,39,1110.23,152.90,234.30,766.38,0.8834,-1,-1,-1
384,38,506.32,177.26,223.04,607.81,0.8648,-1,-1,-1
384,44,728.06,319.13,62.54,211.21,0.6527,-1,-1,-1
385,2,785.73,217.90,163.05,543.10,0.8421,-1,-1,-1
385,30,348.55,208.54,187.14,574.97,0.8393,-1,-1,-1
385,34,919.53,246.12,99.53,435.03,0.6018,-1,-1,-1
385,39,1106.90,155.86,238.53,763.12,0.8836,-1,-1,-1
385,38,504.76,176.11,222.75,616.53,0.8602,-1,-1,-1
385,44,726.49,321.56,64.54,212.65,0.6964,-1,-1,-1
386,2,782.50,215.55,166.87,536.11,0.8175,-1,-1,-1
386,30,341.48,206.87,185.27,574.07,0.8332,-1,-1,-1
386,34,920.93,244.62,91.29,429.94,0.5449,-1,-1,-1
386,39,1098.58,156.62,248.41,758.74,0.8874,-1,-1,-1
386,38,495.38,173.12,229.83,622.49,0.8638,-1,-1,-1
386,44,726.87,320.10,62.29,211.36,0.6590,-1,-1,-1
387,2,778.86,213.83,169.20,532.31,0.8362,-1,-1,-1
387,30,332.47,201.69,187.18,583.98,0.8386,-1,-1,-1
387,34,919.46,244.80,83.94,430.58,0.6180,-1,-1,-1
387,39,1088.37,156.61,259.85,752.46,0.8935,-1,-1,-1
387,38,486.13,169.03,235.46,631.47,0.8618,-1,-1,-1
387,44,722.54,318.04,64.93,212.39,0.6777,-1,-1,-1
388,2,777.74,211.96,170.82,531.74,0.8344,-1,-1,-1
388,30,322.10,194.39,190.40,595.31,0.8473,-1,-1,-1
388,34,918.04,241.30,85.01,433.15,0.5092,-1,-1,-1
388,39,1083.51,157.93,266.16,746.66,0.8875,-1,-1,-1
388,38,478.93,166.44,237.68,646.33,0.8643,-1,-1,-1
388,44,718.86,317.25,67.78,211.46,0.7096,-1,-1,-1
389,2,778.33,209.82,167.04,536.48,0.8425,-1,-1,-1
389,30,314.97,187.03,190.82,604.84,0.8410,-1,-1,-1
389,34,916.67,242.34,83.88,433.86,0.5924,-1,-1,-1
389,39,1081.70,157.56,268.74,747.75,0.8912,-1,-1,-1
389,38,476.46,162.16,236.51,657.85,0.8636,-1,-1,-1
389,44,717.14,316.85,68.87,212.59,0.6895,-1,-1,-1
390,2,777.65,210.02,164.45,539.49,0.8473,-1,-1,-1
390,30,306.39,183.67,195.83,609.63,0.8351,-1,-1,-1
390,34,915.33,242.28,81.75,433.47,0.6596,-1,-1,-1
390,39,1078.11,157.13,273.91,750.09,0.8852,-1,-1,-1
390,38,475.86,156.58,235.52,669.06,0.8716,-1,-1,-1
390,44,715.28,316.78,71.25,213.23,0.7297,-1,-1,-1
391,2,773.68,209.62,164.69,542.49,0.8497,-1,-1,-1
391,30,295.37,180.65,200.83,614.52,0.8369,-1,-1,-1
391,34,911.73,238.37,83.66,436.27,0.6521,-1,-1,-1
391,39,1069.41,157.26,283.28,754.51,0.8882,-1,-1,-1
391,38,474.40,149.81,236.93,678.88,0.8719,-1,-1,-1
391,44,711.64,316.24,74.25,213.67,0.7366,-1,-1,-1
391,40,977.37,344.32,73.37,207.89,0.6001,-1,-1,-1
392,2,771.19,210.80,164.11,545.62,0.8335,-1,-1,-1
392,30,286.71,175.74,203.01,624.66,0.8498,-1,-1,-1
392,34,908.94,235.84,82.95,439.10,0.6606,-1,-1,-1
392,39,1062.31,156.63,290.06,762.96,0.8942,-1,-1,-1
392,38,473.97,143.94,235.90,689.15,0.8750,-1,-1,-1
392,44,708.01,314.72,77.43,214.96,0.7612,-1,-1,-1
392,40,976.89,336.38,73.30,215.08,0.4818,-1,-1,-1
393,2,769.23,216.77,165.84,540.04,0.8213,-1,-1,-1
393,30,273.60,171.83,209.13,633.34,0.8570,-1,-1,-1
393,34,906.26,238.03,84.25,437.05,0.6173,-1,-1,-1
393,39,1058.08,156.81,293.98,768.49,0.8968,-1,-1,-1
393,38,471.93,139.45,234.12,696.66,0.8784,-1,-1,-1
393,44,706.11,313.97,78.37,216.79,0.7595,-1,-1,-1
393,40,974.71,331.30,74.71,219.46,0.5626,-1,-1,-1
394,2,767.16,218.66,163.05,538.73,0.8076,-1,-1,-1
394,30,260.63,165.21,216.90,642.69,0.8638,-1,-1,-1
394,34,904.79,234.99,82.33,436.01,0.6198,-1,-1,-1
394,39,1055.56,156.22,295.69,771.79,0.9046,-1,-1,-1
394,38,465.69,133.49,235.84,704.88,0.8821,-1,-1,-1
394,44,702.99,313.35,79.18,216.26,0.7511,-1,-1,-1
394,40,972.53,329.84,76.66,220.17,0.6046,-1,-1,-1
395,2,761.96,220.11,164.35,538.78,0.8036,-1,-1,-1
395,30,231.33,160.55,238.93,648.61,0.8654,-1,-1,-1
395,34,901.74,232.76,81.88,436.86,0.6269,-1,-1,-1
395,39,1052.51,155.96,298.07,776.23,0.9004,-1,-1,-1
395,38,461.34,127.38,234.95,714.55,0.8771,-1,-1,-1
395,44,700.83,311.79,79.01,217.46,0.7430,-1,-1,-1
395,40,970.87,338.04,74.37,210.82,0.6174,-1,-1,-1
396,2,759.29,222.27,162.79,535.29,0.8090,-1,-1,-1
396,30,223.33,157.34,235.10,659.89,0.8677,-1,-1,-1
396,34,899.80,235.74,81.73,433.91,0.6875,-1,-1,-1
396,39,1050.77,155.95,300.57,777.85,0.8991,-1,-1,-1
396,38,454.96,118.52,237.10,726.09,0.8803,-1,-1,-1
396,44,697.78,309.77,78.67,218.49,0.7346,-1,-1,-1
396,40,969.21,338.01,73.86,210.36,0.6421,-1,-1,-1
397,2,756.70,222.10,160.58,532.03,0.8138,-1,-1,-1
397,30,198.53,155.70,251.33,667.29,0.8703,-1,-1,-1
397,34,897.04,237.71,81.89,430.14,0.6887,-1,-1,-1
397,39,1050.24,155.77,300.46,779.87,0.8980,-1,-1,-1
397,38,445.49,110.59,242.07,736.80,0.8861,-1,-1,-1
397,44,695.72,309.14,75.65,219.94,0.7447,-1,-1,-1
397,40,967.79,337.00,75.36,210.38,0.6278,-1,-1,-1
398,2,752.13,218.94,159.78,536.00,0.8314,-1,-1,-1
398,30,174.38,148.76,268.66,684.60,0.8857,-1,-1,-1
398,34,894.05,238.31,82.82,430.12,0.6814,-1,-1,-1
398,39,1049.78,155.64,298.34,781.45,0.8983,-1,-1,-1
398,38,435.31,102.21,248.94,747.55,0.8952,-1,-1,-1
398,44,693.06,307.13,72.79,221.53,0.7578,-1,-1,-1
398,40,967.43,337.96,75.76,208.71,0.6037,-1,-1,-1
399,2,747.23,216.39,159.00,537.41,0.8551,-1,-1,-1
399,30,142.78,144.21,287.99,697.82,0.8967,-1,-1,-1
399,34,888.41,238.23,87.30,430.48,0.7181,-1,-1,-1
399,39,1050.35,155.22,295.39,784.56,0.8964,-1,-1,-1
399,38,426.88,94.40,254.05,757.03,0.8931,-1,-1,-1
399,44,691.08,304.66,69.67,224.20,0.7866,-1,-1,-1
399,40,966.84,336.04,76.00,210.81,0.6219,-1,-1,-1
400,2,740.60,216.39,159.44,531.61,0.8431,-1,-1,-1
400,30,126.13,141.54,294.34,705.80,0.8944,-1,-1,-1
400,34,882.00,238.84,91.35,431.25,0.7512,-1,-1,-1
400,39,1050.17,154.95,294.01,787.81,0.8989,-1,-1,-1
400,38,418.67,90.07,262.77,764.56,0.8946,-1,-1,-1
400,44,690.01,305.02,67.09,223.62,0.7739,-1,-1,-1
400,40,964.86,330.85,81.16,217.14,0.5422,-1,-1,-1
401,2,731.70,216.27,163.56,521.71,0.8636,-1,-1,-1
401,30,114.54,139.62,294.76,717.90,0.8956,-1,-1,-1
401,34,877.75,235.88,93.47,437.31,0.7815,-1,-1,-1
401,39,1051.27,154.56,290.72,784.90,0.8997,-1,-1,-1
401,38,412.20,84.85,270.20,775.15,0.8992,-1,-1,-1
401,44,687.29,304.11,66.03,223.80,0.7248,-1,-1,-1
401,40,964.49,329.92,83.52,217.92,0.6045,-1,-1,-1
402,2,727.77,213.39,165.45,520.40,0.8794,-1,-1,-1
402,30,109.52,136.25,290.32,728.02,0.8979,-1,-1,-1
402,34,874.65,235.07,96.92,438.70,0.8049,-1,-1,-1
402,39,1054.30,149.66,286.05,790.78,0.8973,-1,-1,-1
402,38,405.75,79.90,277.73,791.20,0.8986,-1,-1,-1
402,44,686.79,302.45,63.86,225.47,0.5678,-1,-1,-1
402,40,965.68,329.63,81.29,217.00,0.6070,-1,-1,-1
403,2,725.34,212.71,166.04,521.43,0.8769,-1,-1,-1
403,30,102.54,135.12,284.98,746.58,0.8964,-1,-1,-1
403,34,873.21,236.39,98.13,438.82,0.8047,-1,-1,-1
403,39,1058.11,149.56,281.81,796.18,0.8966,-1,-1,-1
403,38,398.41,75.63,285.88,813.31,0.9080,-1,-1,-1
403,44,686.75,303.08,62.82,227.89,0.5820,-1,-1,-1
403,40,968.80,338.82,77.74,208.15,0.5807,-1,-1,-1
404,2,723.14,212.89,166.62,523.86,0.8641,-1,-1,-1
404,30,92.42,132.18,283.27,767.99,0.9013,-1,-1,-1
404,34,872.88,237.52,99.12,443.24,0.8012,-1,-1,-1
404,39,1063.21,149.52,281.80,796.55,0.8900,-1,-1,-1
404,38,389.67,73.61,292.72,835.87,0.9093,-1,-1,-1
404,44,686.27,304.34,62.62,228.77,0.5454,-1,-1,-1
404,40,970.29,339.23,78.30,210.37,0.6391,-1,-1,-1
405,2,724.56,214.27,164.37,524.76,0.8625,-1,-1,-1
405,30,78.04,129.88,288.56,782.46,0.8915,-1,-1,-1
405,34,872.90,238.59,99.38,442.14,0.8015,-1,-1,-1
405,39,1063.86,150.52,285.34,793.24,0.8890,-1,-1,-1
405,38,378.21,73.35,302.57,842.55,0.9082,-1,-1,-1
405,44,687.22,304.12,61.32,229.81,0.5205,-1,-1,-1
405,40,971.97,338.89,79.71,211.36,0.6548,-1,-1,-1
406,2,723.45,215.65,166.49,526.05,0.8496,-1,-1,-1
406,30,58.65,128.83,301.05,791.55,0.8919,-1,-1,-1
406,34,873.23,239.22,101.46,439.74,0.7962,-1,-1,-1
406,39,1065.58,150.06,287.40,785.89,0.8773,-1,-1,-1
406,38,367.19,71.79,313.78,853.06,0.9054,-1,-1,-1
406,44,688.71,304.69,61.97,231.48,0.4906,-1,-1,-1
406,40,975.31,342.08,83.18,211.60,0.6669,-1,-1,-1
407,2,725.86,217.30,165.25,527.58,0.8585,-1,-1,-1
407,30,55.15,122.79,301.71,805.01,0.8889,-1,-1,-1
407,34,873.54,239.17,102.47,441.46,0.7979,-1,-1,-1
407,39,1070.73,149.62,284.65,780.80,0.8776,-1,-1,-1
407,38,357.12,72.55,325.98,861.56,0.9049,-1,-1,-1
407,44,689.70,305.36,63.51,234.96,0.5944,-1,-1,-1
407,40,978.18,345.76,84.24,209.29,0.6534,-1,-1,-1
408,2,725.76,219.56,166.89,528.42,0.8642,-1,-1,-1
408,30,41.44,118.11,311.56,814.56,0.9036,-1,-1,-1
408,34,872.90,239.82,104.71,441.35,0.7924,-1,-1,-1
408,39,1076.22,149.24,280.88,779.12,0.8891,-1,-1,-1
408,38,350.75,70.18,332.13,875.59,0.9037,-1,-1,-1
408,44,693.26,305.20,60.93,237.49,0.4709,-1,-1,-1
408,40,980.96,338.07,85.04,218.22,0.6136,-1,-1,-1
409,2,728.54,220.91,166.71,532.62,0.8603,-1,-1,-1
409,30,42.32,114.58,310.53,826.21,0.9047,-1,-1,-1
409,34,873.55,241.72,106.94,438.22,0.8036,-1,-1,-1
409,39,1083.47,149.98,276.16,782.63,0.8948,-1,-1,-1
409,38,350.89,67.89,330.47,894.59,0.9088,-1,-1,-1
409,44,699.19,306.76,55.34,240.43,0.4864,-1,-1,-1
409,40,986.51,342.54,79.65,212.94,0.6596,-1,-1,-1
410,2,731.91,223.60,165.84,533.89,0.8374,-1,-1,-1
410,30,38.76,111.36,314.12,836.96,0.9032,-1,-1,-1
410,34,875.38,240.57,113.52,438.21,0.7898,-1,-1,-1
410,39,1091.01,151.23,272.20,785.73,0.8921,-1,-1,-1
410,38,355.28,65.37,322.03,912.26,0.9161,-1,-1,-1
410,44,704.39,308.85,56.77,242.17,0.6059,-1,-1,-1
410,40,993.90,345.85,76.25,210.13,0.6307,-1,-1,-1
411,2,733.81,224.51,168.89,535.41,0.8013,-1,-1,-1
411,30,30.23,105.47,313.71,847.72,0.9078,-1,-1,-1
411,34,880.55,239.71,113.57,438.36,0.7869,-1,-1,-1
411,39,1099.34,149.72,267.41,793.66,0.8893,-1,-1,-1
411,38,356.35,61.24,318.16,925.58,0.9157,-1,-1,-1
411,44,710.01,308.82,54.92,242.25,0.5888,-1,-1,-1
411,40,999.76,349.74,80.07,207.94,0.6637,-1,-1,-1
412,2,736.16,225.72,171.16,533.00,0.8134,-1,-1,-1
412,30,19.88,96.57,314.11,859.84,0.9169,-1,-1,-1
412,34,887.65,236.39,110.55,442.54,0.7514,-1,-1,-1
412,39,1103.37,152.40,269.21,798.25,0.8925,-1,-1,-1
412,38,352.48,55.81,318.93,954.39,0.9129,-1,-1,-1
412,44,715.70,308.28,55.10,240.81,0.5468,-1,-1,-1
412,40,1003.94,347.14,82.42,211.45,0.7007,-1,-1,-1
412,46,653.29,342.60,54.25,191.21,0.6281,-1,-1,-1
413,2,740.73,226.02,172.02,529.69,0.8178,-1,-1,-1
413,30,5.15,89.57,320.40,869.77,0.9265,-1,-1,-1
413,34,891.10,231.57,113.39,445.09,0.7521,-1,-1,-1
413,39,1105.63,153.51,273.46,802.81,0.8973,-1,-1,-1
413,38,346.10,48.82,323.88,976.97,0.9110,-1,-1,-1
413,44,723.16,306.59,53.81,241.06,0.4619,-1,-1,-1
413,40,1010.27,344.66,80.16,213.51,0.5990,-1,-1,-1
413,46,653.19,345.62,57.93,187.92,0.6632,-1,-1,-1
414,2,748.76,226.46,168.74,526.76,0.8209,-1,-1,-1
414,30,-2.28,82.35,321.35,880.65,0.9297,-1,-1,-1
414,34,893.64,232.67,119.46,445.45,0.7817,-1,-1,-1
414,39,1109.74,153.52,274.04,806.98,0.8896,-1,-1,-1
414,38,337.70,38.98,326.74,996.80,0.9023,-1,-1,-1
414,44,727.40,303.55,55.96,241.85,0.4851,-1,-1,-1
414,40,1016.45,341.48,78.76,216.55,0.6409,-1,-1,-1
414,46,653.87,342.49,63.49,195.76,0.6429,-1,-1,-1
415,2,752.71,224.14,168.72,528.04,0.8248,-1,-1,-1
415,30,-4.47,76.72,319.47,887.34,0.9252,-1,-1,-1
415,34,899.21,236.84,118.71,441.88,0.8091,-1,-1,-1
415,39,1115.28,153.22,272.74,810.16,0.8864,-1,-1,-1
415,38,328.34,27.32,335.52,1017.28,0.9130,-1,-1,-1
415,44,731.22,302.30,56.68,238.11,0.4361,-1,-1,-1
415,40,1020.43,346.91,82.07,212.86,0.6746,-1,-1,-1
415,46,654.71,341.92,67.11,190.08,0.6434,-1,-1,-1
416,2,750.50,221.00,174.25,524.68,0.8437,-1,-1,-1
416,30,-5.39,66.67,315.23,907.01,0.9217,-1,-1,-1
416,34,903.74,236.57,120.01,444.95,0.7921,-1,-1,-1
416,39,1119.58,151.74,272.02,814.32,0.8904,-1,-1,-1
416,38,318.00,14.50,343.93,1037.22,0.9137,-1,-1,-1
416,40,1022.92,348.43,84.55,211.47,0.5940,-1,-1,-1
416,46,655.52,340.91,68.40,187.75,0.6558,-1,-1,-1
417,2,747.80,221.00,179.29,522.24,0.8357,-1,-1,-1
417,30,-6.04,57.14,311.56,941.56,0.9180,-1,-1,-1
417,34,905.76,236.85,120.78,445.06,0.7984,-1,-1,-1
417,39,1123.49,150.95,269.53,822.44,0.8916,-1,-1,-1
417,38,298.32,5.04,360.18,1053.87,0.9090,-1,-1,-1
417,40,1027.69,345.42,83.19,213.28,0.6626,-1,-1,-1
417,46,655.72,341.01,69.43,188.72,0.6611,-1,-1,-1
418,2,746.39,219.35,182.11,521.25,0.8436,-1,-1,-1
418,30,-6.10,48.97,289.38,975.78,0.9162,-1,-1,-1
418,34,908.72,234.24,122.48,445.04,0.7835,-1,-1,-1
418,39,1126.43,148.32,268.01,826.65,0.8920,-1,-1,-1
418,38,279.65,0.15,374.67,1062.84,0.9150,-1,-1,-1
418,40,1030.52,337.84,83.35,218.43,0.6659,-1,-1,-1
418,46,655.08,339.74,69.73,190.89,0.6717,-1,-1,-1
419,2,744.80,212.44,182.89,528.54,0.8542,-1,-1,-1
419,30,-5.58,41.35,269.40,992.19,0.9105,-1,-1,-1
419,34,909.98,233.76,121.24,443.93,0.7779,-1,-1,-1
419,39,1126.66,146.82,268.52,826.06,0.8904,-1,-1,-1
419,38,259.20,-0.97,389.98,1069.11,0.9215,-1,-1,-1
419,40,1032.07,336.82,84.37,219.26,0.6328,-1,-1,-1
419,46,652.65,337.71,69.55,198.70,0.6737,-1,-1,-1
420,2,742.27,209.17,184.21,532.42,0.8564,-1,-1,-1
420,30,-4.62,37.57,251.80,1005.84,0.9036,-1,-1,-1
420,34,909.44,234.85,123.34,445.66,0.7857,-1,-1,-1
420,39,1126.41,144.08,269.39,827.49,0.8896,-1,-1,-1
420,38,241.84,-0.46,401.57,1075.42,0.9256,-1,-1,-1
420,40,1031.64,333.65,89.24,224.82,0.6361,-1,-1,-1
420,46,650.07,337.29,68.73,204.60,0.6764,-1,-1,-1
421,2,741.39,209.88,185.61,530.94,0.8576,-1,-1,-1
421,30,-3.65,27.43,234.97,994.09,0.9001,-1,-1,-1
421,34,908.65,234.66,122.77,444.41,0.7927,-1,-1,-1
421,39,1123.55,139.64,274.21,830.38,0.8914,-1,-1,-1
421,38,222.78,0.10,415.00,1076.64,0.9258,-1,-1,-1
421,40,1031.53,334.04,90.81,224.28,0.6428,-1,-1,-1
421,46,648.53,336.55,69.46,205.61,0.6758,-1,-1,-1
422,2,739.65,210.46,184.49,537.98,0.8470,-1,-1,-1
422,30,-3.31,17.11,216.71,992.86,0.8890,-1,-1,-1
422,34,907.16,235.17,122.53,445.15,0.7922,-1,-1,-1
422,39,1119.57,132.20,278.99,835.52,0.8867,-1,-1,-1
422,38,202.60,-0.72,425.17,1080.00,0.9196,-1,-1,-1
422,40,1031.09,337.51,90.01,220.48,0.5482,-1,-1,-1
422,46,644.23,334.15,69.88,209.42,0.6860,-1,-1,-1
423,2,737.66,210.99,179.75,537.90,0.8480,-1,-1,-1
423,30,-2.53,12.49,196.11,997.00,0.8901,-1,-1,-1
423,34,906.46,237.40,121.78,444.86,0.7742,-1,-1,-1
423,39,1112.02,127.76,286.91,839.10,0.8932,-1,-1,-1
423,38,185.79,-1.10,430.42,1082.12,0.9225,-1,-1,-1
423,40,1030.39,340.18,90.25,218.92,0.5632,-1,-1,-1
423,46,640.00,332.58,72.93,213.09,0.7178,-1,-1,-1
424,2,736.37,213.43,175.04,533.54,0.8379,-1,-1,-1
424,30,-1.93,9.04,175.26,1005.58,0.8764,-1,-1,-1
424,34,902.87,240.30,126.20,442.43,0.7510,-1,-1,-1
424,39,1106.61,126.70,294.12,838.76,0.9005,-1,-1,-1
424,38,164.42,-0.05,439.11,1082.23,0.9273,-1,-1,-1
424,40,1028.40,340.89,88.18,218.75,0.6042,-1,-1,-1
424,46,636.27,332.12,76.03,213.72,0.7002,-1,-1,-1
425,2,731.92,213.16,176.24,535.57,0.8378,-1,-1,-1
425,30,-1.56,6.17,150.21,1011.84,0.8435,-1,-1,-1
425,34,899.13,239.25,127.76,440.67,0.7743,-1,-1,-1
425,39,1100.87,125.18,300.47,832.24,0.9028,-1,-1,-1
425,38,138.13,-0.70,455.55,1079.78,0.9243,-1,-1,-1
425,40,1028.05,338.72,86.19,219.36,0.6202,-1,-1,-1
425,46,631.99,327.66,76.47,218.92,0.7005,-1,-1,-1
426,2,731.74,212.98,173.38,535.49,0.8401,-1,-1,-1
426,30,-1.01,95.76,125.73,713.47,0.5750,-1,-1,-1
426,34,894.85,237.02,132.95,442.14,0.7950,-1,-1,-1
426,39,1093.32,125.35,309.78,820.62,0.9032,-1,-1,-1
426,38,111.01,-0.64,469.73,1077.62,0.9262,-1,-1,-1
426,40,1026.55,334.87,85.36,220.04,0.6319,-1,-1,-1
426,46,629.63,326.25,74.93,217.97,0.6846,-1,-1,-1
427,2,728.27,214.53,176.83,536.92,0.8310,-1,-1,-1
427,30,-0.37,139.68,97.11,564.55,0.7120,-1,-1,-1
427,34,895.50,236.52,132.92,442.51,0.7799,-1,-1,-1
427,39,1086.98,127.64,316.53,813.05,0.9002,-1,-1,-1
427,38,76.63,0.75,489.99,1073.68,0.9224,-1,-1,-1
427,40,1025.12,332.93,84.93,222.61,0.5847,-1,-1,-1
427,46,625.87,326.66,74.15,220.97,0.7198,-1,-1,-1
427,47,549.54,330.76,51.71,182.36,0.5200,-1,-1,-1
428,2,720.39,218.66,181.37,531.70,0.8337,-1,-1,-1
428,30,0.17,156.52,72.88,529.12,0.4361,-1,-1,-1
428,34,892.25,236.25,136.04,442.31,0.7978,-1,-1,-1
428,39,1081.55,129.26,321.43,813.37,0.9039,-1,-1,-1
428,38,46.46,2.38,511.01,1070.67,0.9213,-1,-1,-1
428,40,1024.77,332.82,81.57,223.33,0.4998,-1,-1,-1
428,46,620.74,327.05,74.36,221.26,0.7151,-1,-1,-1
428,47,542.20,315.74,54.91,194.71,0.5870,-1,-1,-1
429,2,711.42,216.66,186.02,538.95,0.8318,-1,-1,-1
429,34,892.97,235.05,133.04,441.53,0.7767,-1,-1,-1
429,39,1076.36,130.91,322.94,815.80,0.9048,-1,-1,-1
429,38,10.30,2.47,534.32,1070.83,0.9302,-1,-1,-1
429,40,1027.07,331.04,77.74,226.88,0.4855,-1,-1,-1
429,46,615.70,328.26,71.59,222.28,0.7547,-1,-1,-1
429,47,537.52,318.60,56.22,195.53,0.5872,-1,-1,-1
430,2,704.27,215.12,179.66,544.07,0.8380,-1,-1,-1
430,34,893.98,234.34,129.54,437.18,0.7791,-1,-1,-1
430,39,1070.28,133.04,328.52,819.21,0.9091,-1,-1,-1
430,38,-4.91,3.14,540.87,1070.35,0.9266,-1,-1,-1
430,40,1030.93,329.82,74.68,224.39,0.4598,-1,-1,-1
430,46,612.24,325.71,71.34,224.49,0.7132,-1,-1,-1
430,47,533.05,330.78,54.23,178.85,0.4666,-1,-1,-1
431,2,695.59,212.85,175.16,551.56,0.8260,-1,-1,-1
431,34,893.13,233.45,128.32,434.47,0.7825,-1,-1,-1
431,39,1067.38,133.75,329.91,823.16,0.9050,-1,-1,-1
431,38,-10.10,3.61,535.13,1070.04,0.9298,-1,-1,-1
431,46,606.70,326.16,75.02,227.86,0.6759,-1,-1,-1
431,47,527.86,333.74,54.10,183.01,0.4579,-1,-1,-1
432,2,686.33,209.74,175.51,566.07,0.8332,-1,-1,-1
432,34,893.70,231.72,127.17,432.73,0.7886,-1,-1,-1
432,39,1065.85,134.07,331.21,827.59,0.9038,-1,-1,-1
432,38,-10.29,4.79,527.20,1069.70,0.9352,-1,-1,-1
432,46,603.77,326.58,73.84,228.77,0.6594,-1,-1,-1
432,47,522.90,342.38,54.81,210.84,0.4126,-1,-1,-1
433,2,680.09,206.41,178.09,562.45,0.8283,-1,-1,-1
433,34,893.74,231.14,126.22,431.09,0.7958,-1,-1,-1
433,39,1066.89,133.06,330.89,831.61,0.9033,-1,-1,-1
433,38,-9.34,5.86,515.38,1065.11,0.9355,-1,-1,-1
433,46,600.87,325.12,74.40,228.66,0.6440,-1,-1,-1
433,47,519.70,343.53,54.51,191.92,0.4223,-1,-1,-1
433,40,1002.86,311.75,75.68,239.60,0.5634,-1,-1,-1
434,2,676.63,202.63,176.57,572.68,0.8403,-1,-1,-1
434,34,893.40,228.34,126.40,431.54,0.7960,-1,-1,-1
434,39,1070.07,131.16,328.79,833.37,0.9013,-1,-1,-1
434,38,-7.59,4.48,503.70,1064.54,0.9387,-1,-1,-1
434,46,598.16,321.66,72.76,231.54,0.6849,-1,-1,-1
434,47,518.43,332.83,54.85,187.65,0.4290,-1,-1,-1
434,40,1002.34,309.03,73.48,240.18,0.5197,-1,-1,-1
435,2,674.70,199.04,173.90,565.50,0.8254,-1,-1,-1
435,34,891.96,225.71,127.89,431.45,0.7788,-1,-1,-1
435,39,1071.70,128.54,327.99,836.49,0.9037,-1,-1,-1
435,38,-6.18,2.71,492.11,1065.06,0.9396,-1,-1,-1
435,46,595.83,319.31,73.48,233.08,0.6859,-1,-1,-1
435,47,516.57,316.78,53.84,194.27,0.6668,-1,-1,-1
435,40,1000.47,304.71,72.86,241.29,0.5408,-1,-1,-1
436,2,672.46,196.00,174.28,558.09,0.7974,-1,-1,-1
436,34,896.97,224.07,123.16,431.84,0.7698,-1,-1,-1
436,39,1074.14,125.58,326.87,841.61,0.9070,-1,-1,-1
436,38,-5.04,1.80,481.30,1066.72,0.9397,-1,-1,-1
436,46,595.19,317.48,73.13,232.99,0.7085,-1,-1,-1
436,47,514.86,309.21,53.06,199.23,0.6141,-1,-1,-1
436,40,998.21,302.24,74.10,242.57,0.5420,-1,-1,-1
437,2,669.54,193.53,173.63,539.38,0.8136,-1,-1,-1
437,34,900.41,223.05,120.21,432.02,0.7558,-1,-1,-1
437,39,1078.15,121.16,324.91,845.20,0.9055,-1,-1,-1
437,38,-3.79,1.49,466.66,1071.39,0.9357,-1,-1,-1
437,46,592.08,313.51,74.94,232.63,0.7235,-1,-1,-1
437,47,514.53,333.92,51.37,171.21,0.5871,-1,-1,-1
437,40,996.04,300.44,72.57,241.99,0.5714,-1,-1,-1
437,50,819.89,300.88,80.84,230.37,0.6743,-1,-1,-1
438,2,663.98,194.04,175.75,530.93,0.8385,-1,-1,-1
438,34,903.71,223.19,116.86,433.59,0.7556,-1,-1,-1
438,39,1079.77,118.38,324.39,839.70,0.9003,-1,-1,-1
438,38,-2.94,3.23,444.65,1069.95,0.9349,-1,-1,-1
438,46,589.36,312.60,75.25,233.77,0.7308,-1,-1,-1
438,47,512.67,335.33,50.92,171.06,0.4228,-1,-1,-1
438,40,994.54,300.16,72.86,240.75,0.5696,-1,-1,-1
438,50,816.59,300.78,83.45,231.53,0.6723,-1,-1,-1
439,2,661.25,194.63,174.83,528.08,0.8540,-1,-1,-1
439,34,905.43,223.36,114.20,435.64,0.7576,-1,-1,-1
439,39,1083.95,115.35,321.11,841.03,0.9012,-1,-1,-1
439,38,-2.95,3.54,420.07,1070.77,0.9277,-1,-1,-1
439,46,585.38,312.31,75.98,234.51,0.7219,-1,-1,-1
439,47,510.16,330.67,51.36,174.25,0.4342,-1,-1,-1
439,40,994.09,300.18,72.91,238.62,0.6397,-1,-1,-1
439,50,812.35,299.54,85.47,236.82,0.7252,-1,-1,-1
440,2,657.12,193.83,175.84,527.41,0.8672,-1,-1,-1
440,34,905.09,221.62,112.95,437.51,0.7694,-1,-1,-1
440,39,1087.66,111.49,321.05,840.88,0.8844,-1,-1,-1
440,38,-2.64,3.43,394.22,1066.97,0.9269,-1,-1,-1
440,46,582.61,308.75,77.46,241.43,0.7687,-1,-1,-1
440,47,506.94,325.81,52.57,178.19,0.4088,-1,-1,-1
440,40,993.58,299.73,74.19,237.29,0.7044,-1,-1,-1
440,50,808.76,297.26,85.01,239.66,0.7015,-1,-1,-1
440,52,1050.84,308.88,68.67,236.78,0.5686,-1,-1,-1
441,2,656.29,195.60,176.98,528.56,0.8638,-1,-1,-1
441,34,906.85,222.37,111.97,437.76,0.7791,-1,-1,-1
441,39,1092.52,107.37,321.49,841.80,0.8998,-1,-1,-1
441,38,-1.67,3.74,365.19,1065.46,0.9199,-1,-1,-1
441,46,582.88,306.28,76.96,246.09,0.7663,-1,-1,-1
441,47,506.52,315.68,53.64,189.10,0.4088,-1,-1,-1
441,40,994.42,297.82,75.50,239.04,0.7103,-1,-1,-1
441,50,808.60,296.46,84.02,241.63,0.6950,-1,-1,-1
441,52,1051.05,308.29,70.74,241.00,0.6098,-1,-1,-1
442,2,657.78,198.32,176.35,529.26,0.8552,-1,-1,-1
442,34,911.01,224.54,109.55,435.01,0.7336,-1,-1,-1
442,39,1098.19,107.17,321.92,832.34,0.8975,-1,-1,-1
442,38,-0.33,4.06,332.09,1064.56,0.9136,-1,-1,-1
442,46,584.03,306.11,76.29,249.01,0.7717,-1,-1,-1
442,47,510.12,326.66,51.79,177.90,0.4275,-1,-1,-1
442,40,995.86,297.71,75.77,242.47,0.6780,-1,-1,-1
442,50,811.68,297.48,86.76,238.32,0.7282,-1,-1,-1
442,52,1055.40,314.71,71.65,237.61,0.6572,-1,-1,-1
443,2,662.56,199.57,173.25,527.10,0.8509,-1,-1,-1
443,34,911.86,225.28,109.63,434.86,0.7464,-1,-1,-1
443,39,1104.15,110.61,323.29,820.56,0.8967,-1,-1,-1
443,38,0.74,5.06,299.66,1062.42,0.8933,-1,-1,-1
443,46,584.91,308.78,78.33,249.01,0.7729,-1,-1,-1
443,47,513.97,334.72,50.64,172.22,0.4495,-1,-1,-1
443,40,998.46,296.01,79.37,243.57,0.6434,-1,-1,-1
443,50,814.68,299.83,87.24,232.53,0.7587,-1,-1,-1
443,52,1060.47,315.03,70.68,238.52,0.5983,-1,-1,-1
444,2,668.18,201.06,169.31,521.03,0.8448,-1,-1,-1
444,34,915.62,226.14,107.46,432.29,0.7102,-1,-1,-1
444,39,1112.68,113.02,319.48,813.43,0.9003,-1,-1,-1
444,38,1.04,4.95,268.21,1060.87,0.8392,-1,-1,-1
444,46,586.69,307.67,79.86,250.77,0.7617,-1,-1,-1
444,47,517.26,341.69,50.35,164.40,0.4906,-1,-1,-1
444,40,1000.15,297.33,82.33,243.35,0.6361,-1,-1,-1
444,50,818.03,299.81,85.32,233.52,0.7713,-1,-1,-1
444,52,1062.91,304.13,72.05,246.10,0.5810,-1,-1,-1
445,2,673.75,203.33,169.11,511.96,0.8420,-1,-1,-1
445,34,913.47,223.17,113.50,438.15,0.7751,-1,-1,-1
445,39,1120.46,118.70,316.45,816.80,0.8973,-1,-1,-1
445,46,587.09,307.77,82.23,251.17,0.7620,-1,-1,-1
445,47,521.83,334.21,50.48,172.64,0.4917,-1,-1,-1
445,40,1006.76,292.46,82.96,246.52,0.7156,-1,-1,-1
445,50,821.20,298.71,87.11,235.25,0.7827,-1,-1,-1
445,52,1070.38,303.55,72.63,243.71,0.5707,-1,-1,-1
446,2,681.55,202.66,165.92,502.25,0.8352,-1,-1,-1
446,34,911.52,221.27,118.67,445.32,0.8087,-1,-1,-1
446,39,1129.26,124.61,314.60,817.95,0.9060,-1,-1,-1
446,46,587.31,309.03,86.80,250.57,0.7384,-1,-1,-1
446,47,525.28,342.45,53.10,164.62,0.5358,-1,-1,-1
446,40,1012.73,294.68,81.03,248.31,0.7712,-1,-1,-1
446,50,826.45,296.32,86.54,237.82,0.7905,-1,-1,-1
446,52,1078.33,302.02,70.69,245.56,0.6522,-1,-1,-1
446,38,-0.19,4.86,290.37,1063.40,0.7279,-1,-1,-1
447,2,685.84,201.60,169.40,507.80,0.8357,-1,-1,-1
447,34,916.62,220.75,121.59,449.69,0.7667,-1,-1,-1
447,39,1139.89,127.08,309.95,823.11,0.9061,-1,-1,-1
447,46,589.92,310.49,88.36,249.25,0.6900,-1,-1,-1
447,47,530.78,352.33,52.12,153.71,0.5005,-1,-1,-1
447,40,1017.91,293.13,83.45,250.26,0.7646,-1,-1,-1
447,50,833.55,296.04,87.41,239.04,0.7572,-1,-1,-1
447,52,1086.39,300.90,68.61,248.88,0.6897,-1,-1,-1
448,2,690.05,201.79,175.18,517.86,0.8418,-1,-1,-1
448,34,923.07,220.02,123.34,453.40,0.7439,-1,-1,-1
448,39,1147.98,136.50,311.86,823.61,0.9052,-1,-1,-1
448,46,591.49,312.30,89.88,248.83,0.6963,-1,-1,-1
448,47,536.22,335.17,52.43,175.13,0.4990,-1,-1,-1
448,40,1026.24,296.14,81.87,250.81,0.7390,-1,-1,-1
448,50,841.08,296.95,85.44,239.54,0.7968,-1,-1,-1
448,52,1094.68,303.78,69.35,248.15,0.6793,-1,-1,-1
449,2,698.78,203.18,172.95,518.23,0.8162,-1,-1,-1
449,34,931.44,218.14,118.69,454.29,0.7734,-1,-1,-1
449,39,1154.20,142.29,313.92,823.94,0.9073,-1,-1,-1
449,46,600.05,314.87,87.03,250.87,0.7450,-1,-1,-1
449,47,541.25,323.00,55.43,189.96,0.5240,-1,-1,-1
449,40,1036.76,297.30,78.27,250.08,0.7118,-1,-1,-1
449,50,846.62,297.85,85.77,239.31,0.7501,-1,-1,-1
449,52,1102.13,313.45,70.10,240.26,0.6746,-1,-1,-1
450,2,706.20,202.31,172.20,514.25,0.8152,-1,-1,-1
450,34,931.25,218.65,119.42,453.57,0.7803,-1,-1,-1
450,39,1162.19,147.44,309.45,827.10,0.9099,-1,-1,-1
450,46,606.13,314.95,84.68,251.01,0.7175,-1,-1,-1
450,47,546.58,325.62,54.40,185.15,0.4894,-1,-1,-1
450,40,1040.25,298.95,79.45,247.94,0.7050,-1,-1,-1
450,50,852.11,298.35,83.37,236.26,0.7162,-1,-1,-1
450,52,1107.67,314.75,71.05,240.28,0.7049,-1,-1,-1
451,2,710.65,201.96,172.40,512.87,0.8243,-1,-1,-1
451,34,939.36,220.46,117.12,447.61,0.7805,-1,-1,-1
451,39,1170.52,151.86,306.23,830.71,0.9031,-1,-1,-1
451,46,606.35,314.96,87.36,253.70,0.7410,-1,-1,-1
451,47,552.38,319.06,54.44,190.98,0.4580,-1,-1,-1
451,40,1050.58,291.80,74.49,253.29,0.6919,-1,-1,-1
451,50,856.49,295.28,88.80,240.42,0.7236,-1,-1,-1
451,52,1116.10,319.33,70.93,236.43,0.6990,-1,-1,-1
452,2,718.91,201.18,167.60,511.21,0.8417,-1,-1,-1
452,34,946.33,220.70,120.53,440.57,0.7663,-1,-1,-1
452,39,1177.70,154.85,306.67,834.35,0.9044,-1,-1,-1
452,46,608.00,315.41,89.47,253.52,0.7351,-1,-1,-1
452,47,558.48,319.28,53.05,186.62,0.4504,-1,-1,-1
452,40,1057.11,293.99,78.39,251.26,0.7422,-1,-1,-1
452,50,858.95,298.04,91.16,237.75,0.7779,-1,-1,-1
452,52,1124.02,317.30,71.17,240.76,0.6752,-1,-1,-1
453,2,726.31,202.84,164.57,512.46,0.8454,-1,-1,-1
453,34,951.94,217.96,122.93,441.38,0.7951,-1,-1,-1
453,39,1185.12,157.81,305.08,838.79,0.9097,-1,-1,-1
453,46,615.37,314.95,84.60,256.16,0.7706,-1,-1,-1
453,47,565.15,313.72,54.59,191.77,0.5484,-1,-1,-1
453,40,1065.28,297.49,77.44,252.43,0.7400,-1,-1,-1
453,50,870.38,297.51,84.78,240.92,0.7866,-1,-1,-1
453,52,1131.94,317.73,69.89,241.20,0.7209,-1,-1,-1
454,2,733.61,202.51,164.91,512.94,0.8184,-1,-1,-1
454,34,954.55,218.92,129.71,441.51,0.7835,-1,-1,-1
454,39,1192.59,159.95,304.25,841.96,0.9113,-1,-1,-1
454,46,619.75,310.63,85.41,258.23,0.7544,-1,-1,-1
454,40,1074.50,299.18,77.46,251.74,0.7128,-1,-1,-1
454,50,878.81,298.36,83.90,242.19,0.7316,-1,-1,-1
454,52,1140.32,313.74,70.41,245.73,0.6241,-1,-1,-1
455,2,738.61,199.43,168.31,519.16,0.8353,-1,-1,-1
455,34,961.79,220.37,128.28,437.24,0.7786,-1,-1,-1
455,39,1197.16,159.23,306.58,843.94,0.9117,-1,-1,-1
455,46,625.86,304.53,83.77,265.34,0.7662,-1,-1,-1
455,40,1082.66,300.25,75.69,251.60,0.7150,-1,-1,-1
455,50,885.93,302.80,84.29,235.05,0.6951,-1,-1,-1
455,52,1151.93,313.45,67.14,246.00,0.6143,-1,-1,-1
455,54,716.48,257.51,67.04,311.26,0.5842,-1,-1,-1
455,47,580.25,313.39,54.63,192.02,0.5628,-1,-1,-1
456,2,749.92,198.81,164.04,520.22,0.8264,-1,-1,-1
456,34,966.12,213.99,128.19,442.54,0.7564,-1,-1,-1
456,39,1201.37,158.38,310.05,838.56,0.9041,-1,-1,-1
456,46,630.56,301.22,84.56,268.94,0.7503,-1,-1,-1
456,40,1089.68,299.34,74.68,248.51,0.7141,-1,-1,-1
456,50,894.76,300.42,80.69,238.41,0.6622,-1,-1,-1
456,52,1157.71,313.42,66.58,245.70,0.5428,-1,-1,-1
456,54,720.83,254.82,72.79,317.15,0.6253,-1,-1,-1
456,47,583.28,316.14,56.46,191.66,0.5161,-1,-1,-1
457,2,760.23,200.54,162.69,519.63,0.8140,-1,-1,-1
457,34,974.41,212.73,124.29,442.10,0.7678,-1,-1,-1
457,39,1205.97,156.82,314.01,836.42,0.9002,-1,-1,-1
457,46,632.64,299.54,89.07,268.49,0.7407,-1,-1,-1
457,40,1095.04,297.41,76.33,250.30,0.6778,-1,-1,-1
457,50,901.39,298.54,81.22,239.61,0.6763,-1,-1,-1
457,54,726.01,251.41,75.80,320.86,0.6755,-1,-1,-1
457,47,589.27,308.56,56.88,200.55,0.5269,-1,-1,-1
458,2,768.95,199.90,160.89,518.74,0.8163,-1,-1,-1
458,34,989.09,211.30,120.25,441.13,0.7767,-1,-1,-1
458,39,1208.13,155.26,317.78,835.01,0.8971,-1,-1,-1
458,46,634.81,297.13,90.95,271.11,0.7159,-1,-1,-1
458,40,1102.35,293.28,73.87,255.38,0.7095,-1,-1,-1
458,50,907.57,297.93,86.19,239.99,0.7447,-1,-1,-1
458,54,728.49,249.82,76.57,319.37,0.7532,-1,-1,-1
458,47,596.34,307.25,55.25,198.95,0.4871,-1,-1,-1
459,2,775.86,203.46,159.79,517.03,0.8479,-1,-1,-1
459,34,996.78,206.90,121.50,444.18,0.8079,-1,-1,-1
459,39,1206.51,150.49,329.29,839.78,0.9081,-1,-1,-1
459,46,638.97,296.50,91.49,272.77,0.7247,-1,-1,-1
459,40,1106.39,293.10,79.15,257.05,0.7439,-1,-1,-1
459,50,912.94,297.26,83.73,238.63,0.7835,-1,-1,-1
459,54,730.29,249.95,77.36,322.15,0.7664,-1,-1,-1
459,47,599.31,303.01,55.94,202.40,0.4792,-1,-1,-1
460,2,783.19,203.01,156.42,513.45,0.8533,-1,-1,-1
460,34,997.47,207.10,129.42,444.81,0.7900,-1,-1,-1
460,39,1204.95,143.52,340.53,836.95,0.9100,-1,-1,-1
460,46,640.27,295.50,92.47,272.91,0.7372,-1,-1,-1
460,40,1109.64,294.28,80.22,255.95,0.7269,-1,-1,-1
460,50,920.31,296.01,80.92,238.48,0.7890,-1,-1,-1
460,54,732.59,246.95,79.54,328.02,0.7712,-1,-1,-1
461,2,786.56,202.81,157.38,509.76,0.8304,-1,-1,-1
461,34,1003.02,209.08,126.61,445.19,0.7850,-1,-1,-1
461,39,1203.61,137.77,347.66,833.81,0.9076,-1,-1,-1
461,46,641.79,293.61,92.54,276.04,0.7432,-1,-1,-1
461,40,1110.84,293.30,84.54,254.14,0.7288,-1,-1,-1
461,50,927.30,295.73,79.14,237.45,0.7531,-1,-1,-1
461,54,734.73,242.79,81.22,331.39,0.7554,-1,-1,-1
462,2,788.27,201.59,157.94,508.04,0.8075,-1,-1,-1
462,34,1003.33,208.59,128.02,450.48,0.7936,-1,-1,-1
462,39,1203.03,132.99,352.89,829.97,0.9069,-1,-1,-1
462,46,643.22,292.34,91.72,278.31,0.7776,-1,-1,-1
462,40,1113.61,294.03,84.49,254.13,0.6668,-1,-1,-1
462,50,931.94,295.18,79.68,235.62,0.7295,-1,-1,-1
462,54,736.72,241.71,82.23,330.04,0.7587,-1,-1,-1
463,2,787.49,198.45,160.17,511.46,0.8201,-1,-1,-1
463,34,1002.70,207.26,130.95,451.50,0.8010,-1,-1,-1
463,39,1203.18,131.37,354.41,822.35,0.9067,-1,-1,-1
463,46,642.68,291.87,91.62,279.06,0.7689,-1,-1,-1
463,40,1117.44,292.17,83.23,252.31,0.6623,-1,-1,-1
463,50,935.48,290.48,79.37,236.13,0.7368,-1,-1,-1
463,54,736.54,239.04,81.91,333.49,0.7515,-1,-1,-1
464,2,783.79,191.29,163.38,511.05,0.8135,-1,-1,-1
464,34,1001.96,205.57,133.91,452.16,0.8048,-1,-1,-1
464,39,1207.78,128.03,349.90,823.52,0.9036,-1,-1,-1
464,46,639.34,289.20,90.83,277.66,0.7707,-1,-1,-1
464,40,1117.58,287.57,82.59,253.97,0.6681,-1,-1,-1
464,50,934.83,284.97,80.23,236.64,0.7360,-1,-1,-1
464,54,734.57,237.87,82.21,333.37,0.7737,-1,-1,-1
464,47,616.45,289.41,48.15,203.67,0.4228,-1,-1,-1
465,2,779.82,185.92,166.27,512.18,0.8149,-1,-1,-1
465,34,1002.01,205.84,134.99,450.98,0.7876,-1,-1,-1
465,39,1209.94,123.48,346.18,829.14,0.9071,-1,-1,-1
465,46,635.81,284.46,91.01,282.87,0.7539,-1,-1,-1
465,40,1122.96,287.15,77.32,252.19,0.6095,-1,-1,-1
465,50,933.91,280.22,80.13,239.07,0.7204,-1,-1,-1
465,54,729.40,233.08,84.69,336.64,0.7613,-1,-1,-1
466,2,774.45,181.08,170.39,512.58,0.8059,-1,-1,-1
466,34,1002.07,204.72,135.91,447.52,0.7771,-1,-1,-1
466,39,1208.40,119.92,347.37,836.93,0.9075,-1,-1,-1
466,46,632.45,282.39,90.18,284.73,0.7077,-1,-1,-1
466,40,1126.17,285.76,72.02,251.67,0.5959,-1,-1,-1
466,50,933.03,276.11,80.74,241.36,0.7318,-1,-1,-1
466,54,725.55,228.49,85.32,339.76,0.7355,-1,-1,-1
467,2,769.81,180.64,177.34,508.90,0.8208,-1,-1,-1
467,34,1002.26,204.59,134.31,449.13,0.7822,-1,-1,-1
467,39,1204.58,119.02,351.27,842.89,0.9090,-1,-1,-1
467,46,624.68,277.81,93.99,291.96,0.7178,-1,-1,-1
467,40,1125.70,283.59,72.03,253.57,0.6249,-1,-1,-1
467,50,931.44,275.03,82.58,242.24,0.7589,-1,-1,-1
467,54,719.18,224.78,88.45,343.76,0.7119,-1,-1,-1
468,2,766.84,179.55,177.26,509.24,0.8275,-1,-1,-1
468,34,999.37,203.93,133.39,450.11,0.7759,-1,-1,-1
468,39,1197.79,117.88,356.53,851.84,0.9128,-1,-1,-1
468,46,618.19,275.36,94.79,296.02,0.7475,-1,-1,-1
468,40,1120.75,280.89,75.55,254.02,0.5713,-1,-1,-1
468,50,929.40,274.70,82.79,242.49,0.7661,-1,-1,-1
468,54,713.53,220.40,88.64,351.68,0.7289,-1,-1,-1
469,2,764.02,179.59,175.62,507.55,0.8289,-1,-1,-1
469,34,998.17,203.45,130.59,445.72,0.7852,-1,-1,-1
469,39,1193.68,117.42,359.19,860.62,0.9112,-1,-1,-1
469,46,612.57,270.13,92.56,301.72,0.8041,-1,-1,-1
469,40,1113.76,279.86,82.20,254.56,0.5768,-1,-1,-1
469,50,925.68,272.92,84.38,243.51,0.7714,-1,-1,-1
469,54,707.12,218.14,87.32,354.73,0.7503,-1,-1,-1
470,2,761.87,176.90,177.27,512.92,0.8398,-1,-1,-1
470,34,995.64,200.15,132.02,447.50,0.8002,-1,-1,-1
470,39,1190.18,118.13,359.30,865.48,0.9142,-1,-1,-1
470,46,602.35,267.78,97.71,303.49,0.7812,-1,-1,-1
470,40,1110.93,277.94,82.68,257.11,0.6244,-1,-1,-1
470,50,922.52,272.62,82.79,243.28,0.7862,-1,-1,-1
470,54,702.35,215.82,89.27,357.61,0.7713,-1,-1,-1
471,2,759.93,175.39,176.01,513.19,0.8405,-1,-1,-1
471,34,993.91,196.95,131.27,449.96,0.7971,-1,-1,-1
471,39,1183.34,118.05,364.55,874.63,0.9087,-1,-1,-1
471,46,595.19,265.33,98.08,307.31,0.7758,-1,-1,-1
471,40,1106.51,273.95,81.72,260.07,0.5644,-1,-1,-1
471,50,918.19,272.73,84.35,243.57,0.8015,-1,-1,-1
471,54,693.68,213.28,92.27,359.77,0.7392,-1,-1,-1
472,2,754.89,173.87,177.07,512.80,0.8625,-1,-1,-1
472,34,991.19,196.44,131.39,449.92,0.7829,-1,-1,-1
472,39,1183.37,118.13,360.64,876.38,0.9108,-1,-1,-1
472,46,590.10,264.14,98.54,308.40,0.8215,-1,-1,-1
472,40,1103.88,271.27,82.15,264.30,0.6575,-1,-1,-1
472,50,916.58,271.50,83.17,243.41,0.8048,-1,-1,-1
472,54,686.38,209.38,96.14,362.28,0.7863,-1,-1,-1
473,2,755.23,174.04,176.09,513.58,0.8754,-1,-1,-1
473,34,988.54,196.22,129.24,450.38,0.7749,-1,-1,-1
473,39,1183.33,117.70,357.69,874.14,0.9105,-1,-1,-1
473,46,585.22,262.43,98.50,310.57,0.8205,-1,-1,-1
473,40,1102.74,270.78,85.05,265.85,0.6941,-1,-1,-1
473,50,916.10,272.15,81.89,242.83,0.7932,-1,-1,-1
473,54,680.48,206.46,99.83,364.94,0.8141,-1,-1,-1
474,2,756.99,175.04,174.34,513.59,0.8764,-1,-1,-1
474,34,986.66,195.35,127.74,450.26,0.7775,-1,-1,-1
474,39,1185.06,115.19,352.12,867.86,0.9124,-1,-1,-1
474,46,581.03,261.30,96.27,311.30,0.8550,-1,-1,-1
474,40,1100.79,269.12,83.03,267.88,0.7443,-1,-1,-1
474,50,915.80,273.62,79.82,242.86,0.7573,-1,-1,-1
474,54,675.13,205.18,103.39,368.83,0.8076,-1,-1,-1
475,2,757.90,175.23,174.99,513.86,0.8670,-1,-1,-1
475,34,987.27,195.59,119.87,441.06,0.7674,-1,-1,-1
475,39,1185.32,112.16,350.36,862.79,0.9117,-1,-1,-1
475,46,575.20,259.66,97.27,312.12,0.8384,-1,-1,-1
475,40,1097.28,266.77,81.37,268.20,0.7513,-1,-1,-1
475,50,916.21,275.78,79.28,239.10,0.7596,-1,-1,-1
475,54,668.34,203.25,107.15,371.39,0.8244,-1,-1,-1
476,2,759.11,175.89,176.27,512.80,0.8655,-1,-1,-1
476,34,984.90,194.48,116.98,436.19,0.7694,-1,-1,-1
476,39,1187.15,107.63,349.01,861.97,0.9087,-1,-1,-1
476,46,571.23,258.34,95.12,314.01,0.8238,-1,-1,-1
476,40,1097.65,264.11,77.89,270.56,0.7604,-1,-1,-1
476,50,917.93,276.77,75.63,235.64,0.7492,-1,-1,-1
476,54,662.72,202.38,110.45,374.58,0.8287,-1,-1,-1
477,2,763.08,177.89,174.98,511.47,0.8643,-1,-1,-1
477,34,983.92,194.83,115.55,434.18,0.7660,-1,-1,-1
477,39,1189.86,104.57,346.93,858.00,0.9085,-1,-1,-1
477,46,569.33,260.51,94.68,315.69,0.8306,-1,-1,-1
477,40,1098.47,263.93,76.27,272.07,0.7607,-1,-1,-1
477,50,919.27,279.80,73.73,233.54,0.7562,-1,-1,-1
477,54,658.16,203.37,114.29,378.58,0.8371,-1,-1,-1
478,2,767.85,179.93,173.63,509.98,0.8513,-1,-1,-1
478,34,982.07,196.24,116.40,433.97,0.7656,-1,-1,-1
478,39,1190.81,103.12,348.09,848.81,0.9091,-1,-1,-1
478,46,561.38,263.60,98.88,321.03,0.8093,-1,-1,-1
478,40,1097.17,265.82,77.16,272.56,0.7682,-1,-1,-1
478,50,920.95,280.79,72.06,235.15,0.6693,-1,-1,-1
478,54,654.50,205.67,117.23,383.83,0.8426,-1,-1,-1
479,2,773.23,179.86,172.73,507.84,0.8615,-1,-1,-1
479,34,980.17,196.45,120.14,433.27,0.7522,-1,-1,-1
479,39,1192.31,101.89,348.96,842.27,0.9118,-1,-1,-1
479,46,553.25,262.90,105.38,324.54,0.8061,-1,-1,-1
479,40,1097.34,265.90,76.63,273.54,0.7660,-1,-1,-1
479,50,919.21,252.87,78.21,265.77,0.5586,-1,-1,-1
479,54,652.00,205.85,120.55,387.29,0.8356,-1,-1,-1
480,2,776.92,180.98,174.12,504.61,0.8563,-1,-1,-1
480,34,979.60,195.57,121.13,440.86,0.7589,-1,-1,-1
480,39,1194.38,101.48,349.60,842.79,0.9095,-1,-1,-1
480,46,548.41,264.12,107.00,327.86,0.8075,-1,-1,-1
480,40,1097.47,266.36,77.30,275.97,0.7605,-1,-1,-1
480,50,919.44,240.52,79.42,278.59,0.4914,-1,-1,-1
480,54,648.47,206.36,126.64,390.16,0.8168,-1,-1,-1
481,2,781.41,182.97,172.36,501.29,0.8588,-1,-1,-1
481,34,979.62,196.62,122.94,446.73,0.7733,-1,-1,-1
481,39,1196.92,103.09,350.19,848.93,0.9125,-1,-1,-1
481,46,545.15,267.35,108.24,329.79,0.8047,-1,-1,-1
481,40,1097.68,271.26,79.05,273.32,0.7872,-1,-1,-1
481,54,647.36,208.03,131.19,393.73,0.8177,-1,-1,-1
482,2,785.64,186.49,175.20,501.91,0.8504,-1,-1,-1
482,34,979.37,199.98,124.98,444.23,0.7634,-1,-1,-1
482,39,1200.07,107.02,353.48,854.76,0.9113,-1,-1,-1
482,46,544.11,272.53,108.49,329.70,0.7955,-1,-1,-1
482,40,1098.47,275.67,80.19,271.74,0.7677,-1,-1,-1
482,54,648.83,211.35,133.08,395.70,0.8244,-1,-1,-1
483,2,789.42,184.22,176.94,505.61,0.8504,-1,-1,-1
483,34,981.93,200.40,128.73,446.31,0.7990,-1,-1,-1
483,39,1202.41,107.89,355.60,860.41,0.9092,-1,-1,-1
483,46,545.15,271.62,106.81,331.93,0.7802,-1,-1,-1
483,40,1101.09,274.84,83.74,274.27,0.7716,-1,-1,-1
483,54,649.56,210.39,136.57,398.09,0.8170,-1,-1,-1
484,2,797.85,183.65,172.73,508.22,0.8525,-1,-1,-1
484,34,986.55,202.78,126.93,448.20,0.8213,-1,-1,-1
484,39,1205.17,111.33,355.02,865.96,0.9080,-1,-1,-1
484,46,546.36,270.41,104.66,337.35,0.7710,-1,-1,-1
484,40,1103.16,275.66,86.81,274.61,0.7832,-1,-1,-1
484,54,650.76,209.36,134.22,403.37,0.8116,-1,-1,-1
485,2,805.63,188.98,171.91,502.95,0.8442,-1,-1,-1
485,34,993.04,206.75,123.87,449.54,0.8210,-1,-1,-1
485,39,1209.04,114.13,354.78,876.87,0.9015,-1,-1,-1
485,46,545.61,271.85,106.65,341.57,0.7962,-1,-1,-1
485,40,1105.92,275.91,86.51,278.09,0.7897,-1,-1,-1
485,54,652.82,208.83,131.53,410.44,0.8024,-1,-1,-1
486,2,812.39,191.91,171.55,505.11,0.8459,-1,-1,-1
486,34,998.92,210.96,121.72,448.87,0.8143,-1,-1,-1
486,39,1216.27,118.81,350.46,885.88,0.9044,-1,-1,-1
486,46,546.13,272.28,108.99,345.56,0.7992,-1,-1,-1
486,40,1107.03,279.43,94.08,277.37,0.7854,-1,-1,-1
486,54,655.41,208.77,135.26,413.15,0.8148,-1,-1,-1
487,2,820.17,195.60,171.13,510.14,0.8609,-1,-1,-1
487,34,1005.35,217.29,121.02,448.98,0.7954,-1,-1,-1
487,39,1223.43,128.46,348.73,891.18,0.9047,-1,-1,-1
487,46,544.93,271.57,111.48,351.01,0.8125,-1,-1,-1
487,40,1113.22,283.47,93.69,279.54,0.7876,-1,-1,-1
487,54,658.04,209.82,144.52,417.97,0.8055,-1,-1,-1
488,2,826.38,202.03,172.66,509.92,0.8573,-1,-1,-1
488,34,1007.45,222.29,123.93,449.00,0.8017,-1,-1,-1
488,39,1227.38,137.34,347.29,893.80,0.9044,-1,-1,-1
488,46,544.85,272.37,112.73,354.74,0.8075,-1,-1,-1
488,40,1118.77,286.62,93.36,278.76,0.7799,-1,-1,-1
488,54,660.85,211.51,146.60,419.90,0.8048,-1,-1,-1
489,2,833.99,206.54,175.74,510.15,0.8523,-1,-1,-1
489,34,1012.37,228.21,121.43,443.83,0.7789,-1,-1,-1
489,39,1229.67,142.34,346.34,893.92,0.9078,-1,-1,-1
489,46,543.47,271.10,116.29,359.65,0.7907,-1,-1,-1
489,40,1127.53,292.03,89.94,278.06,0.7963,-1,-1,-1
489,54,663.12,211.82,151.72,422.18,0.8042,-1,-1,-1
490,2,839.51,212.89,176.96,508.85,0.8672,-1,-1,-1
490,34,1015.13,230.20,122.72,446.58,0.7751,-1,-1,-1
490,39,1231.30,144.48,348.75,892.14,0.9106,-1,-1,-1
490,46,538.15,271.94,125.72,363.04,0.7834,-1,-1,-1
490,40,1132.49,296.43,90.45,275.18,0.8022,-1,-1,-1
490,54,664.41,213.10,153.72,426.40,0.7998,-1,-1,-1
491,2,844.42,218.06,177.84,508.28,0.8650,-1,-1,-1
491,34,1016.40,230.01,122.93,447.71,0.7798,-1,-1,-1
491,39,1229.90,144.79,353.03,894.12,0.9101,-1,-1,-1
491,46,532.89,272.91,131.32,365.64,0.7804,-1,-1,-1
491,40,1135.52,300.05,92.14,273.86,0.8188,-1,-1,-1
491,54,664.65,213.71,158.15,429.79,0.8141,-1,-1,-1
492,2,848.11,223.75,177.72,507.41,0.8460,-1,-1,-1
492,34,1015.09,232.18,125.13,450.44,0.7853,-1,-1,-1
492,39,1226.80,143.71,362.81,894.76,0.9084,-1,-1,-1
492,46,527.65,273.46,139.19,367.16,0.8083,-1,-1,-1
492,40,1136.59,303.99,95.02,274.55,0.8235,-1,-1,-1
492,54,665.38,213.92,158.75,432.47,0.8303,-1,-1,-1
493,2,851.09,229.95,174.55,505.75,0.8309,-1,-1,-1
493,34,1015.17,233.27,127.27,452.09,0.8115,-1,-1,-1
493,39,1224.04,139.63,362.10,901.29,0.8988,-1,-1,-1
493,46,523.28,274.35,143.08,369.38,0.7978,-1,-1,-1
493,40,1136.07,308.49,98.75,273.01,0.8216,-1,-1,-1
493,54,661.44,213.83,160.65,436.11,0.8135,-1,-1,-1
494,2,854.84,231.30,173.88,498.08,0.8308,-1,-1,-1
494,34,1014.50,233.81,127.58,449.53,0.8162,-1,-1,-1
494,39,1219.51,136.01,356.04,895.60,0.8984,-1,-1,-1
494,46,519.42,275.23,145.34,374.87,0.8202,-1,-1,-1
494,40,1134.81,310.91,101.76,272.05,0.7904,-1,-1,-1
494,54,659.66,213.39,159.71,442.54,0.8268,-1,-1,-1
495,2,858.22,231.30,172.17,496.35,0.8385,-1,-1,-1
495,34,1010.49,234.51,128.94,448.02,0.8094,-1,-1,-1
495,39,1214.40,132.91,355.22,888.96,0.9057,-1,-1,-1
495,46,515.16,277.02,146.56,379.38,0.7914,-1,-1,-1
495,40,1135.64,312.46,100.76,273.47,0.7831,-1,-1,-1
495,54,655.45,213.04,162.36,449.87,0.8195,-1,-1,-1
496,2,859.82,230.58,172.74,495.58,0.8126,-1,-1,-1
496,34,1009.68,234.68,129.22,445.93,0.8063,-1,-1,-1
496,39,1213.08,128.75,353.20,882.95,0.9091,-1,-1,-1
496,46,511.60,279.84,145.84,382.19,0.8007,-1,-1,-1
496,40,1139.15,312.84,98.52,274.80,0.7659,-1,-1,-1
496,54,646.69,213.14,170.81,454.59,0.8373,-1,-1,-1
497,2,860.56,230.00,174.40,476.61,0.8111,-1,-1,-1
497,34,1008.54,234.19,129.71,446.19,0.8103,-1,-1,-1
497,39,1211.49,123.25,352.82,885.46,0.9162,-1,-1,-1
497,46,508.10,282.01,145.50,384.51,0.8176,-1,-1,-1
497,40,1140.71,312.71,97.83,277.57,0.7445,-1,-1,-1
497,54,639.10,212.84,177.50,457.04,0.8461,-1,-1,-1
498,2,860.04,229.61,176.88,462.06,0.8131,-1,-1,-1
498,34,1007.35,235.00,130.25,446.88,0.8242,-1,-1,-1
498,39,1209.62,119.25,353.38,893.60,0.9115,-1,-1,-1
498,46,505.48,285.00,141.35,384.29,0.8260,-1,-1,-1
498,40,1141.13,312.78,97.75,279.06,0.7723,-1,-1,-1
498,54,634.01,212.68,179.09,460.60,0.8764,-1,-1,-1
499,2,859.54,228.09,178.37,480.40,0.8189,-1,-1,-1
499,34,1006.89,233.54,129.80,448.78,0.8059,-1,-1,-1
499,39,1209.59,115.78,352.57,903.40,0.9119,-1,-1,-1
499,46,498.71,286.68,143.83,387.19,0.8103,-1,-1,-1
499,40,1142.42,312.11,96.38,282.18,0.7388,-1,-1,-1
499,54,629.08,213.49,176.68,463.99,0.8769,-1,-1,-1
500,2,859.27,227.02,177.38,484.81,0.8309,-1,-1,-1
500,34,1007.08,232.81,127.21,452.21,0.8011,-1,-1,-1
500,39,1207.44,114.10,354.10,914.85,0.9101,-1,-1,-1
500,46,492.78,288.87,143.35,390.92,0.8254,-1,-1,-1
500,40,1141.23,312.47,97.28,284.90,0.7397,-1,-1,-1
500,54,624.00,213.50,173.97,471.32,0.8412,-1,-1,-1
501,2,857.93,226.83,179.02,489.47,0.8407,-1,-1,-1
501,34,1006.68,233.06,127.28,453.57,0.8121,-1,-1,-1
501,39,1206.92,113.43,354.16,924.01,0.9116,-1,-1,-1
501,46,486.29,285.23,143.92,398.15,0.8323,-1,-1,-1
501,40,1142.30,312.23,96.08,284.96,0.7571,-1,-1,-1
501,54,620.59,212.17,171.85,480.34,0.8423,-1,-1,-1
502,2,857.94,227.24,180.40,489.07,0.8465,-1,-1,-1
502,34,1004.14,234.41,128.48,453.46,0.8182,-1,-1,-1
502,39,1207.16,113.29,353.34,930.17,0.9147,-1,-1,-1
502,46,480.02,283.72,142.45,404.34,0.8263,-1,-1,-1
502,40,1141.61,311.58,96.88,284.24,0.7961,-1,-1,-1
502,54,615.41,212.48,174.60,484.91,0.8389,-1,-1,-1
503,2,855.50,225.55,180.19,494.40,0.8427,-1,-1,-1
503,34,1001.41,234.42,130.72,450.68,0.8122,-1,-1,-1
503,39,1206.78,113.86,352.46,934.18,0.9157,-1,-1,-1
503,46,470.81,278.84,142.70,410.43,0.8174,-1,-1,-1
503,40,1138.66,309.37,97.13,285.20,0.8153,-1,-1,-1
503,54,608.50,207.59,168.70,488.59,0.8485,-1,-1,-1
504,2,852.68,224.11,182.48,493.22,0.8407,-1,-1,-1
504,34,1000.71,232.95,129.51,449.27,0.8056,-1,-1,-1
504,39,1205.86,114.35,352.70,938.64,0.9172,-1,-1,-1
504,46,461.87,274.90,144.75,415.13,0.8151,-1,-1,-1
504,40,1136.83,305.87,98.49,288.14,0.8100,-1,-1,-1
504,54,601.36,198.52,168.94,498.74,0.8539,-1,-1,-1
505,2,853.69,224.04,183.49,495.44,0.8217,-1,-1,-1
505,34,1002.92,230.47,122.41,449.38,0.7633,-1,-1,-1
505,39,1206.55,114.24,352.89,942.95,0.9195,-1,-1,-1
505,46,452.22,270.10,145.20,421.89,0.8092,-1,-1,-1
505,40,1135.37,302.81,98.13,288.65,0.8120,-1,-1,-1
505,54,591.69,194.91,172.55,504.40,0.8639,-1,-1,-1
506,2,853.76,223.52,183.94,501.24,0.8192,-1,-1,-1
506,34,1002.02,231.17,120.17,442.83,0.7543,-1,-1,-1
506,39,1206.48,112.98,353.95,945.93,0.9161,-1,-1,-1
506,46,441.49,266.76,151.13,427.58,0.8197,-1,-1,-1
506,40,1130.50,299.49,103.04,290.20,0.8077,-1,-1,-1
506,54,582.60,189.26,170.64,508.47,0.8524,-1,-1,-1
507,2,854.98,224.51,181.88,504.34,0.8122,-1,-1,-1
507,34,1000.32,232.34,119.01,441.02,0.7591,-1,-1,-1
507,39,1208.34,111.77,352.71,939.32,0.9159,-1,-1,-1
507,46,432.07,263.52,151.40,434.27,0.8505,-1,-1,-1
507,40,1128.76,297.63,103.23,291.00,0.8150,-1,-1,-1
507,54,573.34,186.79,170.60,509.60,0.8499,-1,-1,-1
508,2,853.63,227.68,178.52,500.57,0.8230,-1,-1,-1
508,34,1001.48,228.68,111.33,445.10,0.7305,-1,-1,-1
508,39,1209.48,108.22,350.84,936.07,0.9172,-1,-1,-1
508,46,418.92,259.89,151.35,439.67,0.8384,-1,-1,-1
508,40,1130.25,295.91,99.50,290.75,0.7945,-1,-1,-1
508,54,562.81,181.40,170.51,518.18,0.8464,-1,-1,-1
509,2,853.06,228.14,175.39,495.32,0.8009,-1,-1,-1
509,34,1000.94,226.91,100.93,448.15,0.7384,-1,-1,-1
509,39,1208.75,104.56,349.59,935.59,0.9159,-1,-1,-1
509,46,407.91,255.90,150.73,444.18,0.8459,-1,-1,-1
509,40,1126.93,294.65,97.65,290.24,0.7947,-1,-1,-1
509,54,550.61,175.41,172.87,526.12,0.8655,-1,-1,-1
510,2,850.54,228.28,173.97,490.80,0.7938,-1,-1,-1
510,34,997.75,227.04,98.47,448.23,0.7134,-1,-1,-1
510,39,1206.20,100.82,355.38,934.05,0.9113,-1,-1,-1
510,46,393.95,254.45,151.07,450.21,0.8395,-1,-1,-1
510,40,1121.70,293.00,98.49,290.74,0.8059,-1,-1,-1
510,54,536.78,171.07,178.14,534.33,0.8798,-1,-1,-1
511,2,855.52,226.39,165.30,485.91,0.7536,-1,-1,-1
511,34,993.20,221.11,99.64,456.32,0.6836,-1,-1,-1
511,39,1203.59,94.91,359.28,925.62,0.9118,-1,-1,-1
511,46,377.02,252.03,157.61,459.36,0.8520,-1,-1,-1
511,40,1118.45,289.46,97.86,293.83,0.8114,-1,-1,-1
511,54,523.37,169.70,179.46,538.06,0.8654,-1,-1,-1
511,56,1071.17,310.33,57.23,205.18,0.5248,-1,-1,-1
512,2,855.57,221.42,161.77,482.72,0.7486,-1,-1,-1
512,34,990.12,217.19,100.84,462.60,0.6845,-1,-1,-1
512,39,1203.23,88.47,356.92,912.61,0.9077,-1,-1,-1
512,46,363.41,251.00,159.65,468.51,0.8265,-1,-1,-1
512,40,1114.48,285.49,98.03,296.56,0.7847,-1,-1,-1
512,54,511.48,167.75,183.20,546.03,0.8665,-1,-1,-1
512,56,1066.96,307.42,58.89,202.90,0.4564,-1,-1,-1
513,2,852.79,215.84,161.29,482.67,0.8258,-1,-1,-1
513,34,988.69,219.29,88.77,455.49,0.6102,-1,-1,-1
513,39,1205.23,83.00,353.79,903.05,0.9028,-1,-1,-1
513,46,351.01,246.63,161.80,478.88,0.8543,-1,-1,-1
513,40,1111.67,283.04,98.01,296.76,0.7458,-1,-1,-1
513,54,500.92,162.11,188.09,557.70,0.8584,-1,-1,-1
513,56,1061.28,307.62,62.78,203.53,0.5035,-1,-1,-1
514,2,851.44,207.69,159.83,486.20,0.7774,-1,-1,-1
514,34,987.34,213.67,88.67,453.19,0.6746,-1,-1,-1
514,39,1208.86,75.24,350.78,899.53,0.9054,-1,-1,-1
514,46,340.74,245.92,164.75,478.95,0.8290,-1,-1,-1
514,40,1108.88,278.15,99.71,297.50,0.7837,-1,-1,-1
514,54,488.91,157.63,195.24,569.53,0.8477,-1,-1,-1
514,56,1059.00,300.59,62.91,211.57,0.4241,-1,-1,-1
515,2,850.80,204.37,158.41,486.14,0.7921,-1,-1,-1
515,34,987.33,210.67,88.94,453.19,0.6656,-1,-1,-1
515,39,1212.33,68.73,347.67,903.08,0.9066,-1,-1,-1
515,46,329.50,244.85,168.62,482.20,0.8546,-1,-1,-1
515,40,1105.64,274.50,101.45,298.80,0.8049,-1,-1,-1
515,54,480.25,154.62,197.79,579.28,0.8479,-1,-1,-1
515,56,1056.95,294.32,59.59,219.70,0.4458,-1,-1,-1
516,2,849.65,201.59,158.35,486.32,0.8173,-1,-1,-1
516,34,987.48,206.00,88.11,450.04,0.6717,-1,-1,-1
516,39,1216.07,62.82,343.91,908.03,0.9067,-1,-1,-1
516,46,318.45,243.85,172.75,490.26,0.8639,-1,-1,-1
516,40,1104.78,272.29,101.08,299.19,0.8176,-1,-1,-1
516,54,470.59,151.11,204.29,586.29,0.8653,-1,-1,-1
516,56,1054.46,294.44,60.80,218.00,0.4492,-1,-1,-1
517,2,851.28,199.22,155.79,488.89,0.8158,-1,-1,-1
517,34,988.25,204.13,85.26,441.86,0.6631,-1,-1,-1
517,39,1219.54,59.70,341.72,916.55,0.9086,-1,-1,-1
517,46,309.01,241.00,172.88,502.51,0.8546,-1,-1,-1
517,40,1105.69,270.91,101.22,300.82,0.8210,-1,-1,-1
517,54,464.51,150.40,208.55,595.50,0.8866,-1,-1,-1
517,56,1054.90,295.05,61.07,215.32,0.5299,-1,-1,-1
518,2,852.63,197.61,153.41,491.88,0.7923,-1,-1,-1
518,34,988.51,201.80,82.44,438.33,0.6678,-1,-1,-1
518,39,1220.95,57.35,341.23,926.99,0.9090,-1,-1,-1
518,46,299.44,236.44,174.30,515.63,0.8636,-1,-1,-1
518,40,1104.36,269.05,103.83,304.26,0.8106,-1,-1,-1
518,54,458.59,147.64,212.80,605.11,0.8800,-1,-1,-1
518,56,1054.02,289.69,57.81,218.83,0.4935,-1,-1,-1
519,2,852.37,196.00,153.77,493.82,0.7936,-1,-1,-1
519,34,988.32,199.31,81.23,436.99,0.6409,-1,-1,-1
519,39,1221.90,56.20,340.69,933.14,0.9035,-1,-1,-1
519,46,290.45,231.30,176.83,527.89,0.8635,-1,-1,-1
519,40,1102.13,265.05,106.42,307.65,0.8084,-1,-1,-1
519,54,451.82,143.61,217.48,615.10,0.8662,-1,-1,-1
519,56,1055.36,289.92,57.15,220.69,0.5483,-1,-1,-1
520,2,853.98,193.97,152.68,495.72,0.7847,-1,-1,-1
520,34,988.38,196.77,80.89,438.57,0.6349,-1,-1,-1
520,39,1226.60,55.11,337.93,941.15,0.9025,-1,-1,-1
520,46,279.80,226.48,181.76,535.83,0.8732,-1,-1,-1
520,40,1102.83,264.37,107.52,306.35,0.8028,-1,-1,-1
520,54,447.18,139.70,222.12,624.19,0.8580,-1,-1,-1
520,56,1056.48,286.42,54.48,222.06,0.5421,-1,-1,-1
521,2,857.78,196.36,150.77,496.30,0.7859,-1,-1,-1
521,34,990.73,196.82,80.84,439.63,0.6698,-1,-1,-1
521,39,1232.04,58.09,335.81,947.05,0.9022,-1,-1,-1
521,46,273.48,227.08,184.63,538.70,0.8842,-1,-1,-1
521,40,1107.72,264.69,108.40,307.14,0.7963,-1,-1,-1
521,54,445.78,136.27,225.36,631.73,0.8568,-1,-1,-1
521,56,1059.95,293.56,55.81,215.49,0.5819,-1,-1,-1
522,2,859.53,196.96,150.31,493.86,0.8086,-1,-1,-1
522,34,990.90,194.91,80.94,441.22,0.6511,-1,-1,-1
522,39,1234.90,56.73,331.22,954.89,0.9047,-1,-1,-1
522,46,266.15,222.96,187.55,545.17,0.8767,-1,-1,-1
522,40,1108.98,261.96,107.64,307.09,0.7992,-1,-1,-1
522,54,442.80,130.33,228.70,639.48,0.8674,-1,-1,-1
522,56,1060.53,286.15,56.01,216.27,0.5760,-1,-1,-1
523,2,863.20,196.29,148.48,493.11,0.8158,-1,-1,-1
523,34,991.33,192.73,81.67,445.15,0.6679,-1,-1,-1
523,39,1236.31,54.29,326.57,963.29,0.9078,-1,-1,-1
523,46,256.17,217.38,195.46,552.92,0.8786,-1,-1,-1
523,40,1109.05,259.37,109.09,306.16,0.7868,-1,-1,-1
523,54,437.37,120.11,233.61,652.88,0.8748,-1,-1,-1
523,56,1060.79,284.35,58.62,215.89,0.6369,-1,-1,-1
524,2,868.80,197.96,145.73,492.11,0.8325,-1,-1,-1
524,34,994.07,196.37,79.82,449.10,0.6185,-1,-1,-1
524,39,1237.95,53.43,323.57,963.95,0.9067,-1,-1,-1
524,46,248.96,215.23,200.46,561.56,0.8795,-1,-1,-1
524,40,1108.01,258.38,112.49,306.88,0.7970,-1,-1,-1
524,54,433.54,117.23,237.33,659.63,0.8761,-1,-1,-1
524,56,1061.05,282.29,60.90,217.17,0.6624,-1,-1,-1
525,2,873.49,199.32,147.79,491.18,0.8534,-1,-1,-1
525,34,995.85,200.14,82.53,442.14,0.5593,-1,-1,-1
525,39,1238.22,49.88,326.14,966.69,0.9048,-1,-1,-1
525,46,241.52,212.83,203.56,567.45,0.8767,-1,-1,-1
525,40,1111.49,256.93,114.10,307.25,0.8081,-1,-1,-1
525,54,432.21,113.08,241.44,667.36,0.8757,-1,-1,-1
525,56,1064.81,280.59,61.72,218.78,0.6511,-1,-1,-1
526,2,878.41,199.68,148.81,493.14,0.8613,-1,-1,-1
526,34,997.84,202.05,86.07,444.67,0.5388,-1,-1,-1
526,39,1241.51,48.43,327.09,966.71,0.9025,-1,-1,-1
526,46,233.50,210.52,206.53,574.60,0.8671,-1,-1,-1
526,40,1114.89,256.25,116.90,310.23,0.8281,-1,-1,-1
526,54,429.80,110.75,247.24,672.89,0.8780,-1,-1,-1
526,56,1069.66,278.14,60.36,221.06,0.7115,-1,-1,-1
527,2,881.81,200.76,150.34,492.18,0.8386,-1,-1,-1
527,34,998.94,203.80,89.24,447.24,0.6063,-1,-1,-1
527,39,1245.71,49.10,325.73,964.85,0.9087,-1,-1,-1
527,46,225.89,206.56,207.79,583.88,0.8560,-1,-1,-1
527,40,1118.06,258.36,119.06,309.76,0.8428,-1,-1,-1
527,54,425.87,110.09,254.12,676.35,0.8747,-1,-1,-1
527,56,1072.88,278.78,62.10,224.34,0.7561,-1,-1,-1
528,2,881.21,200.37,154.85,492.95,0.8258,-1,-1,-1
528,34,1000.57,203.70,91.64,450.27,0.5889,-1,-1,-1
528,39,1245.51,47.33,329.59,965.31,0.9093,-1,-1,-1
528,46,222.39,205.61,209.68,590.53,0.8463,-1,-1,-1
528,40,1124.67,260.07,114.51,310.50,0.8397,-1,-1,-1
528,54,421.37,107.89,259.68,682.57,0.8841,-1,-1,-1
528,56,1078.29,278.44,62.65,225.12,0.7222,-1,-1,-1
529,2,879.78,199.64,156.90,491.05,0.8119,-1,-1,-1
529,34,1003.10,203.91,90.61,452.12,0.6234,-1,-1,-1
529,39,1245.27,47.77,332.91,958.70,0.9104,-1,-1,-1
529,46,220.64,205.46,210.60,605.45,0.8253,-1,-1,-1
529,40,1132.19,261.61,110.44,311.65,0.8126,-1,-1,-1
529,54,416.90,104.85,267.51,692.72,0.8815,-1,-1,-1
529,56,1084.48,282.60,60.05,226.33,0.7215,-1,-1,-1
530,2,887.64,197.92,148.18,490.98,0.7797,-1,-1,-1
530,34,1008.16,207.46,88.21,452.18,0.7038,-1,-1,-1
530,39,1248.11,48.86,338.73,946.12,0.9049,-1,-1,-1
530,46,213.90,205.33,216.54,624.92,0.8275,-1,-1,-1
530,40,1137.37,262.39,108.36,313.45,0.8000,-1,-1,-1
530,54,407.14,101.54,278.54,709.36,0.8806,-1,-1,-1
530,56,1089.33,293.48,61.08,215.07,0.6524,-1,-1,-1
531,2,882.92,196.67,155.18,491.38,0.7960,-1,-1,-1
531,34,1011.29,207.71,91.15,457.07,0.7153,-1,-1,-1
531,39,1249.85,49.23,342.90,940.57,0.9107,-1,-1,-1
531,46,208.66,207.22,218.36,635.37,0.8439,-1,-1,-1
531,40,1143.76,264.78,106.60,312.46,0.8074,-1,-1,-1
531,54,402.44,95.66,283.45,734.92,0.8831,-1,-1,-1
531,56,1094.29,294.17,63.09,214.00,0.7247,-1,-1,-1
532,2,887.14,197.85,155.89,488.28,0.8205,-1,-1,-1
532,34,1014.21,203.86,91.83,461.56,0.6439,-1,-1,-1
532,39,1251.82,47.92,347.05,946.60,0.9081,-1,-1,-1
532,46,203.01,209.64,221.98,638.28,0.8573,-1,-1,-1
532,40,1147.57,265.33,106.00,313.79,0.8129,-1,-1,-1
532,54,397.39,92.27,288.65,754.05,0.8872,-1,-1,-1
532,56,1099.59,294.57,61.32,215.64,0.7336,-1,-1,-1
533,2,892.29,199.70,154.29,486.40,0.8351,-1,-1,-1
533,34,1016.59,203.57,92.19,461.10,0.7141,-1,-1,-1
533,39,1253.94,48.13,352.81,952.46,0.9008,-1,-1,-1
533,46,197.58,212.45,222.64,642.90,0.8669,-1,-1,-1
533,40,1151.96,268.50,105.52,314.88,0.8024,-1,-1,-1
533,54,389.94,90.42,296.38,763.91,0.8827,-1,-1,-1
533,56,1103.57,288.57,61.71,222.64,0.6586,-1,-1,-1
534,2,895.81,200.94,153.53,493.17,0.8349,-1,-1,-1
534,34,1017.18,199.83,92.01,465.34,0.6615,-1,-1,-1
534,39,1259.47,45.43,357.21,962.60,0.9035,-1,-1,-1
534,46,189.14,214.83,222.91,645.61,0.8753,-1,-1,-1
534,40,1154.97,269.96,106.31,316.24,0.7684,-1,-1,-1
534,54,381.79,89.11,303.19,768.60,0.8852,-1,-1,-1
534,56,1106.78,287.55,63.56,229.58,0.5998,-1,-1,-1
535,2,896.98,203.54,153.56,493.18,0.8422,-1,-1,-1
535,34,1018.27,199.25,93.84,470.70,0.6857,-1,-1,-1
535,39,1263.27,43.56,358.14,974.09,0.9082,-1,-1,-1
535,46,179.85,211.38,227.03,669.04,0.8801,-1,-1,-1
535,40,1154.88,270.06,110.84,317.29,0.7876,-1,-1,-1
535,54,374.29,86.23,305.56,779.10,0.8757,-1,-1,-1
535,56,1107.83,288.49,61.22,231.52,0.4044,-1,-1,-1
536,2,899.73,204.65,152.35,494.31,0.8320,-1,-1,-1
536,34,1019.06,197.34,93.17,469.77,0.7118,-1,-1,-1
536,39,1263.72,41.75,364.18,984.35,0.9050,-1,-1,-1
536,46,168.42,208.90,232.65,681.77,0.8808,-1,-1,-1
536,40,1155.32,269.66,111.83,317.98,0.8013,-1,-1,-1
536,54,369.53,82.42,304.01,802.25,0.8700,-1,-1,-1
537,2,902.20,208.35,151.22,493.59,0.8228,-1,-1,-1
537,34,1019.58,198.15,93.01,465.74,0.6986,-1,-1,-1
537,39,1264.27,40.70,369.70,992.67,0.9050,-1,-1,-1
537,46,153.39,206.01,239.53,694.14,0.8765,-1,-1,-1
537,40,1156.01,270.02,111.72,318.45,0.7664,-1,-1,-1
537,54,362.14,78.79,304.40,825.39,0.8744,-1,-1,-1
538,2,903.65,211.14,151.55,491.59,0.8182,-1,-1,-1
538,34,1019.82,199.19,98.18,462.10,0.7037,-1,-1,-1
538,39,1266.41,40.27,374.39,1000.01,0.9047,-1,-1,-1
538,46,137.84,199.98,243.79,707.98,0.8730,-1,-1,-1
538,40,1157.89,268.79,110.49,320.81,0.8010,-1,-1,-1
538,54,351.25,69.02,302.03,846.25,0.8846,-1,-1,-1
539,2,902.76,211.04,151.02,491.83,0.8160,-1,-1,-1
539,34,1019.50,198.66,102.08,454.82,0.7193,-1,-1,-1
539,39,1267.51,38.84,377.57,1007.55,0.9043,-1,-1,-1
539,46,115.04,190.32,249.98,721.40,0.8693,-1,-1,-1
539,40,1155.43,265.66,110.54,323.19,0.7894,-1,-1,-1
539,54,341.25,55.87,306.36,864.99,0.8803,-1,-1,-1
540,2,902.58,212.50,151.12,491.29,0.8094,-1,-1,-1
540,34,1019.87,198.67,95.50,454.49,0.6248,-1,-1,-1
540,39,1270.92,40.68,375.82,1014.58,0.9040,-1,-1,-1
540,46,98.82,181.62,246.48,735.63,0.8850,-1,-1,-1
540,40,1152.21,266.41,109.41,323.20,0.7977,-1,-1,-1
540,54,327.47,50.56,309.76,875.94,0.8769,-1,-1,-1
541,2,902.52,216.19,148.51,485.67,0.8054,-1,-1,-1
541,34,1018.06,200.14,95.87,454.16,0.7096,-1,-1,-1
541,39,1271.22,48.32,376.85,1013.68,0.9000,-1,-1,-1
541,46,78.44,179.51,251.34,745.42,0.8952,-1,-1,-1
541,40,1140.11,268.63,115.40,322.48,0.7808,-1,-1,-1
541,54,307.43,43.43,310.74,888.65,0.8858,-1,-1,-1
542,2,897.88,212.54,149.80,487.52,0.7967,-1,-1,-1
542,34,1016.74,196.48,88.51,455.11,0.6567,-1,-1,-1
542,39,1271.52,50.79,377.83,1010.27,0.8952,-1,-1,-1
542,46,55.11,168.65,256.38,755.82,0.8871,-1,-1,-1
542,40,1138.81,266.43,112.34,323.65,0.8210,-1,-1,-1
542,54,290.72,33.93,307.81,902.90,0.8866,-1,-1,-1
542,57,584.40,291.33,69.98,248.92,0.6274,-1,-1,-1
543,2,892.62,209.48,151.76,489.22,0.8219,-1,-1,-1
543,34,1016.18,194.41,84.11,455.56,0.6310,-1,-1,-1
543,39,1274.38,50.86,376.76,1006.29,0.8989,-1,-1,-1
543,46,30.60,159.86,262.07,770.29,0.8898,-1,-1,-1
543,40,1133.01,264.99,111.52,322.61,0.7960,-1,-1,-1
543,54,264.14,21.41,319.76,919.55,0.8778,-1,-1,-1
543,57,580.80,287.59,74.22,254.53,0.5996,-1,-1,-1
544,2,890.83,206.54,151.92,487.47,0.8171,-1,-1,-1
544,34,1014.51,191.86,84.83,459.50,0.5611,-1,-1,-1
544,39,1276.79,52.19,375.58,1008.01,0.8984,-1,-1,-1
544,46,6.59,154.50,269.51,782.46,0.8870,-1,-1,-1
544,40,1120.84,263.69,118.60,326.41,0.8357,-1,-1,-1
544,54,251.71,12.15,315.88,936.94,0.8982,-1,-1,-1
544,57,578.58,286.93,74.82,257.73,0.6438,-1,-1,-1
545,2,888.89,204.93,151.44,484.52,0.8098,-1,-1,-1
545,34,1011.78,197.95,85.07,459.53,0.6109,-1,-1,-1
545,39,1279.00,54.04,373.32,1004.05,0.9040,-1,-1,-1
545,46,-4.66,147.40,261.07,799.83,0.8815,-1,-1,-1
545,40,1110.97,264.67,123.31,328.17,0.8420,-1,-1,-1
545,54,225.34,4.39,326.10,951.26,0.8899,-1,-1,-1
545,57,577.04,289.12,73.48,256.09,0.6475,-1,-1,-1
546,2,884.45,202.92,154.66,484.16,0.8077,-1,-1,-1
546,34,1008.94,198.66,90.82,448.74,0.4927,-1,-1,-1
546,39,1278.77,54.53,372.88,1002.08,0.9042,-1,-1,-1
546,46,-8.29,141.14,245.35,821.19,0.8869,-1,-1,-1
546,40,1108.13,267.46,120.90,325.83,0.8204,-1,-1,-1
546,54,203.24,2.00,335.78,962.09,0.9040,-1,-1,-1
546,57,573.85,288.56,71.62,254.52,0.6964,-1,-1,-1
547,2,878.75,201.43,155.34,484.33,0.8088,-1,-1,-1
547,34,1003.35,199.13,99.68,447.54,0.6078,-1,-1,-1
547,39,1277.75,53.84,371.10,995.40,0.9079,-1,-1,-1
547,46,-8.53,132.91,228.02,838.26,0.8793,-1,-1,-1
547,40,1108.44,267.90,113.56,324.16,0.7743,-1,-1,-1
547,54,182.47,-0.31,344.31,970.32,0.8975,-1,-1,-1
547,57,568.73,289.22,64.18,254.66,0.6272,-1,-1,-1
548,2,873.52,202.26,156.18,485.25,0.8153,-1,-1,-1
548,34,999.32,201.67,111.94,447.06,0.6326,-1,-1,-1
548,39,1277.04,53.17,369.51,983.67,0.9042,-1,-1,-1
548,46,-7.78,126.26,211.24,845.47,0.8607,-1,-1,-1
548,40,1098.52,269.42,115.80,325.18,0.8084,-1,-1,-1
548,54,159.77,0.38,358.22,986.55,0.8996,-1,-1,-1
548,57,563.09,288.39,62.23,258.15,0.6729,-1,-1,-1
549,2,868.06,202.22,153.14,488.71,0.8359,-1,-1,-1
549,34,994.13,213.02,125.88,434.91,0.6793,-1,-1,-1
549,39,1276.32,51.26,366.49,972.20,0.9045,-1,-1,-1
549,46,-6.36,125.62,199.04,851.35,0.8491,-1,-1,-1
549,40,1095.09,271.11,113.28,323.97,0.8208,-1,-1,-1
549,54,122.18,-0.32,389.50,1018.69,0.8784,-1,-1,-1
549,57,555.86,290.94,63.26,255.45,0.6634,-1,-1,-1
550,2,865.03,203.41,153.00,491.32,0.8402,-1,-1,-1
550,34,987.98,209.09,99.90,442.98,0.4563,-1,-1,-1
550,39,1275.72,49.34,363.96,970.57,0.9036,-1,-1,-1
550,46,-5.69,149.64,167.08,834.89,0.8166,-1,-1,-1
550,40,1094.33,272.08,106.69,323.54,0.8088,-1,-1,-1
550,54,93.16,0.73,399.49,1054.11,0.8849,-1,-1,-1
550,57,547.44,287.98,69.42,259.54,0.6639,-1,-1,-1
550,58,1624.79,292.06,61.93,162.59,0.4779,-1,-1,-1
550,56,1026.96,276.18,108.52,346.78,0.6143,-1,-1,-1
551,2,863.57,207.07,149.76,488.31,0.8467,-1,-1,-1
551,39,1275.26,48.51,362.96,978.38,0.8995,-1,-1,-1
551,46,-3.36,219.48,147.91,769.68,0.8401,-1,-1,-1
551,40,1092.68,273.88,104.24,321.62,0.7984,-1,-1,-1
551,54,66.54,0.63,407.12,1072.52,0.8871,-1,-1,-1
551,57,541.69,283.32,65.54,265.57,0.7282,-1,-1,-1
551,58,1621.10,286.15,64.14,169.62,0.4933,-1,-1,-1
551,56,1021.69,283.33,111.65,344.43,0.6775,-1,-1,-1
552,2,859.24,211.19,148.80,482.47,0.8403,-1,-1,-1
552,39,1275.57,48.38,360.88,986.55,0.8993,-1,-1,-1
552,46,-2.66,235.54,128.48,758.23,0.7941,-1,-1,-1
552,40,1092.67,276.08,99.17,320.67,0.7477,-1,-1,-1
552,54,31.27,1.89,422.46,1076.23,0.9076,-1,-1,-1
552,57,535.02,283.33,68.34,267.10,0.7325,-1,-1,-1
552,56,1013.99,283.08,120.90,349.34,0.6555,-1,-1,-1
552,34,976.07,211.80,89.00,418.63,0.4465,-1,-1,-1
553,2,853.66,215.45,147.00,480.42,0.8146,-1,-1,-1
553,39,1278.64,48.13,356.39,993.90,0.8959,-1,-1,-1
553,46,-1.39,237.40,115.72,762.66,0.4720,-1,-1,-1
553,40,1095.02,276.69,90.80,319.70,0.7466,-1,-1,-1
553,54,3.93,2.02,436.32,1074.01,0.9054,-1,-1,-1
553,57,530.36,288.92,69.62,263.34,0.7055,-1,-1,-1
553,56,1011.99,275.77,123.72,361.21,0.6266,-1,-1,-1
553,34,972.84,212.54,86.61,421.30,0.5704,-1,-1,-1
554,2,851.65,220.12,140.26,479.89,0.8401,-1,-1,-1
554,39,1276.35,47.84,353.75,1000.98,0.9026,-1,-1,-1
554,40,1095.42,277.87,89.56,325.49,0.6852,-1,-1,-1
554,54,-6.64,3.43,436.33,1070.97,0.9109,-1,-1,-1
554,57,527.10,287.81,70.28,267.18,0.7208,-1,-1,-1
554,56,1014.06,271.26,121.27,369.87,0.6175,-1,-1,-1
554,34,966.32,213.43,85.39,452.79,0.6286,-1,-1,-1
554,58,1612.96,287.52,71.22,170.67,0.5706,-1,-1,-1
555,2,852.03,222.72,134.48,481.34,0.8488,-1,-1,-1
555,39,1271.48,50.34,353.23,1005.60,0.9051,-1,-1,-1
555,40,1096.95,279.61,83.99,332.93,0.4506,-1,-1,-1
555,54,-9.34,3.58,404.38,1069.15,0.8839,-1,-1,-1
555,57,523.46,289.33,73.09,268.31,0.7476,-1,-1,-1
555,56,1013.99,270.08,122.70,375.22,0.6406,-1,-1,-1
555,34,961.29,214.88,86.44,461.87,0.6516,-1,-1,-1
555,58,1607.68,290.73,75.85,169.57,0.6565,-1,-1,-1
556,2,850.51,223.94,133.57,481.32,0.8436,-1,-1,-1
556,39,1268.88,53.64,352.41,1011.70,0.9004,-1,-1,-1
556,54,-8.80,5.65,369.91,1065.16,0.9233,-1,-1,-1
556,57,521.16,290.74,71.49,269.83,0.7281,-1,-1,-1
556,56,1015.94,265.39,125.77,382.59,0.6032,-1,-1,-1
556,34,960.39,216.87,89.66,465.29,0.7286,-1,-1,-1
556,58,1607.03,292.55,77.00,170.89,0.6454,-1,-1,-1
557,2,847.05,221.85,135.03,482.79,0.8357,-1,-1,-1
557,39,1270.46,55.18,347.24,1012.58,0.8958,-1,-1,-1
557,54,-7.26,4.53,348.89,1065.91,0.9184,-1,-1,-1
557,57,517.99,292.10,71.16,269.82,0.7235,-1,-1,-1
557,56,1033.24,262.43,124.10,381.85,0.7519,-1,-1,-1
557,34,959.94,214.37,92.23,465.89,0.7582,-1,-1,-1
557,58,1605.75,290.05,78.09,174.37,0.5224,-1,-1,-1
558,2,841.65,220.16,139.25,486.23,0.8392,-1,-1,-1
558,39,1276.02,56.47,337.83,1014.25,0.8954,-1,-1,-1
558,54,-5.34,4.30,336.33,1065.96,0.8748,-1,-1,-1
558,57,516.95,292.84,71.95,270.59,0.7385,-1,-1,-1
558,56,1044.55,257.90,119.95,388.55,0.7893,-1,-1,-1
558,34,960.63,215.55,92.83,463.02,0.8014,-1,-1,-1
558,58,1605.34,288.87,81.84,175.90,0.4420,-1,-1,-1
559,2,835.41,221.10,145.61,483.59,0.8350,-1,-1,-1
559,39,1282.94,57.79,327.92,1012.49,0.9023,-1,-1,-1
559,54,-3.89,6.09,347.12,1066.25,0.8955,-1,-1,-1
559,57,519.43,290.78,70.18,275.94,0.7439,-1,-1,-1
559,56,1047.38,256.23,121.18,392.76,0.7931,-1,-1,-1
559,34,958.92,214.63,97.19,458.33,0.7989,-1,-1,-1
559,58,1604.27,291.32,90.48,175.52,0.5060,-1,-1,-1
560,2,827.83,224.19,154.21,477.34,0.8430,-1,-1,-1
560,39,1288.37,59.96,318.46,1008.81,0.8923,-1,-1,-1
560,54,-2.42,5.48,348.20,1065.57,0.7996,-1,-1,-1
560,57,520.84,291.80,70.71,277.52,0.7422,-1,-1,-1
560,56,1058.12,261.42,115.33,387.67,0.7204,-1,-1,-1
560,34,957.17,218.60,101.48,449.35,0.7658,-1,-1,-1
560,58,1602.63,292.92,99.24,175.31,0.6286,-1,-1,-1
561,2,824.19,221.59,158.89,474.95,0.8466,-1,-1,-1
561,39,1293.77,56.71,317.03,1010.21,0.8955,-1,-1,-1
561,54,-1.37,5.12,338.71,1064.06,0.8638,-1,-1,-1
561,57,523.46,287.62,74.28,280.74,0.7175,-1,-1,-1
561,56,1074.50,267.66,114.01,376.88,0.7062,-1,-1,-1
561,34,957.07,216.53,107.14,447.47,0.7842,-1,-1,-1
561,58,1605.50,285.26,112.40,180.84,0.5894,-1,-1,-1
562,2,820.30,219.51,163.16,472.39,0.8435,-1,-1,-1
562,39,1298.41,55.50,313.81,1015.81,0.9003,-1,-1,-1
562,54,-0.56,10.35,333.54,1058.82,0.8352,-1,-1,-1
562,57,525.64,288.49,74.52,279.81,0.6948,-1,-1,-1
562,56,1089.26,269.78,113.53,380.43,0.7617,-1,-1,-1
562,34,956.23,214.63,112.30,451.88,0.7989,-1,-1,-1
562,58,1613.89,285.27,112.93,181.55,0.6895,-1,-1,-1
563,2,819.71,218.93,165.71,474.51,0.8473,-1,-1,-1
563,39,1303.79,57.79,319.38,1015.89,0.8957,-1,-1,-1
563,54,0.37,8.13,320.67,1061.16,0.8743,-1,-1,-1
563,57,528.92,288.89,74.01,281.28,0.7384,-1,-1,-1
563,56,1101.51,270.77,124.14,382.93,0.7906,-1,-1,-1
563,34,958.89,215.49,114.04,454.07,0.8122,-1,-1,-1
563,58,1626.34,284.02,116.59,184.27,0.5990,-1,-1,-1
564,2,822.80,219.26,166.35,478.51,0.8585,-1,-1,-1
564,39,1308.21,54.71,332.13,1020.17,0.8986,-1,-1,-1
564,54,1.00,6.88,308.49,1064.22,0.8590,-1,-1,-1
564,57,534.74,292.30,72.88,280.53,0.7499,-1,-1,-1
564,56,1113.69,270.50,140.70,387.81,0.7523,-1,-1,-1
564,34,963.80,214.77,116.25,459.95,0.7958,-1,-1,-1
564,58,1641.58,280.51,111.64,189.32,0.6525,-1,-1,-1
565,2,831.27,223.34,163.87,478.19,0.8561,-1,-1,-1
565,39,1310.98,54.28,349.16,1024.27,0.9026,-1,-1,-1
565,54,1.72,10.40,291.58,1058.87,0.7603,-1,-1,-1
565,57,542.82,300.19,72.90,275.32,0.7162,-1,-1,-1
565,56,1129.76,270.83,157.87,391.65,0.7973,-1,-1,-1
565,34,971.69,216.74,117.82,463.05,0.7981,-1,-1,-1
565,58,1656.26,280.83,114.09,194.86,0.6561,-1,-1,-1
565,59,1082.05,274.77,92.78,340.03,0.6707,-1,-1,-1
566,2,838.62,225.85,161.92,477.76,0.8490,-1,-1,-1
566,39,1316.45,53.91,360.85,1018.08,0.8978,-1,-1,-1
566,54,1.54,9.14,271.70,1060.33,0.7995,-1,-1,-1
566,57,549.05,302.78,72.48,273.66,0.7245,-1,-1,-1
566,56,1139.69,273.02,175.86,394.87,0.7255,-1,-1,-1
566,34,976.66,216.01,121.19,463.07,0.7561,-1,-1,-1
566,58,1672.05,281.30,107.30,195.88,0.7203,-1,-1,-1
566,59,1087.82,273.68,101.33,341.38,0.6524,-1,-1,-1
567,2,845.24,230.04,162.06,478.76,0.8363,-1,-1,-1
567,39,1321.99,54.20,375.24,1010.48,0.9166,-1,-1,-1
567,54,0.91,6.29,250.52,1063.31,0.7281,-1,-1,-1
567,57,553.74,304.34,73.50,272.99,0.7416,-1,-1,-1
567,56,1145.81,271.72,198.41,399.99,0.7992,-1,-1,-1
567,34,981.64,220.91,119.07,453.01,0.7652,-1,-1,-1
567,58,1688.63,282.00,105.68,194.89,0.6559,-1,-1,-1
567,59,1092.57,273.28,107.66,349.76,0.7413,-1,-1,-1
568,2,849.61,231.03,163.73,479.88,0.8452,-1,-1,-1
568,39,1318.10,54.58,394.84,1014.78,0.9163,-1,-1,-1
568,57,558.80,302.10,75.79,275.36,0.7534,-1,-1,-1
568,56,1152.93,278.91,197.53,397.34,0.8633,-1,-1,-1
568,34,987.14,224.36,120.99,453.10,0.8195,-1,-1,-1
568,58,1702.83,283.10,105.68,197.38,0.6213,-1,-1,-1
568,59,1096.39,272.08,114.44,354.05,0.7461,-1,-1,-1
569,2,854.47,232.75,163.30,480.62,0.8513,-1,-1,-1
569,39,1322.19,55.19,405.33,1016.61,0.9097,-1,-1,-1
569,57,564.23,301.32,78.01,278.26,0.7622,-1,-1,-1
569,56,1157.52,283.43,198.56,396.98,0.8656,-1,-1,-1
569,34,995.89,226.75,119.69,459.58,0.8181,-1,-1,-1
569,58,1715.84,285.67,104.39,199.05,0.6673,-1,-1,-1
569,59,1103.07,274.86,114.50,355.01,0.7735,-1,-1,-1
569,40,1104.57,276.13,111.63,353.54,0.7735,-1,-1,-1
570,2,861.91,239.75,159.37,476.63,0.8607,-1,-1,-1
570,39,1323.20,56.10,421.11,1016.43,0.9009,-1,-1,-1
570,57,568.35,297.60,79.63,283.22,0.7628,-1,-1,-1
570,56,1167.00,282.63,199.69,402.20,0.8487,-1,-1,-1
570,34,1006.13,230.58,116.54,461.30,0.8222,-1,-1,-1
570,58,1729.07,288.44,103.81,199.20,0.6610,-1,-1,-1
570,59,1110.12,275.98,118.31,353.91,0.7815,-1,-1,-1
570,40,1109.87,276.36,116.33,353.03,0.7815,-1,-1,-1
571,2,869.02,244.29,157.53,474.54,0.8513,-1,-1,-1
571,39,1328.28,55.17,423.61,1019.22,0.9150,-1,-1,-1
571,57,572.05,301.82,79.30,283.08,0.7940,-1,-1,-1
571,56,1173.27,281.18,203.26,410.03,0.8297,-1,-1,-1
571,34,1012.53,233.19,113.62,463.80,0.7977,-1,-1,-1
571,58,1740.41,289.70,104.34,201.23,0.5991,-1,-1,-1
571,59,1112.04,274.61,127.10,357.34,0.8052,-1,-1,-1
571,40,1111.43,274.76,125.30,356.69,0.8052,-1,-1,-1
572,2,874.57,241.26,157.14,476.32,0.8207,-1,-1,-1
572,39,1329.41,54.13,431.24,1021.92,0.9047,-1,-1,-1
572,57,576.63,304.54,77.32,280.89,0.8196,-1,-1,-1
572,56,1190.62,281.69,195.43,412.02,0.8294,-1,-1,-1
572,34,1016.34,233.84,114.77,462.98,0.7807,-1,-1,-1
572,58,1751.75,290.18,105.44,202.25,0.5636,-1,-1,-1
572,59,1118.37,274.61,130.79,360.50,0.7915,-1,-1,-1
572,40,1117.54,274.65,129.25,359.97,0.7915,-1,-1,-1
573,2,880.11,239.91,154.26,476.80,0.8283,-1,-1,-1
573,39,1333.24,54.69,440.05,1022.15,0.8942,-1,-1,-1
573,57,580.36,307.46,75.41,279.71,0.7774,-1,-1,-1
573,56,1210.22,284.07,182.21,412.06,0.8168,-1,-1,-1
573,34,1022.06,233.94,114.74,460.28,0.7582,-1,-1,-1
573,58,1762.26,292.67,104.80,201.97,0.6059,-1,-1,-1
573,59,1122.53,275.70,134.31,360.88,0.8219,-1,-1,-1
573,40,1121.70,275.65,132.99,360.50,0.8219,-1,-1,-1
574,2,884.07,239.92,156.95,477.35,0.8419,-1,-1,-1
574,39,1339.68,54.17,443.67,1021.75,0.9082,-1,-1,-1
574,57,584.43,306.72,75.68,280.94,0.7112,-1,-1,-1
574,56,1230.68,283.82,170.62,415.09,0.7738,-1,-1,-1
574,34,1026.25,235.92,115.46,457.37,0.7595,-1,-1,-1
574,58,1774.27,294.01,106.47,203.96,0.5542,-1,-1,-1
574,59,1127.30,277.78,134.79,362.37,0.8301,-1,-1,-1
574,40,1126.50,277.68,133.69,362.07,0.8301,-1,-1,-1
575,2,886.65,239.53,157.53,475.96,0.8421,-1,-1,-1
575,39,1347.77,55.98,440.58,1017.26,0.9107,-1,-1,-1
575,57,588.33,305.32,75.12,281.89,0.6908,-1,-1,-1
575,56,1247.98,283.24,159.82,418.34,0.7156,-1,-1,-1
575,34,1030.35,236.13,113.62,459.59,0.7712,-1,-1,-1
575,59,1132.88,278.01,133.82,364.75,0.8404,-1,-1,-1
575,40,1132.11,277.90,132.93,364.49,0.8404,-1,-1,-1
576,2,889.18,239.43,156.82,473.92,0.8240,-1,-1,-1
576,39,1355.12,59.19,438.04,1012.65,0.9127,-1,-1,-1
576,57,591.29,312.23,74.37,276.59,0.7103,-1,-1,-1
576,56,1267.84,281.98,146.75,423.29,0.7407,-1,-1,-1
576,34,1031.34,236.72,113.40,457.54,0.7833,-1,-1,-1
576,59,1138.47,275.84,134.32,368.75,0.8366,-1,-1,-1
576,40,1137.74,275.78,133.59,368.51,0.8366,-1,-1,-1
576,58,1788.37,296.35,113.66,205.45,0.5531,-1,-1,-1
577,2,891.84,237.34,155.06,471.75,0.8183,-1,-1,-1
577,39,1359.75,59.79,437.00,1011.06,0.9074,-1,-1,-1
577,57,588.92,315.20,77.37,273.83,0.6703,-1,-1,-1
577,56,1289.22,285.75,139.75,425.35,0.7620,-1,-1,-1
577,34,1031.23,229.53,112.99,469.79,0.7900,-1,-1,-1
577,59,1140.54,274.16,135.86,371.37,0.8281,-1,-1,-1
577,40,1139.87,274.10,135.23,371.16,0.8281,-1,-1,-1
577,58,1795.87,295.93,115.04,202.86,0.6058,-1,-1,-1
578,2,893.26,236.78,154.07,471.39,0.8285,-1,-1,-1
578,39,1366.04,62.09,438.08,1008.75,0.9023,-1,-1,-1
578,57,589.35,315.19,77.59,274.80,0.6975,-1,-1,-1
578,56,1313.15,283.47,126.84,431.14,0.7274,-1,-1,-1
578,34,1031.25,225.96,112.91,475.43,0.7903,-1,-1,-1
578,59,1143.06,274.07,129.85,373.50,0.8226,-1,-1,-1
578,40,1142.45,274.01,129.35,373.32,0.8226,-1,-1,-1
578,58,1800.40,298.81,116.75,202.25,0.5935,-1,-1,-1
579,2,890.90,240.27,153.84,471.59,0.8383,-1,-1,-1
579,39,1379.72,69.47,429.73,1001.49,0.9034,-1,-1,-1
579,57,588.90,311.01,75.25,286.02,0.7375,-1,-1,-1
579,56,1328.86,285.17,123.35,440.54,0.7858,-1,-1,-1
579,34,1028.53,231.18,114.44,473.58,0.7845,-1,-1,-1
579,59,1142.56,276.81,130.38,376.95,0.8299,-1,-1,-1
579,40,1142.04,276.75,129.97,376.79,0.8299,-1,-1,-1
579,58,1803.11,304.17,118.15,207.19,0.6254,-1,-1,-1
580,2,890.97,241.63,150.55,468.81,0.8434,-1,-1,-1
580,39,1390.43,71.74,424.66,997.25,0.9024,-1,-1,-1
580,57,585.53,305.80,75.29,293.59,0.6824,-1,-1,-1
580,56,1334.89,284.62,125.32,448.26,0.7708,-1,-1,-1
580,34,1023.72,233.59,118.05,469.17,0.7730,-1,-1,-1
580,59,1141.26,275.54,130.11,379.90,0.8005,-1,-1,-1
580,40,1140.79,275.49,129.77,379.75,0.8005,-1,-1,-1
580,58,1807.71,304.63,114.14,211.20,0.6577,-1,-1,-1
581,2,887.37,242.04,150.34,466.63,0.8373,-1,-1,-1
581,39,1405.32,69.98,418.42,995.82,0.9015,-1,-1,-1
581,57,583.22,306.68,73.21,293.39,0.7289,-1,-1,-1
581,56,1338.12,283.36,141.58,454.04,0.7717,-1,-1,-1
581,34,1019.99,234.04,121.80,464.51,0.7765,-1,-1,-1
581,59,1144.36,281.74,123.40,373.92,0.7879,-1,-1,-1
581,40,1143.93,281.67,123.13,373.81,0.7879,-1,-1,-1
581,58,1815.61,304.71,106.44,214.84,0.6039,-1,-1,-1
582,2,885.73,244.41,147.05,465.08,0.8439,-1,-1,-1
582,39,1420.02,70.48,415.09,999.72,0.9084,-1,-1,-1
582,57,581.42,307.51,72.57,293.82,0.7594,-1,-1,-1
582,56,1340.34,284.52,159.54,453.73,0.8255,-1,-1,-1
582,34,1016.72,233.88,125.33,462.41,0.7830,-1,-1,-1
582,59,1146.70,284.20,119.40,371.57,0.7751,-1,-1,-1
582,40,1146.32,284.14,119.19,371.48,0.7751,-1,-1,-1
582,58,1825.85,304.87,96.18,215.84,0.5270,-1,-1,-1
582,60,1230.68,311.05,62.62,282.59,0.4558,-1,-1,-1
583,2,883.06,247.90,144.82,470.13,0.8497,-1,-1,-1
583,39,1428.80,72.31,415.85,1000.19,0.9085,-1,-1,-1
583,57,577.54,309.95,73.68,293.55,0.7641,-1,-1,-1
583,56,1343.29,286.16,164.81,452.76,0.8009,-1,-1,-1
583,34,1013.39,233.23,128.52,463.60,0.7637,-1,-1,-1
583,59,1144.27,281.91,118.57,376.39,0.7812,-1,-1,-1
583,40,1143.95,281.86,118.40,376.31,0.7812,-1,-1,-1
583,58,1835.50,306.67,85.81,217.62,0.5303,-1,-1,-1
583,60,1232.81,312.37,62.15,283.72,0.5573,-1,-1,-1
584,2,876.56,249.60,145.98,475.02,0.8481,-1,-1,-1
584,39,1437.07,71.31,416.78,1001.62,0.9091,-1,-1,-1
584,57,574.30,306.67,74.14,294.82,0.7627,-1,-1,-1
584,56,1343.15,283.38,167.98,456.72,0.7983,-1,-1,-1
584,34,1011.98,234.28,129.86,466.64,0.7645,-1,-1,-1
584,59,1142.51,283.87,120.42,377.43,0.7715,-1,-1,-1
584,40,1142.22,283.81,120.27,377.36,0.7715,-1,-1,-1
584,58,1840.83,307.95,79.62,223.00,0.5697,-1,-1,-1
584,60,1232.18,312.35,63.74,283.32,0.5487,-1,-1,-1
585,2,868.48,251.24,145.87,475.83,0.8627,-1,-1,-1
585,39,1442.81,71.76,417.25,997.71,0.9091,-1,-1,-1
585,57,571.85,307.56,72.23,293.22,0.7814,-1,-1,-1
585,56,1342.70,282.51,166.45,454.10,0.7661,-1,-1,-1
585,34,1006.87,233.54,132.89,469.16,0.7862,-1,-1,-1
585,59,1141.02,284.15,121.13,379.22,0.7748,-1,-1,-1
585,40,1140.76,284.10,121.00,379.16,0.7748,-1,-1,-1
585,58,1847.74,305.42,71.97,227.34,0.5222,-1,-1,-1
585,60,1229.97,310.72,64.45,277.41,0.4703,-1,-1,-1
586,2,862.30,252.74,146.27,475.02,0.8471,-1,-1,-1
586,39,1451.20,70.91,414.74,1000.52,0.9039,-1,-1,-1
586,57,567.53,300.90,72.74,300.88,0.7592,-1,-1,-1
586,56,1343.04,283.43,167.92,453.20,0.7407,-1,-1,-1
586,34,1006.05,234.10,129.94,469.76,0.8059,-1,-1,-1
586,59,1139.83,284.24,124.77,379.08,0.7452,-1,-1,-1
586,40,1139.60,284.20,124.65,379.02,0.7452,-1,-1,-1
586,58,1851.79,305.96,67.85,230.24,0.4459,-1,-1,-1
587,2,859.93,253.84,144.61,473.38,0.8499,-1,-1,-1
587,39,1458.33,67.99,411.96,1005.86,0.8986,-1,-1,-1
587,57,563.46,303.84,72.50,299.26,0.7180,-1,-1,-1
587,56,1343.60,283.69,174.62,458.06,0.7564,-1,-1,-1
587,34,1005.81,235.85,125.56,469.19,0.8083,-1,-1,-1
587,59,1139.77,283.32,125.50,381.55,0.7569,-1,-1,-1
587,40,1139.56,283.29,125.39,381.50,0.7569,-1,-1,-1
587,58,1854.40,308.05,65.26,228.85,0.4824,-1,-1,-1
588,2,858.13,254.66,141.59,472.27,0.8394,-1,-1,-1
588,39,1464.53,66.20,406.99,1006.91,0.9020,-1,-1,-1
588,57,557.18,313.39,72.82,291.60,0.7263,-1,-1,-1
588,56,1343.03,283.92,182.18,460.50,0.7545,-1,-1,-1
588,34,1001.93,238.47,124.49,466.87,0.7911,-1,-1,-1
588,59,1140.07,284.95,127.13,380.67,0.7229,-1,-1,-1
588,40,1139.89,284.91,127.04,380.63,0.7229,-1,-1,-1
588,58,1856.67,308.53,62.53,226.76,0.5365,-1,-1,-1
589,2,854.09,253.74,138.21,473.77,0.8394,-1,-1,-1
589,39,1468.83,63.46,407.81,1010.95,0.9034,-1,-1,-1
589,57,552.03,319.69,70.94,285.68,0.7144,-1,-1,-1
589,56,1342.95,283.07,192.17,467.07,0.7695,-1,-1,-1
589,34,997.03,237.57,127.45,469.09,0.8000,-1,-1,-1
589,59,1139.75,283.79,133.11,383.76,0.7717,-1,-1,-1
589,40,1139.58,283.76,133.02,383.72,0.7717,-1,-1,-1
589,58,1860.65,310.52,59.02,223.43,0.4634,-1,-1,-1
590,2,849.71,252.74,137.70,476.00,0.8382,-1,-1,-1
590,39,1469.01,62.41,412.56,1012.82,0.9073,-1,-1,-1
590,57,548.78,318.62,71.46,287.57,0.7126,-1,-1,-1
590,56,1350.16,280.35,193.32,474.74,0.7315,-1,-1,-1
590,34,985.12,239.23,136.15,468.26,0.8109,-1,-1,-1
590,59,1139.01,284.69,138.92,386.19,0.8114,-1,-1,-1
590,40,1138.85,284.67,138.84,386.15,0.8114,-1,-1,-1
591,2,838.91,250.67,144.69,474.68,0.8402,-1,-1,-1
591,39,1469.35,60.90,416.60,1012.19,0.9094,-1,-1,-1
591,57,543.35,318.91,73.61,288.29,0.7381,-1,-1,-1
591,56,1370.30,278.96,177.33,479.56,0.7153,-1,-1,-1
591,34,982.61,240.32,134.69,465.95,0.8065,-1,-1,-1
591,59,1139.38,282.39,139.62,390.00,0.8228,-1,-1,-1
591,40,1139.24,282.37,139.55,389.97,0.8228,-1,-1,-1
592,2,830.23,250.28,147.73,470.46,0.8341,-1,-1,-1
592,39,1468.99,59.54,420.04,1011.62,0.9062,-1,-1,-1
592,57,539.59,311.29,77.27,298.45,0.7282,-1,-1,-1
592,56,1394.90,276.54,154.78,483.24,0.5635,-1,-1,-1
592,34,982.14,239.79,132.49,468.11,0.8135,-1,-1,-1
592,59,1140.79,279.18,137.64,393.99,0.8065,-1,-1,-1
592,40,1140.67,279.16,137.57,393.96,0.8065,-1,-1,-1
593,2,824.66,250.06,148.28,466.42,0.8350,-1,-1,-1
593,39,1466.97,59.82,424.46,1012.01,0.8956,-1,-1,-1
593,57,537.18,306.90,78.88,305.85,0.7113,-1,-1,-1
593,56,1414.82,299.69,142.83,460.73,0.4430,-1,-1,-1
593,34,982.38,239.35,129.43,470.52,0.8159,-1,-1,-1
593,59,1142.00,280.03,136.03,396.33,0.8259,-1,-1,-1
593,40,1141.89,280.01,135.98,396.31,0.8259,-1,-1,-1
593,61,1107.58,317.94,52.83,243.11,0.6203,-1,-1,-1
594,2,816.45,250.79,154.36,463.68,0.8364,-1,-1,-1
594,39,1471.14,61.31,420.04,1012.77,0.8955,-1,-1,-1
594,57,534.65,309.97,76.15,303.71,0.7298,-1,-1,-1
594,34,981.78,241.12,127.30,471.66,0.8132,-1,-1,-1
594,59,1145.41,281.64,132.85,397.26,0.8041,-1,-1,-1
594,40,1145.31,281.63,132.80,397.24,0.8041,-1,-1,-1
594,61,1108.27,318.15,54.19,244.05,0.6118,-1,-1,-1
595,2,809.79,250.71,158.14,463.67,0.8524,-1,-1,-1
595,39,1479.69,62.53,414.44,1010.92,0.9089,-1,-1,-1
595,57,531.46,308.18,80.37,309.84,0.7637,-1,-1,-1
595,34,981.87,243.04,126.63,471.86,0.8039,-1,-1,-1
595,59,1147.91,282.06,131.11,398.58,0.7975,-1,-1,-1
595,40,1147.83,282.04,131.07,398.56,0.7975,-1,-1,-1
595,61,1106.71,314.99,57.32,247.70,0.6605,-1,-1,-1
596,2,804.02,250.62,162.60,463.75,0.8478,-1,-1,-1
596,39,1487.15,59.96,406.32,1013.08,0.9161,-1,-1,-1
596,57,529.69,309.23,81.86,310.90,0.7562,-1,-1,-1
596,34,978.18,243.23,132.51,472.58,0.8123,-1,-1,-1
596,59,1148.77,278.53,131.75,402.74,0.7774,-1,-1,-1
596,40,1148.70,278.52,131.71,402.72,0.7774,-1,-1,-1
596,61,1106.27,312.21,59.10,250.58,0.5392,-1,-1,-1
597,2,800.98,249.04,163.62,466.70,0.8448,-1,-1,-1
597,39,1497.33,55.85,395.71,1017.63,0.9159,-1,-1,-1
597,57,530.32,307.06,79.34,312.90,0.7631,-1,-1,-1
597,34,976.95,243.86,136.72,473.47,0.8106,-1,-1,-1
597,59,1152.43,276.83,136.42,404.49,0.7707,-1,-1,-1
597,40,1152.36,276.82,136.38,404.48,0.7707,-1,-1,-1
597,61,1105.85,313.11,60.79,250.75,0.5782,-1,-1,-1
598,2,800.09,251.96,164.56,472.10,0.8462,-1,-1,-1
598,39,1507.11,57.87,384.66,1015.96,0.9145,-1,-1,-1
598,57,530.75,306.69,77.43,316.66,0.7487,-1,-1,-1
598,34,979.25,249.52,139.12,479.09,0.8237,-1,-1,-1
598,59,1152.94,281.87,145.51,403.81,0.8048,-1,-1,-1
598,40,1152.88,281.87,145.48,403.80,0.8048,-1,-1,-1
598,61,1107.78,317.11,60.80,245.52,0.4598,-1,-1,-1
599,2,800.48,254.14,165.60,473.45,0.8503,-1,-1,-1
599,39,1511.16,58.11,383.27,1016.95,0.9196,-1,-1,-1
599,57,531.36,310.21,82.25,317.96,0.7503,-1,-1,-1
599,34,984.80,251.81,138.32,479.10,0.8189,-1,-1,-1
599,59,1155.44,284.04,151.26,403.60,0.8041,-1,-1,-1
599,40,1155.39,284.04,151.23,403.59,0.8041,-1,-1,-1
600,2,804.12,255.57,163.38,475.00,0.8403,-1,-1,-1
600,39,1513.83,55.40,388.13,1021.66,0.9233,-1,-1,-1
600,57,533.79,310.82,85.72,319.29,0.7338,-1,-1,-1
600,34,991.16,251.36,136.47,482.72,0.8009,-1,-1,-1
600,59,1161.46,286.61,152.58,402.19,0.8259,-1,-1,-1
600,40,1161.41,286.60,152.55,402.18,0.8259,-1,-1,-1
601,2,808.12,258.73,159.07,476.54,0.8457,-1,-1,-1
601,39,1514.29,55.79,397.24,1022.89,0.9238,-1,-1,-1
601,57,536.58,312.87,84.35,319.45,0.7296,-1,-1,-1
601,34,995.39,251.91,134.42,483.18,0.7934,-1,-1,-1
601,59,1166.59,283.99,154.72,406.63,0.7892,-1,-1,-1
601,40,1166.55,283.99,154.70,406.62,0.7892,-1,-1,-1
602,2,813.32,263.25,157.83,477.38,0.8391,-1,-1,-1
602,39,1513.90,57.66,404.99,1019.58,0.9215,-1,-1,-1
602,57,540.03,317.30,84.14,317.42,0.7174,-1,-1,-1
602,34,996.46,252.59,135.54,485.39,0.7933,-1,-1,-1
602,59,1181.76,282.58,146.19,412.06,0.7390,-1,-1,-1
602,40,1181.73,282.58,146.17,412.05,0.7390,-1,-1,-1
602,61,1120.20,329.02,65.71,244.67,0.5203,-1,-1,-1
603,2,822.11,269.57,153.53,475.60,0.8150,-1,-1,-1
603,39,1518.91,60.99,403.72,1016.73,0.9261,-1,-1,-1
603,57,543.80,326.11,82.50,314.46,0.7381,-1,-1,-1
603,34,1003.90,256.83,129.91,481.89,0.7888,-1,-1,-1
603,59,1192.90,285.42,145.30,418.42,0.7155,-1,-1,-1
603,40,1192.87,285.42,145.28,418.41,0.7155,-1,-1,-1
603,61,1125.51,343.32,65.21,233.59,0.5775,-1,-1,-1
604,2,827.18,275.16,153.61,471.48,0.8230,-1,-1,-1
604,39,1524.60,63.10,399.10,1014.57,0.9279,-1,-1,-1
604,57,549.80,332.72,83.61,312.66,0.7054,-1,-1,-1
604,34,1010.52,261.15,126.28,478.66,0.8131,-1,-1,-1
604,59,1203.38,288.15,144.93,420.90,0.7598,-1,-1,-1
604,40,1203.35,288.15,144.92,420.89,0.7598,-1,-1,-1
604,61,1132.32,348.79,63.61,232.20,0.6593,-1,-1,-1
605,2,835.07,277.18,153.37,470.86,0.8311,-1,-1,-1
605,39,1527.61,62.79,396.09,1015.78,0.9181,-1,-1,-1
605,57,554.73,334.89,81.18,313.39,0.7402,-1,-1,-1
605,34,1015.35,260.79,126.24,472.77,0.8095,-1,-1,-1
605,59,1211.11,289.48,145.30,422.13,0.7430,-1,-1,-1
605,40,1211.09,289.48,145.28,422.13,0.7430,-1,-1,-1
605,61,1136.86,351.51,65.37,232.44,0.6530,-1,-1,-1
606,2,843.97,278.01,152.13,473.00,0.8153,-1,-1,-1
606,39,1535.42,63.69,387.70,1012.51,0.9223,-1,-1,-1
606,57,560.59,330.54,79.20,318.77,0.7156,-1,-1,-1
606,34,1018.63,260.79,126.14,469.77,0.7926,-1,-1,-1
606,59,1222.96,290.17,145.55,425.08,0.6469,-1,-1,-1
606,40,1222.93,290.17,145.54,425.08,0.6469,-1,-1,-1
606,61,1142.70,353.11,66.83,233.49,0.6469,-1,-1,-1
607,2,852.98,279.52,148.54,471.73,0.8366,-1,-1,-1
607,39,1543.94,65.42,379.21,1008.64,0.9140,-1,-1,-1
607,57,567.18,327.80,83.11,322.93,0.8038,-1,-1,-1
607,34,1028.44,262.09,121.07,468.80,0.8070,-1,-1,-1
607,59,1237.11,291.60,140.86,425.08,0.6693,-1,-1,-1
607,40,1237.09,291.60,140.85,425.07,0.6693,-1,-1,-1
607,61,1150.75,344.78,66.59,242.42,0.6656,-1,-1,-1
607,63,1216.09,326.22,74.23,354.98,0.4792,-1,-1,-1
608,2,856.16,278.37,150.94,467.52,0.8296,-1,-1,-1
608,39,1553.29,66.87,369.42,1003.93,0.9175,-1,-1,-1
608,57,572.28,328.61,82.79,322.21,0.7612,-1,-1,-1
608,34,1035.77,263.53,124.24,464.51,0.7965,-1,-1,-1
608,59,1246.38,291.38,146.18,429.48,0.5396,-1,-1,-1
608,40,1246.36,291.38,146.17,429.48,0.5396,-1,-1,-1
608,61,1157.05,345.24,67.66,242.00,0.7177,-1,-1,-1
608,63,1222.62,318.83,89.51,343.77,0.5470,-1,-1,-1
609,2,862.30,277.16,148.02,465.71,0.8196,-1,-1,-1
609,39,1561.66,69.13,360.07,1001.91,0.9201,-1,-1,-1
609,57,576.07,330.26,83.82,323.19,0.7838,-1,-1,-1
609,34,1039.15,262.12,131.01,468.39,0.8252,-1,-1,-1
609,59,1258.57,287.06,141.03,436.55,0.7260,-1,-1,-1
609,40,1258.55,287.06,141.02,436.55,0.7260,-1,-1,-1
609,61,1162.26,348.52,70.67,242.23,0.6235,-1,-1,-1
609,63,1231.14,325.32,89.64,311.60,0.5664,-1,-1,-1
610,2,870.87,277.70,143.49,463.56,0.8262,-1,-1,-1
610,39,1569.18,72.00,352.05,1001.15,0.9221,-1,-1,-1
610,57,579.68,329.34,87.70,326.89,0.7515,-1,-1,-1
610,34,1043.05,263.84,132.51,471.46,0.8224,-1,-1,-1
610,59,1272.14,286.56,142.08,435.98,0.7582,-1,-1,-1
610,40,1272.12,286.56,142.07,435.97,0.7582,-1,-1,-1
610,61,1166.80,349.56,71.22,241.08,0.5562,-1,-1,-1
610,63,1237.80,327.70,88.79,309.40,0.6002,-1,-1,-1
611,2,874.49,278.04,143.64,463.75,0.8168,-1,-1,-1
611,39,1580.43,70.77,339.55,1004.33,0.9176,-1,-1,-1
611,57,583.61,330.67,85.19,326.73,0.7412,-1,-1,-1
611,34,1043.28,267.42,133.65,470.19,0.7849,-1,-1,-1
611,59,1282.54,288.72,137.27,439.28,0.6792,-1,-1,-1
611,40,1282.52,288.72,137.26,439.28,0.6792,-1,-1,-1
611,61,1167.72,348.17,71.82,242.03,0.6941,-1,-1,-1
611,63,1243.51,333.00,86.01,303.44,0.5944,-1,-1,-1
612,2,878.24,280.82,141.62,459.77,0.8333,-1,-1,-1
612,39,1595.36,74.57,323.63,1004.12,0.9152,-1,-1,-1
612,57,586.35,333.61,80.05,323.43,0.7757,-1,-1,-1
612,34,1035.63,273.17,141.53,470.83,0.8125,-1,-1,-1
612,59,1289.58,291.44,138.21,432.80,0.6943,-1,-1,-1
612,40,1289.57,291.44,138.21,432.80,0.6943,-1,-1,-1
612,61,1171.00,348.20,71.76,245.87,0.6504,-1,-1,-1
612,63,1245.68,339.62,82.79,296.85,0.6030,-1,-1,-1
613,2,878.83,282.76,143.97,459.96,0.8367,-1,-1,-1
613,39,1607.56,77.56,311.25,998.06,0.9119,-1,-1,-1
613,57,587.39,333.95,79.35,323.75,0.7656,-1,-1,-1
613,34,1031.88,276.06,149.20,475.61,0.8458,-1,-1,-1
613,59,1298.37,295.10,135.00,438.36,0.6176,-1,-1,-1
613,40,1298.36,295.10,135.00,438.36,0.6176,-1,-1,-1
613,61,1174.96,352.90,71.31,240.51,0.6580,-1,-1,-1
613,63,1246.79,337.10,85.40,306.75,0.5563,-1,-1,-1
614,2,882.90,287.02,143.73,463.48,0.8327,-1,-1,-1
614,39,1620.14,80.47,298.79,996.35,0.9143,-1,-1,-1
614,57,587.90,335.86,79.11,325.49,0.7685,-1,-1,-1
614,34,1031.31,278.39,156.63,478.80,0.8503,-1,-1,-1
614,59,1307.74,297.94,132.17,445.95,0.6624,-1,-1,-1
614,40,1307.73,297.94,132.17,445.95,0.6624,-1,-1,-1
614,61,1180.34,359.01,68.56,240.18,0.6001,-1,-1,-1
614,63,1255.41,327.03,90.23,330.75,0.4746,-1,-1,-1
615,2,886.30,289.08,145.19,464.98,0.8359,-1,-1,-1
615,39,1635.04,82.11,284.03,993.52,0.9026,-1,-1,-1
615,57,589.44,342.99,80.24,322.64,0.7328,-1,-1,-1
615,34,1031.35,280.22,158.26,478.73,0.8322,-1,-1,-1
615,59,1317.97,296.14,122.84,454.03,0.7263,-1,-1,-1
615,40,1317.96,296.14,122.84,454.03,0.7263,-1,-1,-1
615,61,1182.69,360.51,68.36,241.82,0.6270,-1,-1,-1
615,63,1263.71,323.75,92.97,344.09,0.5934,-1,-1,-1
616,2,886.12,293.47,148.85,462.61,0.8300,-1,-1,-1
616,39,1643.64,82.01,274.71,994.34,0.8897,-1,-1,-1
616,57,590.60,344.93,97.22,321.80,0.7143,-1,-1,-1
616,34,1031.55,282.73,163.69,478.82,0.8242,-1,-1,-1
616,59,1324.57,298.95,120.30,457.29,0.7241,-1,-1,-1
616,40,1324.56,298.95,120.29,457.29,0.7241,-1,-1,-1
616,61,1186.38,362.19,66.16,239.05,0.5724,-1,-1,-1
616,63,1269.15,321.61,92.27,352.61,0.6118,-1,-1,-1
617,2,885.08,295.31,151.33,466.22,0.8439,-1,-1,-1
617,39,1656.68,90.60,261.25,985.92,0.8846,-1,-1,-1
617,57,589.94,342.81,95.28,327.66,0.7334,-1,-1,-1
617,34,1029.90,285.81,167.81,479.17,0.8452,-1,-1,-1
617,59,1329.08,300.12,118.50,462.15,0.7321,-1,-1,-1
617,40,1329.07,300.12,118.50,462.15,0.7321,-1,-1,-1
617,61,1187.32,368.83,65.22,235.14,0.6002,-1,-1,-1
617,63,1272.15,323.09,92.37,360.75,0.5930,-1,-1,-1
618,2,885.50,298.65,151.11,468.35,0.8354,-1,-1,-1
618,39,1665.95,99.82,251.60,976.63,0.8813,-1,-1,-1
618,57,588.96,337.55,87.42,335.70,0.7858,-1,-1,-1
618,34,1029.04,288.59,172.73,480.94,0.8496,-1,-1,-1
618,59,1329.75,301.34,119.82,465.42,0.7380,-1,-1,-1
618,40,1329.75,301.34,119.82,465.42,0.7380,-1,-1,-1
618,61,1188.19,371.97,65.13,240.05,0.5614,-1,-1,-1
618,63,1273.10,326.66,93.83,364.90,0.5692,-1,-1,-1
619,2,883.27,300.67,148.57,466.85,0.8365,-1,-1,-1
619,39,1668.05,104.67,249.02,969.74,0.8953,-1,-1,-1
619,57,586.49,336.39,83.11,337.73,0.7601,-1,-1,-1
619,34,1026.74,289.31,173.96,482.35,0.8100,-1,-1,-1
619,59,1329.73,301.89,127.61,466.59,0.7373,-1,-1,-1
619,40,1329.72,301.89,127.61,466.58,0.7373,-1,-1,-1
619,61,1186.53,369.46,66.63,245.73,0.5265,-1,-1,-1
619,63,1273.56,327.33,97.63,370.62,0.5996,-1,-1,-1
619,64,1242.68,359.22,72.82,311.90,0.4380,-1,-1,-1
620,2,880.94,303.03,142.24,465.17,0.8234,-1,-1,-1
620,39,1679.12,111.06,238.68,963.48,0.8854,-1,-1,-1
620,57,581.88,337.93,84.07,341.27,0.6972,-1,-1,-1
620,34,1026.62,289.14,175.53,482.09,0.7866,-1,-1,-1
620,59,1331.21,302.19,125.06,468.90,0.7530,-1,-1,-1
620,40,1331.21,302.19,125.06,468.90,0.7530,-1,-1,-1
620,61,1184.74,372.50,65.40,237.44,0.5809,-1,-1,-1
620,63,1269.14,328.12,102.15,377.17,0.6077,-1,-1,-1
620,64,1243.27,358.95,73.11,318.54,0.4087,-1,-1,-1
621,2,875.94,302.68,137.21,462.14,0.8241,-1,-1,-1
621,39,1686.38,119.62,230.83,954.84,0.8791,-1,-1,-1
621,57,578.48,336.67,82.27,345.04,0.7250,-1,-1,-1
621,34,1025.70,288.34,165.52,481.36,0.6813,-1,-1,-1
621,59,1330.65,303.95,123.50,466.46,0.7443,-1,-1,-1
621,40,1330.65,303.95,123.50,466.46,0.7443,-1,-1,-1
621,61,1183.15,375.46,65.51,229.23,0.5060,-1,-1,-1
621,63,1266.70,329.19,105.80,380.69,0.6261,-1,-1,-1
622,2,869.36,303.10,146.14,461.27,0.8024,-1,-1,-1
622,39,1688.76,120.91,228.73,954.01,0.8936,-1,-1,-1
622,57,574.61,341.19,79.26,341.44,0.7757,-1,-1,-1
622,34,1024.16,287.98,149.70,479.63,0.7514,-1,-1,-1
622,59,1330.45,304.21,123.04,472.05,0.6598,-1,-1,-1
622,40,1330.45,304.21,123.04,472.05,0.6598,-1,-1,-1
622,63,1261.08,328.99,110.19,388.91,0.5654,-1,-1,-1
622,65,1127.98,327.63,90.89,356.38,0.6473,-1,-1,-1
623,2,862.83,303.19,146.21,463.15,0.7995,-1,-1,-1
623,39,1692.73,121.00,225.22,955.25,0.8980,-1,-1,-1
623,57,569.36,340.71,84.36,344.06,0.7378,-1,-1,-1
623,34,1018.20,288.50,145.61,479.53,0.7784,-1,-1,-1
623,59,1329.50,306.29,124.70,475.14,0.6551,-1,-1,-1
623,40,1329.50,306.29,124.70,475.14,0.6551,-1,-1,-1
623,63,1255.98,330.38,113.63,393.48,0.5238,-1,-1,-1
623,65,1121.02,329.15,95.61,370.00,0.7149,-1,-1,-1
624,2,853.94,304.45,154.27,460.28,0.8459,-1,-1,-1
624,39,1695.75,117.14,222.02,957.74,0.8972,-1,-1,-1
624,57,564.67,340.49,85.35,343.02,0.7640,-1,-1,-1
624,34,1014.09,288.27,140.66,477.07,0.8126,-1,-1,-1
624,59,1327.76,307.92,123.57,472.82,0.7068,-1,-1,-1
624,40,1327.75,307.92,123.57,472.82,0.7068,-1,-1,-1
624,63,1254.27,330.14,110.96,399.14,0.6011,-1,-1,-1
624,65,1118.73,332.16,96.41,382.16,0.6834,-1,-1,-1
625,2,849.50,304.68,155.40,456.55,0.8464,-1,-1,-1
625,39,1698.75,113.76,219.32,960.31,0.9030,-1,-1,-1
625,57,558.45,341.90,85.65,343.78,0.7328,-1,-1,-1
625,34,1009.01,285.35,136.43,474.13,0.7937,-1,-1,-1
625,59,1328.74,306.00,120.04,475.96,0.7265,-1,-1,-1
625,40,1328.74,306.00,120.04,475.96,0.7265,-1,-1,-1
625,63,1245.45,331.09,114.96,403.70,0.6451,-1,-1,-1
625,65,1115.98,334.14,95.14,395.40,0.7389,-1,-1,-1
626,2,846.14,303.89,153.37,455.88,0.8216,-1,-1,-1
626,39,1702.27,115.58,215.95,957.75,0.9061,-1,-1,-1
626,57,552.40,344.39,83.35,344.35,0.7145,-1,-1,-1
626,34,1003.83,285.90,134.71,474.42,0.7881,-1,-1,-1
626,59,1327.01,305.03,120.79,477.98,0.7759,-1,-1,-1
626,40,1327.01,305.03,120.79,477.98,0.7759,-1,-1,-1
626,63,1241.31,331.48,116.96,406.93,0.6936,-1,-1,-1
626,65,1109.80,335.24,95.68,398.52,0.7471,-1,-1,-1
627,2,839.69,302.15,156.32,457.41,0.8351,-1,-1,-1
627,39,1704.49,117.82,213.84,954.22,0.9040,-1,-1,-1
627,57,545.87,343.09,83.26,349.60,0.7490,-1,-1,-1
627,34,996.48,280.36,137.12,480.30,0.7866,-1,-1,-1
627,59,1325.74,304.40,121.46,478.58,0.7618,-1,-1,-1
627,40,1325.73,304.40,121.46,478.58,0.7618,-1,-1,-1
627,63,1236.20,330.58,117.68,410.66,0.6721,-1,-1,-1
627,65,1106.86,334.84,92.93,401.26,0.7330,-1,-1,-1
628,2,828.96,301.42,163.22,456.85,0.8426,-1,-1,-1
628,39,1702.42,116.04,216.03,954.50,0.9048,-1,-1,-1
628,57,540.74,339.54,82.03,354.00,0.7773,-1,-1,-1
628,34,988.90,279.43,146.99,478.74,0.7588,-1,-1,-1
628,59,1324.31,302.53,121.54,480.13,0.7794,-1,-1,-1
628,40,1324.31,302.53,121.54,480.13,0.7794,-1,-1,-1
628,63,1235.06,330.39,114.53,412.21,0.6840,-1,-1,-1
628,65,1100.87,331.38,98.32,410.73,0.7134,-1,-1,-1
629,2,824.90,300.80,166.01,456.47,0.8504,-1,-1,-1
629,39,1684.95,112.72,234.00,956.68,0.8827,-1,-1,-1
629,57,536.16,341.84,88.14,353.67,0.6969,-1,-1,-1
629,34,982.91,281.93,135.30,475.99,0.7741,-1,-1,-1
629,59,1323.43,301.14,121.33,481.66,0.7740,-1,-1,-1
629,40,1323.43,301.14,121.32,481.66,0.7740,-1,-1,-1
629,63,1233.37,329.89,111.81,416.46,0.6712,-1,-1,-1
629,65,1093.07,328.85,106.47,418.55,0.7529,-1,-1,-1
630,2,822.89,302.32,164.50,453.91,0.8434,-1,-1,-1
630,39,1644.17,114.11,274.92,955.49,0.8888,-1,-1,-1
630,57,530.95,340.41,88.04,358.38,0.7633,-1,-1,-1
630,34,975.29,281.04,132.04,475.49,0.8153,-1,-1,-1
630,59,1322.88,300.62,120.79,483.42,0.7800,-1,-1,-1
630,40,1322.88,300.62,120.79,483.42,0.7800,-1,-1,-1
630,63,1238.49,327.73,104.30,420.32,0.6422,-1,-1,-1
630,65,1087.08,326.92,113.64,423.11,0.7896,-1,-1,-1
631,2,820.48,303.52,165.15,454.17,0.8504,-1,-1,-1
631,39,1672.70,111.21,247.20,958.61,0.8920,-1,-1,-1
631,57,526.96,343.72,85.35,353.91,0.7333,-1,-1,-1
631,34,971.48,280.64,130.25,474.69,0.8284,-1,-1,-1
631,59,1323.63,300.63,120.84,483.72,0.7568,-1,-1,-1
631,40,1323.63,300.63,120.84,483.72,0.7568,-1,-1,-1
631,63,1236.63,328.62,106.71,422.16,0.6410,-1,-1,-1
631,65,1083.46,326.51,122.26,424.43,0.8123,-1,-1,-1
632,2,816.28,305.50,167.06,455.14,0.8557,-1,-1,-1
632,39,1691.71,109.41,228.28,961.50,0.9015,-1,-1,-1
632,57,524.78,345.13,83.60,354.11,0.7611,-1,-1,-1
632,34,970.33,280.95,127.08,474.24,0.7854,-1,-1,-1
632,59,1325.48,302.13,123.57,484.17,0.7626,-1,-1,-1
632,40,1325.47,302.13,123.57,484.17,0.7626,-1,-1,-1
632,63,1237.47,327.03,108.50,426.07,0.6624,-1,-1,-1
632,65,1082.34,326.12,125.73,426.41,0.8182,-1,-1,-1
633,2,814.14,307.93,168.77,455.77,0.8613,-1,-1,-1
633,39,1706.57,103.95,214.11,967.64,0.9040,-1,-1,-1
633,57,523.28,343.20,84.71,358.47,0.7708,-1,-1,-1
633,34,971.24,281.65,126.07,476.42,0.7670,-1,-1,-1
633,59,1328.24,300.97,123.24,486.41,0.7734,-1,-1,-1
633,40,1328.24,300.97,123.24,486.41,0.7734,-1,-1,-1
633,63,1238.41,323.45,110.46,428.70,0.6770,-1,-1,-1
633,65,1085.91,326.35,123.43,429.41,0.8143,-1,-1,-1
634,2,812.84,309.99,170.07,456.94,0.8617,-1,-1,-1
634,39,1719.56,94.09,201.74,978.25,0.9050,-1,-1,-1
634,57,521.73,347.26,86.69,359.56,0.7821,-1,-1,-1
634,34,970.40,282.58,127.16,474.53,0.7812,-1,-1,-1
634,59,1332.57,303.21,123.16,487.77,0.7412,-1,-1,-1
634,40,1332.57,303.21,123.16,487.77,0.7412,-1,-1,-1
634,63,1238.21,321.65,115.20,432.07,0.6783,-1,-1,-1
634,65,1090.36,327.87,123.45,432.25,0.8318,-1,-1,-1
635,2,812.49,310.60,172.23,459.11,0.8565,-1,-1,-1
635,39,1724.58,89.21,196.62,979.10,0.8871,-1,-1,-1
635,57,521.02,349.48,87.07,361.14,0.7916,-1,-1,-1
635,34,975.48,282.97,123.90,478.42,0.7796,-1,-1,-1
635,59,1336.45,300.47,124.75,491.64,0.6899,-1,-1,-1
635,40,1336.45,300.47,124.75,491.64,0.6899,-1,-1,-1
635,63,1244.40,320.34,112.77,432.26,0.5885,-1,-1,-1
635,65,1094.79,325.75,125.39,437.85,0.8293,-1,-1,-1
636,2,812.98,313.71,174.24,457.77,0.8367,-1,-1,-1
636,39,1722.54,85.89,198.77,985.79,0.8776,-1,-1,-1
636,57,520.37,353.82,86.41,363.14,0.7790,-1,-1,-1
636,34,981.09,284.82,124.10,483.38,0.7954,-1,-1,-1
636,59,1340.43,302.11,128.96,492.91,0.7265,-1,-1,-1
636,40,1340.43,302.11,128.96,492.91,0.7265,-1,-1,-1
636,63,1248.08,317.56,113.78,436.23,0.6000,-1,-1,-1
636,65,1099.79,327.16,124.71,441.19,0.8234,-1,-1,-1
637,2,817.13,319.05,172.45,449.46,0.8471,-1,-1,-1
637,39,1722.17,86.63,198.69,985.53,0.8706,-1,-1,-1
637,57,519.44,359.60,88.50,362.15,0.7448,-1,-1,-1
637,34,987.73,292.63,118.89,483.98,0.7990,-1,-1,-1
637,59,1343.25,304.75,130.56,496.47,0.7880,-1,-1,-1
637,40,1343.25,304.75,130.56,496.47,0.7880,-1,-1,-1
637,63,1251.31,319.60,114.03,431.78,0.6421,-1,-1,-1
637,65,1102.94,328.27,121.48,442.61,0.8152,-1,-1,-1
637,64,1233.09,354.30,75.27,374.91,0.4399,-1,-1,-1
638,2,825.35,318.67,165.65,445.06,0.8644,-1,-1,-1
638,39,1716.24,84.12,203.82,986.33,0.8831,-1,-1,-1
638,57,518.09,354.88,90.50,367.09,0.7296,-1,-1,-1
638,34,989.86,293.89,117.19,481.35,0.8013,-1,-1,-1
638,59,1346.23,303.80,130.19,498.76,0.7827,-1,-1,-1
638,40,1346.23,303.80,130.19,498.76,0.7827,-1,-1,-1
638,63,1255.10,315.92,111.63,433.71,0.6176,-1,-1,-1
638,65,1104.29,329.60,124.68,439.81,0.8118,-1,-1,-1
638,64,1233.30,352.65,76.69,378.60,0.4984,-1,-1,-1
639,2,834.26,319.49,158.51,449.27,0.8582,-1,-1,-1
639,39,1712.67,82.99,208.32,989.33,0.8780,-1,-1,-1
639,57,519.01,363.03,92.71,361.28,0.7410,-1,-1,-1
639,34,993.43,298.48,113.29,477.39,0.7983,-1,-1,-1
639,59,1353.62,304.29,129.68,500.49,0.7294,-1,-1,-1
639,40,1353.62,304.29,129.68,500.49,0.7294,-1,-1,-1
639,63,1257.34,314.23,117.95,444.13,0.6933,-1,-1,-1
639,65,1107.77,331.23,130.64,439.74,0.8286,-1,-1,-1
639,64,1237.34,352.64,71.51,378.24,0.4229,-1,-1,-1
640,2,841.11,319.30,154.79,450.13,0.8471,-1,-1,-1
640,39,1707.54,77.61,213.24,995.01,0.8778,-1,-1,-1
640,57,520.01,366.14,92.64,361.85,0.7258,-1,-1,-1
640,34,998.01,301.24,112.45,476.59,0.7988,-1,-1,-1
640,59,1362.06,300.96,128.09,509.39,0.7234,-1,-1,-1
640,40,1362.06,300.96,128.09,509.39,0.7234,-1,-1,-1
640,63,1258.86,314.93,122.78,454.76,0.7230,-1,-1,-1
640,65,1110.08,331.49,137.23,441.61,0.8086,-1,-1,-1
640,64,1241.57,350.44,72.28,380.13,0.4228,-1,-1,-1
641,2,847.59,320.36,152.62,448.16,0.8314,-1,-1,-1
641,39,1704.59,78.39,216.48,992.57,0.8735,-1,-1,-1
641,57,520.82,362.19,94.21,368.03,0.7316,-1,-1,-1
641,34,1002.62,304.78,111.18,471.26,0.7950,-1,-1,-1
641,59,1369.54,300.13,127.75,507.99,0.7789,-1,-1,-1
641,40,1369.54,300.13,127.75,507.99,0.7789,-1,-1,-1
641,63,1259.71,312.20,127.42,462.03,0.7415,-1,-1,-1
641,65,1114.39,330.20,144.55,444.31,0.7948,-1,-1,-1
642,2,853.13,321.60,153.60,448.48,0.8222,-1,-1,-1
642,39,1702.03,85.26,218.89,986.48,0.8823,-1,-1,-1
642,57,525.45,360.86,104.74,372.81,0.7056,-1,-1,-1
642,34,1005.71,308.03,114.64,471.39,0.7902,-1,-1,-1
642,59,1377.76,302.46,128.15,511.02,0.7978,-1,-1,-1
642,40,1377.76,302.46,128.15,511.02,0.7978,-1,-1,-1
642,63,1265.50,315.02,129.40,469.01,0.7778,-1,-1,-1
642,65,1120.71,330.90,148.96,447.22,0.7790,-1,-1,-1
643,2,857.43,321.63,153.63,445.91,0.8647,-1,-1,-1
643,39,1695.18,88.90,226.26,979.77,0.8824,-1,-1,-1
643,57,527.42,361.77,104.88,374.04,0.7174,-1,-1,-1
643,34,1007.19,308.66,117.31,479.13,0.8074,-1,-1,-1
643,59,1382.58,302.79,131.64,514.24,0.7876,-1,-1,-1
643,40,1382.57,302.79,131.64,514.24,0.7876,-1,-1,-1
643,63,1274.66,315.34,127.51,473.60,0.6705,-1,-1,-1
643,65,1124.88,328.43,151.65,456.04,0.8044,-1,-1,-1
644,2,863.19,322.25,152.94,448.30,0.8759,-1,-1,-1
644,39,1690.83,95.54,230.16,977.38,0.8598,-1,-1,-1
644,57,529.01,362.11,104.03,378.30,0.7460,-1,-1,-1
644,34,1010.62,308.74,115.04,483.81,0.7890,-1,-1,-1
644,59,1390.73,300.55,134.16,522.21,0.8012,-1,-1,-1
644,40,1390.73,300.55,134.16,522.21,0.8012,-1,-1,-1
644,63,1284.97,318.02,123.21,475.97,0.6626,-1,-1,-1
644,65,1131.66,323.91,153.76,467.30,0.8334,-1,-1,-1
645,2,868.21,323.62,153.35,449.99,0.8721,-1,-1,-1
645,39,1686.95,200.53,233.60,874.50,0.8212,-1,-1,-1
645,57,532.24,363.72,101.85,378.32,0.7623,-1,-1,-1
645,34,1011.52,309.68,118.01,487.24,0.7787,-1,-1,-1
645,59,1395.33,297.86,137.16,525.83,0.7465,-1,-1,-1
645,40,1395.33,297.86,137.16,525.83,0.7465,-1,-1,-1
645,63,1295.60,314.26,118.37,481.46,0.6762,-1,-1,-1
645,65,1135.23,320.38,156.00,477.28,0.8499,-1,-1,-1
646,2,873.46,324.56,150.78,454.31,0.8633,-1,-1,-1
646,39,1687.61,243.88,232.75,820.05,0.8089,-1,-1,-1
646,57,532.70,363.43,101.30,381.15,0.7652,-1,-1,-1
646,34,1008.89,309.02,124.49,487.68,0.8056,-1,-1,-1
646,59,1404.03,295.39,133.21,529.18,0.7537,-1,-1,-1
646,40,1404.03,295.39,133.21,529.18,0.7537,-1,-1,-1
646,63,1299.32,312.48,122.74,486.42,0.7240,-1,-1,-1
646,65,1135.77,318.17,160.19,483.06,0.8513,-1,-1,-1
647,2,876.00,325.83,151.35,456.25,0.8578,-1,-1,-1
647,39,1685.65,270.93,234.37,797.09,0.8295,-1,-1,-1
647,57,533.49,363.17,101.20,383.47,0.7413,-1,-1,-1
647,34,1014.61,308.82,124.14,486.65,0.7980,-1,-1,-1
647,59,1411.03,292.69,131.22,538.41,0.7698,-1,-1,-1
647,40,1411.03,292.69,131.22,538.41,0.7698,-1,-1,-1
647,63,1307.40,308.81,120.90,493.33,0.6981,-1,-1,-1
647,65,1136.49,319.48,165.34,487.10,0.8493,-1,-1,-1
647,64,1277.05,344.74,74.86,411.39,0.5059,-1,-1,-1
648,2,879.59,329.00,147.59,453.00,0.8507,-1,-1,-1
648,39,1686.99,284.51,232.65,786.64,0.8619,-1,-1,-1
648,57,533.71,361.38,100.56,387.29,0.7391,-1,-1,-1
648,34,1019.95,308.75,119.91,485.27,0.7957,-1,-1,-1
648,59,1416.48,294.16,131.48,540.29,0.7605,-1,-1,-1
648,40,1416.48,294.16,131.48,540.29,0.7605,-1,-1,-1
648,63,1308.59,308.37,125.51,498.79,0.7375,-1,-1,-1
648,65,1136.56,317.47,170.88,492.15,0.8569,-1,-1,-1
648,64,1280.72,344.20,70.96,413.56,0.4301,-1,-1,-1
649,2,881.17,331.71,146.32,450.79,0.8451,-1,-1,-1
649,39,1692.82,292.41,226.85,776.89,0.8483,-1,-1,-1
649,57,534.11,360.84,101.17,389.06,0.7397,-1,-1,-1
649,34,1021.86,308.91,118.37,481.13,0.8046,-1,-1,-1
649,59,1423.16,293.92,132.23,541.39,0.7933,-1,-1,-1
649,40,1423.16,293.92,132.23,541.39,0.7933,-1,-1,-1
649,63,1308.12,307.08,130.61,498.91,0.7514,-1,-1,-1
649,65,1136.24,322.26,177.11,492.11,0.8707,-1,-1,-1
650,2,880.30,334.88,151.04,450.65,0.8350,-1,-1,-1
650,39,1702.00,294.72,217.30,772.99,0.8023,-1,-1,-1
650,57,533.69,360.76,104.44,390.82,0.7371,-1,-1,-1
650,34,1026.67,308.66,114.74,477.58,0.8102,-1,-1,-1
650,59,1427.78,293.50,135.80,544.12,0.8083,-1,-1,-1
650,40,1427.78,293.50,135.80,544.12,0.8083,-1,-1,-1
650,63,1306.77,306.11,136.51,501.57,0.7610,-1,-1,-1
650,65,1135.32,318.85,183.05,504.25,0.8690,-1,-1,-1
650,66,829.79,402.30,58.80,222.52,0.4737,-1,-1,-1
651,2,880.58,335.26,155.28,449.58,0.8464,-1,-1,-1
651,39,1710.26,293.65,208.64,777.82,0.5800,-1,-1,-1
651,57,533.17,360.25,106.41,391.99,0.7273,-1,-1,-1
651,34,1029.71,307.09,113.38,475.53,0.7952,-1,-1,-1
651,59,1431.82,292.30,140.98,548.96,0.8441,-1,-1,-1
651,40,1431.82,292.30,140.98,548.96,0.8441,-1,-1,-1
651,63,1309.75,305.15,138.37,506.74,0.7875,-1,-1,-1
651,65,1134.23,319.62,187.40,508.34,0.8503,-1,-1,-1
651,66,827.93,405.03,61.67,221.08,0.5597,-1,-1,-1
652,2,878.54,336.04,159.59,446.80,0.8390,-1,-1,-1
652,39,1722.93,294.54,195.97,670.05,0.6942,-1,-1,-1
652,57,531.80,361.97,112.47,391.04,0.7142,-1,-1,-1
652,34,1030.51,306.67,113.45,475.88,0.8057,-1,-1,-1
652,59,1434.60,294.91,144.14,548.46,0.8217,-1,-1,-1
652,40,1434.60,294.91,144.14,548.46,0.8217,-1,-1,-1
652,63,1312.32,302.53,141.02,509.71,0.7735,-1,-1,-1
652,65,1132.08,319.75,192.18,513.21,0.8324,-1,-1,-1
652,66,820.83,406.70,67.19,221.56,0.6320,-1,-1,-1
653,2,875.68,338.48,163.08,442.17,0.8444,-1,-1,-1
653,39,1733.63,294.66,185.15,628.70,0.7907,-1,-1,-1
653,57,529.49,361.92,114.02,393.36,0.7025,-1,-1,-1
653,34,1031.13,306.62,113.77,477.62,0.8002,-1,-1,-1
653,59,1438.74,293.61,144.17,554.48,0.7715,-1,-1,-1
653,40,1438.74,293.61,144.17,554.48,0.7715,-1,-1,-1
653,63,1312.58,306.02,144.98,507.54,0.7691,-1,-1,-1
653,65,1129.01,316.53,195.12,526.28,0.8396,-1,-1,-1
653,66,815.11,404.47,70.57,228.60,0.6532,-1,-1,-1
654,2,871.60,336.27,165.72,441.02,0.8417,-1,-1,-1
654,39,1746.23,291.34,172.16,655.95,0.7755,-1,-1,-1
654,57,526.11,358.97,105.44,396.80,0.7308,-1,-1,-1
654,34,1030.16,304.14,113.95,479.40,0.7950,-1,-1,-1
654,59,1441.01,292.80,145.76,553.46,0.7605,-1,-1,-1
654,40,1441.01,292.80,145.76,553.46,0.7605,-1,-1,-1
654,63,1313.19,304.36,146.67,509.51,0.7868,-1,-1,-1
654,65,1125.27,311.97,198.87,536.85,0.8530,-1,-1,-1
654,66,808.92,402.41,75.54,230.37,0.6979,-1,-1,-1
655,2,868.07,334.09,167.44,444.40,0.8410,-1,-1,-1
655,39,1755.56,290.01,162.80,696.10,0.7631,-1,-1,-1
655,57,523.43,357.85,115.79,397.90,0.7641,-1,-1,-1
655,34,1028.40,303.35,115.52,478.79,0.7755,-1,-1,-1
655,59,1445.42,293.20,145.18,554.05,0.7370,-1,-1,-1
655,40,1445.42,293.20,145.18,554.05,0.7370,-1,-1,-1
655,63,1315.36,297.52,146.27,519.82,0.8102,-1,-1,-1
655,65,1120.89,310.32,203.77,543.38,0.8418,-1,-1,-1
655,66,806.04,401.89,73.35,230.44,0.6971,-1,-1,-1
656,2,864.89,333.63,166.23,443.26,0.8472,-1,-1,-1
656,39,1765.71,288.43,152.24,730.22,0.7909,-1,-1,-1
656,57,517.79,358.77,112.93,402.10,0.7331,-1,-1,-1
656,34,1026.44,304.98,115.61,477.24,0.7898,-1,-1,-1
656,59,1448.33,293.10,144.78,558.53,0.7548,-1,-1,-1
656,40,1448.33,293.10,144.78,558.53,0.7548,-1,-1,-1
656,63,1315.41,297.02,146.90,526.15,0.8156,-1,-1,-1
656,65,1116.26,311.07,204.53,545.70,0.8422,-1,-1,-1
656,66,804.60,405.04,69.96,228.93,0.7181,-1,-1,-1
657,2,860.35,336.31,167.13,439.02,0.8642,-1,-1,-1
657,39,1777.03,295.61,141.40,740.03,0.7591,-1,-1,-1
657,57,514.77,360.45,114.43,405.00,0.7422,-1,-1,-1
657,34,1025.55,307.01,114.64,480.48,0.7680,-1,-1,-1
657,59,1450.11,293.32,145.95,560.14,0.7551,-1,-1,-1
657,40,1450.11,293.32,145.95,560.14,0.7551,-1,-1,-1
657,63,1314.60,298.04,149.12,531.97,0.8076,-1,-1,-1
657,65,1113.52,312.00,204.25,543.99,0.8436,-1,-1,-1
657,66,802.34,402.75,67.21,235.18,0.6985,-1,-1,-1
658,2,855.20,332.56,169.64,444.18,0.8731,-1,-1,-1
658,39,1788.12,292.71,130.86,756.39,0.7507,-1,-1,-1
658,57,510.15,359.43,118.46,405.81,0.8045,-1,-1,-1
658,34,1023.41,305.92,114.64,480.02,0.7671,-1,-1,-1
658,59,1452.52,290.36,145.92,562.02,0.7764,-1,-1,-1
658,40,1452.52,290.36,145.92,562.02,0.7764,-1,-1,-1
658,63,1312.74,295.52,151.96,537.24,0.8147,-1,-1,-1
658,65,1111.23,309.86,204.50,538.26,0.8412,-1,-1,-1
658,66,797.27,405.21,67.95,232.73,0.6547,-1,-1,-1
659,2,852.39,330.33,170.36,444.15,0.8718,-1,-1,-1
659,39,1798.79,291.47,120.25,763.67,0.7336,-1,-1,-1
659,57,505.32,361.59,106.85,402.02,0.6653,-1,-1,-1
659,34,1020.62,305.43,113.81,480.09,0.7717,-1,-1,-1
659,59,1454.87,287.89,145.90,564.72,0.7847,-1,-1,-1
659,40,1454.87,287.89,145.90,564.72,0.7847,-1,-1,-1
659,63,1310.81,294.79,155.09,540.77,0.8340,-1,-1,-1
659,65,1108.51,306.89,207.57,547.69,0.8459,-1,-1,-1
659,66,792.31,403.81,70.10,230.02,0.6914,-1,-1,-1
660,2,850.16,328.85,170.62,443.15,0.8649,-1,-1,-1
660,39,1806.65,286.45,112.50,778.05,0.7413,-1,-1,-1
660,57,500.80,362.66,102.28,400.03,0.7046,-1,-1,-1
660,34,1017.42,305.96,114.54,482.22,0.7694,-1,-1,-1
660,59,1456.44,286.55,146.73,567.60,0.7903,-1,-1,-1
660,40,1456.44,286.55,146.73,567.60,0.7903,-1,-1,-1
660,63,1308.56,292.30,158.59,546.13,0.8387,-1,-1,-1
660,65,1105.58,303.29,209.62,555.97,0.8485,-1,-1,-1
660,66,788.31,398.01,72.22,233.91,0.7189,-1,-1,-1
661,2,847.84,327.63,169.16,445.82,0.8621,-1,-1,-1
661,39,1811.74,284.41,107.34,787.80,0.7534,-1,-1,-1
661,57,496.04,361.55,119.37,405.78,0.7472,-1,-1,-1
661,34,1013.59,306.00,114.75,486.72,0.7682,-1,-1,-1
661,59,1456.13,285.37,147.65,572.14,0.7937,-1,-1,-1
661,40,1456.13,285.37,147.65,572.14,0.7937,-1,-1,-1
661,63,1306.73,290.10,161.52,553.07,0.8142,-1,-1,-1
661,65,1103.26,299.68,209.74,562.88,0.8685,-1,-1,-1
661,66,785.75,394.79,70.32,239.43,0.7361,-1,-1,-1
662,2,846.17,328.20,168.11,450.69,0.8513,-1,-1,-1
662,39,1813.36,285.35,105.40,790.35,0.7515,-1,-1,-1
662,57,490.40,360.57,111.86,408.47,0.7765,-1,-1,-1
662,34,1013.41,310.55,109.41,486.15,0.7678,-1,-1,-1
662,59,1454.64,285.58,150.84,574.94,0.8015,-1,-1,-1
662,40,1454.64,285.58,150.84,574.94,0.8015,-1,-1,-1
662,63,1303.88,287.09,165.13,559.43,0.8082,-1,-1,-1
662,65,1098.92,299.51,209.95,567.05,0.8827,-1,-1,-1
662,66,781.24,391.53,70.01,245.68,0.7734,-1,-1,-1
663,2,838.52,328.75,169.92,449.23,0.8381,-1,-1,-1
663,39,1812.74,283.14,105.62,793.68,0.7607,-1,-1,-1
663,57,482.13,358.04,111.67,412.86,0.7901,-1,-1,-1
663,34,1009.61,311.90,110.67,489.36,0.8036,-1,-1,-1
663,59,1452.07,285.57,153.69,576.41,0.8119,-1,-1,-1
663,40,1452.07,285.57,153.69,576.41,0.8119,-1,-1,-1
663,63,1296.10,287.55,170.85,562.57,0.8232,-1,-1,-1
663,65,1093.02,296.85,212.97,572.90,0.8784,-1,-1,-1
664,2,832.99,331.05,172.02,444.18,0.8535,-1,-1,-1
664,39,1812.31,282.40,105.92,794.79,0.7674,-1,-1,-1
664,57,474.74,355.85,119.55,416.28,0.7977,-1,-1,-1
664,34,1006.47,311.80,109.98,490.61,0.8056,-1,-1,-1
664,59,1450.41,285.02,157.39,578.61,0.8186,-1,-1,-1
664,40,1450.41,285.02,157.39,578.61,0.8186,-1,-1,-1
664,63,1288.21,287.99,177.46,566.15,0.8258,-1,-1,-1
664,65,1090.54,297.18,208.10,578.95,0.8739,-1,-1,-1
664,66,773.83,394.30,67.12,236.58,0.5357,-1,-1,-1
665,2,838.96,332.17,159.96,436.64,0.8440,-1,-1,-1
665,39,1814.01,276.28,104.49,800.87,0.7559,-1,-1,-1
665,57,468.08,355.90,113.82,418.65,0.7516,-1,-1,-1
665,34,1000.42,309.09,114.09,491.84,0.7884,-1,-1,-1
665,59,1448.77,283.95,159.13,580.96,0.8175,-1,-1,-1
665,40,1448.77,283.95,159.13,580.96,0.8175,-1,-1,-1
665,63,1284.84,282.57,178.62,574.47,0.8553,-1,-1,-1
665,65,1086.71,294.37,214.00,584.13,0.8690,-1,-1,-1
665,66,765.60,395.49,72.80,239.28,0.6894,-1,-1,-1
666,2,841.15,332.08,155.30,439.82,0.8453,-1,-1,-1
666,39,1805.87,268.84,112.59,808.35,0.7588,-1,-1,-1
666,57,462.33,355.32,113.85,420.63,0.7394,-1,-1,-1
666,34,994.76,305.70,115.58,492.10,0.7847,-1,-1,-1
666,59,1447.71,283.06,162.41,582.87,0.8405,-1,-1,-1
666,40,1447.71,283.06,162.41,582.87,0.8405,-1,-1,-1
666,63,1276.13,281.10,184.01,578.50,0.8587,-1,-1,-1
666,65,1084.60,291.26,219.96,593.90,0.8739,-1,-1,-1
666,66,763.53,395.62,70.96,241.86,0.6974,-1,-1,-1
667,2,839.29,332.71,154.69,443.85,0.8482,-1,-1,-1
667,39,1795.76,263.75,123.17,811.56,0.7675,-1,-1,-1
667,57,454.10,355.16,109.01,420.27,0.7098,-1,-1,-1
667,34,988.66,304.16,117.61,481.48,0.7905,-1,-1,-1
667,59,1444.36,283.64,166.53,581.68,0.8500,-1,-1,-1
667,40,1444.36,283.64,166.53,581.68,0.8500,-1,-1,-1
667,63,1273.63,275.88,183.34,584.86,0.8727,-1,-1,-1
667,65,1083.14,288.02,224.43,609.61,0.8776,-1,-1,-1
667,66,759.55,396.65,70.79,242.92,0.7136,-1,-1,-1
668,2,836.59,332.38,156.59,441.19,0.8555,-1,-1,-1
668,39,1792.19,260.36,126.99,814.85,0.7446,-1,-1,-1
668,57,446.36,353.03,107.73,423.94,0.7815,-1,-1,-1
668,34,982.42,302.20,119.15,486.17,0.7941,-1,-1,-1
668,59,1442.38,284.15,171.27,581.42,0.8600,-1,-1,-1
668,40,1442.38,284.15,171.27,581.42,0.8600,-1,-1,-1
668,63,1270.37,270.56,183.38,589.87,0.8744,-1,-1,-1
668,65,1079.55,284.88,228.97,619.08,0.8780,-1,-1,-1
668,66,755.29,391.42,72.10,249.45,0.7262,-1,-1,-1
669,2,835.58,331.72,158.76,434.54,0.8533,-1,-1,-1
669,39,1796.10,255.50,123.54,820.52,0.7749,-1,-1,-1
669,57,440.75,346.81,109.17,432.07,0.7758,-1,-1,-1
669,34,976.84,299.80,122.14,489.89,0.8046,-1,-1,-1
669,59,1440.75,282.19,176.69,582.80,0.8604,-1,-1,-1
669,40,1440.75,282.19,176.69,582.80,0.8604,-1,-1,-1
669,63,1266.60,266.33,184.60,592.77,0.8621,-1,-1,-1
669,65,1076.01,282.48,234.54,633.64,0.8838,-1,-1,-1
669,66,750.08,391.79,74.12,249.72,0.6921,-1,-1,-1
670,2,834.57,330.60,156.88,431.48,0.8458,-1,-1,-1
670,39,1798.55,249.78,121.63,826.63,0.7925,-1,-1,-1
670,57,433.59,347.76,111.48,434.60,0.7885,-1,-1,-1
670,34,975.19,298.58,120.34,488.75,0.8182,-1,-1,-1
670,59,1441.15,280.74,178.89,584.74,0.8579,-1,-1,-1
670,40,1441.15,280.74,178.89,584.74,0.8579,-1,-1,-1
670,63,1265.91,252.70,184.23,609.20,0.8558,-1,-1,-1
670,65,1073.65,280.78,238.01,649.49,0.8828,-1,-1,-1
670,66,742.68,389.02,79.86,254.05,0.7225,-1,-1,-1
671,2,834.95,330.30,151.24,432.26,0.8529,-1,-1,-1
671,39,1798.69,243.79,121.93,832.69,0.7864,-1,-1,-1
671,57,429.50,348.99,113.40,435.15,0.8086,-1,-1,-1
671,34,973.38,298.28,121.09,486.09,0.8109,-1,-1,-1
671,59,1441.08,278.64,181.78,588.24,0.8559,-1,-1,-1
671,40,1441.08,278.64,181.78,588.24,0.8559,-1,-1,-1
671,63,1269.76,254.81,182.96,610.05,0.8530,-1,-1,-1
671,65,1073.96,280.99,239.44,664.54,0.8848,-1,-1,-1
671,66,740.39,385.67,80.19,258.44,0.7257,-1,-1,-1
672,2,836.20,329.86,149.40,433.62,0.8553,-1,-1,-1
672,39,1797.88,228.49,123.74,844.26,0.7838,-1,-1,-1
672,57,424.93,348.61,118.70,440.02,0.7895,-1,-1,-1
672,34,971.20,296.69,124.45,488.12,0.8134,-1,-1,-1
672,59,1442.12,276.32,183.56,590.32,0.8604,-1,-1,-1
672,40,1442.12,276.32,183.56,590.32,0.8604,-1,-1,-1
672,63,1270.99,247.55,185.23,622.89,0.8494,-1,-1,-1
672,65,1075.00,279.65,241.28,682.57,0.8894,-1,-1,-1
672,66,737.74,384.07,81.97,261.80,0.7198,-1,-1,-1
673,2,837.99,328.55,142.93,433.59,0.8483,-1,-1,-1
673,39,1794.72,168.78,127.64,903.34,0.7711,-1,-1,-1
673,57,421.11,350.64,120.19,440.33,0.7847,-1,-1,-1
673,34,970.56,294.22,126.09,486.36,0.8159,-1,-1,-1
673,59,1444.27,274.28,184.65,593.92,0.8488,-1,-1,-1
673,40,1444.27,274.28,184.65,593.92,0.8488,-1,-1,-1
673,63,1273.01,242.39,186.87,635.03,0.8356,-1,-1,-1
673,65,1075.65,274.99,246.92,697.12,0.8859,-1,-1,-1
673,66,736.83,380.92,80.82,265.12,0.7207,-1,-1,-1
674,2,839.06,328.56,138.84,433.27,0.8471,-1,-1,-1
674,39,1789.02,156.56,132.98,915.39,0.7816,-1,-1,-1
674,57,419.55,353.01,119.60,441.04,0.7688,-1,-1,-1
674,34,970.52,294.45,125.98,485.96,0.8090,-1,-1,-1
674,59,1445.94,273.86,188.05,594.00,0.8414,-1,-1,-1
674,40,1445.94,273.86,188.05,594.00,0.8414,-1,-1,-1
674,63,1277.70,240.67,183.26,650.93,0.8243,-1,-1,-1
674,65,1074.47,268.91,255.86,710.13,0.8774,-1,-1,-1
674,66,736.81,380.63,82.64,263.87,0.7019,-1,-1,-1
675,2,839.50,328.84,138.21,434.15,0.8531,-1,-1,-1
675,39,1781.57,191.62,139.95,879.72,0.7948,-1,-1,-1
675,57,416.94,351.01,122.09,446.77,0.7744,-1,-1,-1
675,34,969.68,293.51,127.11,489.17,0.8131,-1,-1,-1
675,59,1447.74,273.57,190.64,595.04,0.8448,-1,-1,-1
675,40,1447.74,273.57,190.64,595.04,0.8448,-1,-1,-1
675,63,1282.42,245.59,184.70,662.64,0.8163,-1,-1,-1
675,65,1071.41,265.46,265.67,719.55,0.8752,-1,-1,-1
675,66,736.52,382.04,82.38,260.70,0.7085,-1,-1,-1
676,2,839.13,329.67,138.87,435.61,0.8513,-1,-1,-1
676,39,1774.81,212.15,146.77,857.21,0.8226,-1,-1,-1
676,57,414.75,351.46,124.84,450.18,0.7926,-1,-1,-1
676,34,969.73,293.24,128.33,489.70,0.8215,-1,-1,-1
676,59,1455.34,273.06,188.10,589.77,0.8382,-1,-1,-1
676,40,1455.34,273.06,188.10,589.77,0.8382,-1,-1,-1
676,63,1288.77,239.95,187.84,676.41,0.7948,-1,-1,-1
676,65,1069.21,260.45,277.23,729.03,0.8543,-1,-1,-1
676,66,735.16,382.28,84.23,261.32,0.7246,-1,-1,-1
677,2,838.58,327.29,141.10,437.12,0.8420,-1,-1,-1
677,39,1764.81,226.38,156.79,842.45,0.8336,-1,-1,-1
677,57,411.52,347.52,126.52,454.14,0.7924,-1,-1,-1
677,34,971.80,291.09,126.35,487.86,0.8249,-1,-1,-1
677,59,1460.72,267.46,189.39,592.94,0.8357,-1,-1,-1
677,40,1460.72,267.46,189.39,592.94,0.8357,-1,-1,-1
677,63,1295.44,230.69,201.37,695.16,0.7772,-1,-1,-1
677,65,1066.24,252.16,288.35,713.90,0.8501,-1,-1,-1
677,66,734.19,379.50,86.38,264.10,0.7434,-1,-1,-1
678,2,839.18,326.31,141.67,439.15,0.8475,-1,-1,-1
678,39,1758.18,232.10,163.70,839.81,0.8555,-1,-1,-1
678,57,409.19,347.49,128.28,455.53,0.7955,-1,-1,-1
678,34,972.44,290.53,127.72,488.82,0.8165,-1,-1,-1
678,59,1467.54,264.29,185.46,595.71,0.8227,-1,-1,-1
678,40,1467.54,264.29,185.46,595.71,0.8227,-1,-1,-1
678,63,1301.43,226.73,205.72,705.51,0.8078,-1,-1,-1
678,65,1063.14,243.91,303.95,708.97,0.8709,-1,-1,-1
678,66,734.17,379.10,86.87,266.17,0.7408,-1,-1,-1
679,2,838.93,326.64,144.73,438.80,0.8426,-1,-1,-1
679,39,1752.20,240.74,169.96,833.20,0.8450,-1,-1,-1
679,57,408.23,347.35,127.75,456.05,0.7841,-1,-1,-1
679,34,977.26,290.55,125.84,486.48,0.7902,-1,-1,-1
679,59,1476.44,262.78,182.51,595.55,0.8157,-1,-1,-1
679,40,1476.44,262.78,182.51,595.55,0.8157,-1,-1,-1
679,63,1309.52,226.66,203.94,721.63,0.8382,-1,-1,-1
679,65,1062.23,237.16,314.27,730.89,0.8623,-1,-1,-1
679,66,734.52,377.97,86.29,266.80,0.7336,-1,-1,-1
680,2,837.71,328.69,154.19,438.67,0.8465,-1,-1,-1
680,39,1745.37,245.15,177.33,814.98,0.7731,-1,-1,-1
680,57,408.68,347.17,129.17,458.92,0.7866,-1,-1,-1
680,34,982.11,292.07,122.51,484.55,0.7723,-1,-1,-1
680,59,1485.91,261.92,183.41,602.44,0.8342,-1,-1,-1
680,40,1485.91,261.92,183.41,602.44,0.8342,-1,-1,-1
680,63,1318.30,233.08,207.24,730.34,0.8708,-1,-1,-1
680,65,1064.60,231.85,306.26,758.35,0.8740,-1,-1,-1
680,66,735.88,377.84,87.11,269.68,0.7449,-1,-1,-1
681,2,838.98,331.30,159.66,437.82,0.8541,-1,-1,-1
681,39,1739.60,249.65,183.34,740.96,0.7894,-1,-1,-1
681,57,410.70,346.24,130.58,462.38,0.7832,-1,-1,-1
681,34,985.61,295.23,120.38,481.76,0.7802,-1,-1,-1
681,59,1491.80,261.88,186.28,607.67,0.8323,-1,-1,-1
681,40,1491.80,261.88,186.28,607.67,0.8323,-1,-1,-1
681,63,1328.92,237.50,204.85,733.90,0.8649,-1,-1,-1
681,65,1071.17,226.73,295.50,781.04,0.8695,-1,-1,-1
681,66,736.44,381.04,91.05,270.98,0.7563,-1,-1,-1
682,2,840.21,332.49,166.76,441.03,0.8250,-1,-1,-1
682,39,1735.68,254.64,187.00,597.12,0.8296,-1,-1,-1
682,57,412.88,345.40,129.04,464.91,0.7898,-1,-1,-1
682,34,991.96,295.69,117.19,482.37,0.8018,-1,-1,-1
682,59,1500.66,259.99,180.74,617.02,0.8326,-1,-1,-1
682,40,1500.66,259.99,180.74,617.02,0.8326,-1,-1,-1
682,63,1340.54,235.06,202.53,741.35,0.8558,-1,-1,-1
682,65,1077.85,222.96,291.38,793.40,0.8819,-1,-1,-1
682,66,737.87,381.20,92.98,274.13,0.7630,-1,-1,-1
683,2,845.34,334.76,166.28,433.28,0.8037,-1,-1,-1
683,39,1740.08,259.06,182.23,536.55,0.7006,-1,-1,-1
683,57,414.16,346.35,127.01,464.81,0.7796,-1,-1,-1
683,34,996.90,294.83,118.28,486.47,0.8023,-1,-1,-1
683,59,1508.62,257.42,171.53,622.64,0.8320,-1,-1,-1
683,40,1508.62,257.42,171.53,622.64,0.8320,-1,-1,-1
683,63,1350.07,232.75,212.07,751.39,0.8695,-1,-1,-1
683,65,1083.28,219.70,293.73,811.84,0.8783,-1,-1,-1
683,66,740.10,382.03,92.44,274.49,0.7639,-1,-1,-1
684,2,849.94,336.56,163.66,435.44,0.8396,-1,-1,-1
684,39,1746.19,263.10,176.30,509.55,0.6231,-1,-1,-1
684,57,416.75,347.60,126.88,465.90,0.7940,-1,-1,-1
684,34,1002.60,296.32,115.64,488.84,0.8060,-1,-1,-1
684,59,1515.51,258.42,171.42,627.59,0.8201,-1,-1,-1
684,40,1515.51,258.42,171.42,627.59,0.8201,-1,-1,-1
684,63,1359.83,226.87,219.97,762.98,0.8636,-1,-1,-1
684,65,1090.65,217.01,295.36,842.88,0.8764,-1,-1,-1
684,66,745.91,382.59,90.93,277.48,0.7767,-1,-1,-1
685,2,860.16,333.97,157.73,436.18,0.8128,-1,-1,-1
685,39,1754.28,266.95,168.24,508.90,0.4476,-1,-1,-1
685,57,420.42,342.21,128.59,472.30,0.7980,-1,-1,-1
685,34,1009.46,296.60,113.90,489.47,0.8054,-1,-1,-1
685,59,1523.29,259.58,164.69,623.94,0.7557,-1,-1,-1
685,40,1523.29,259.58,164.69,623.94,0.7557,-1,-1,-1
685,63,1370.49,220.96,222.64,770.02,0.8325,-1,-1,-1
685,65,1097.12,213.74,299.19,863.07,0.8874,-1,-1,-1
685,66,752.53,382.05,88.79,280.65,0.7894,-1,-1,-1
686,2,872.21,333.56,149.34,434.36,0.8561,-1,-1,-1
686,39,1766.02,277.83,156.40,502.03,0.6645,-1,-1,-1
686,57,424.80,341.64,125.64,474.00,0.8145,-1,-1,-1
686,34,1017.05,294.19,116.49,490.72,0.7971,-1,-1,-1
686,59,1541.88,266.15,149.32,619.50,0.4313,-1,-1,-1
686,40,1541.88,266.15,149.32,619.50,0.4313,-1,-1,-1
686,63,1384.63,212.24,232.20,781.14,0.8309,-1,-1,-1
686,65,1103.67,210.04,301.18,872.48,0.8993,-1,-1,-1
686,66,757.61,382.73,88.16,279.25,0.8152,-1,-1,-1
687,2,878.50,330.24,155.60,438.18,0.8464,-1,-1,-1
687,39,1784.44,297.12,138.00,529.74,0.6378,-1,-1,-1
687,57,429.14,336.91,121.01,474.26,0.7954,-1,-1,-1
687,34,1021.02,294.72,120.33,495.24,0.7959,-1,-1,-1
687,63,1395.67,203.24,258.43,795.07,0.8370,-1,-1,-1
687,65,1107.11,206.04,308.05,878.17,0.9021,-1,-1,-1
687,66,764.70,379.54,87.67,282.64,0.8177,-1,-1,-1
688,2,884.14,327.03,152.03,435.39,0.8325,-1,-1,-1
688,39,1801.98,323.93,120.02,526.32,0.6843,-1,-1,-1
688,57,433.25,332.44,122.99,478.83,0.7640,-1,-1,-1
688,34,1028.94,293.34,119.16,490.85,0.8105,-1,-1,-1
688,63,1408.23,193.22,278.66,808.39,0.8663,-1,-1,-1
688,65,1109.74,197.37,315.74,885.27,0.8989,-1,-1,-1
688,66,767.03,377.22,90.92,282.44,0.7856,-1,-1,-1
689,2,891.05,322.80,150.79,432.04,0.8103,-1,-1,-1
689,39,1823.02,360.99,98.28,500.62,0.5571,-1,-1,-1
689,57,436.25,328.35,123.36,477.35,0.8084,-1,-1,-1
689,34,1036.85,290.47,116.62,489.19,0.7757,-1,-1,-1
689,63,1419.46,187.46,290.96,809.82,0.8774,-1,-1,-1
689,65,1112.66,177.23,323.28,903.12,0.8956,-1,-1,-1
689,66,770.10,372.57,95.63,283.03,0.7697,-1,-1,-1
690,2,895.97,317.53,157.66,433.60,0.7927,-1,-1,-1
690,57,438.34,322.12,122.50,476.70,0.7845,-1,-1,-1
690,34,1044.74,286.46,115.67,487.96,0.8152,-1,-1,-1
690,63,1428.62,178.71,310.93,816.10,0.8657,-1,-1,-1
690,65,1112.54,168.99,334.48,906.83,0.8985,-1,-1,-1
690,66,773.84,363.46,94.19,288.23,0.7459,-1,-1,-1
690,67,869.14,379.47,49.04,227.70,0.4064,-1,-1,-1
691,2,900.96,311.87,162.45,432.73,0.8089,-1,-1,-1
691,57,440.26,318.33,122.47,478.26,0.7141,-1,-1,-1
691,34,1048.78,283.08,115.51,487.01,0.7609,-1,-1,-1
691,63,1437.88,166.11,330.45,830.73,0.8799,-1,-1,-1
691,65,1111.95,171.75,342.07,905.23,0.9032,-1,-1,-1
691,66,777.22,360.87,93.96,290.16,0.7824,-1,-1,-1
692,2,906.00,307.26,151.19,433.04,0.7948,-1,-1,-1
692,57,440.53,313.61,123.96,483.12,0.7419,-1,-1,-1
692,34,1052.95,279.67,116.88,491.10,0.7500,-1,-1,-1
692,63,1445.76,154.66,344.86,854.76,0.8965,-1,-1,-1
692,65,1109.31,159.58,355.89,919.54,0.8951,-1,-1,-1
692,66,779.31,355.90,93.58,293.43,0.7836,-1,-1,-1
692,67,867.63,373.48,57.42,220.36,0.5086,-1,-1,-1
693,2,909.67,302.42,148.90,435.42,0.7916,-1,-1,-1
693,57,440.10,309.17,141.23,487.55,0.6779,-1,-1,-1
693,34,1058.66,273.50,109.06,512.02,0.6059,-1,-1,-1
693,63,1452.31,144.39,358.60,885.60,0.9008,-1,-1,-1
693,65,1106.38,138.92,372.11,937.77,0.8889,-1,-1,-1
693,66,778.93,353.02,93.94,293.30,0.7794,-1,-1,-1
693,67,866.27,370.66,61.91,220.66,0.5331,-1,-1,-1
694,2,910.64,298.97,144.61,437.56,0.8126,-1,-1,-1
694,57,438.76,304.09,139.40,492.23,0.6922,-1,-1,-1
694,34,1062.37,267.36,100.82,518.27,0.5496,-1,-1,-1
694,63,1457.11,137.54,377.13,910.09,0.8982,-1,-1,-1
694,65,1103.39,126.93,391.72,949.91,0.8896,-1,-1,-1
694,66,779.63,350.89,93.88,294.45,0.7482,-1,-1,-1
694,67,865.00,367.12,63.00,218.20,0.5095,-1,-1,-1
695,2,911.60,297.81,142.96,436.19,0.8102,-1,-1,-1
695,57,435.09,298.95,130.96,494.99,0.7972,-1,-1,-1
695,34,1061.27,259.99,125.12,606.56,0.5270,-1,-1,-1
695,63,1462.52,130.21,396.37,922.62,0.8994,-1,-1,-1
695,65,1096.06,113.59,416.39,962.92,0.8795,-1,-1,-1
695,66,780.11,346.61,91.14,296.00,0.7458,-1,-1,-1
695,67,865.46,363.40,65.05,223.15,0.6096,-1,-1,-1
696,2,911.11,299.61,139.71,433.44,0.8455,-1,-1,-1
696,57,432.44,296.58,127.89,497.88,0.8193,-1,-1,-1
696,34,1051.70,253.16,148.52,649.65,0.6175,-1,-1,-1
696,63,1467.34,125.08,410.97,936.99,0.9045,-1,-1,-1
696,65,1096.14,101.62,428.73,975.55,0.8823,-1,-1,-1
696,66,777.42,343.88,92.96,297.59,0.7684,-1,-1,-1
696,67,865.94,363.57,64.50,227.31,0.6266,-1,-1,-1
697,2,914.10,296.36,135.28,431.65,0.8157,-1,-1,-1
697,57,426.77,293.73,131.02,499.27,0.7918,-1,-1,-1
697,34,1046.73,248.29,153.52,675.04,0.6702,-1,-1,-1
697,63,1475.92,115.23,418.56,955.17,0.8911,-1,-1,-1
697,65,1103.98,85.87,438.87,990.61,0.8937,-1,-1,-1
697,66,775.91,337.67,94.73,300.35,0.7628,-1,-1,-1
697,67,865.37,361.17,64.05,228.69,0.6717,-1,-1,-1
698,2,916.96,291.06,138.71,435.61,0.8322,-1,-1,-1
698,57,425.57,286.66,127.68,501.59,0.7804,-1,-1,-1
698,34,1046.70,230.68,164.32,703.02,0.6729,-1,-1,-1
698,63,1482.44,109.22,429.75,960.67,0.9017,-1,-1,-1
698,65,1105.96,69.22,446.72,1007.31,0.9040,-1,-1,-1
698,66,774.94,336.43,96.92,300.71,0.7806,-1,-1,-1
698,67,863.33,357.76,65.86,228.46,0.6886,-1,-1,-1
699,2,918.81,285.04,146.31,438.88,0.8359,-1,-1,-1
699,57,422.96,280.32,135.65,504.32,0.7728,-1,-1,-1
699,34,1046.89,211.89,168.41,730.12,0.6958,-1,-1,-1
699,63,1492.26,97.29,432.53,968.40,0.9050,-1,-1,-1
699,65,1112.57,51.15,451.20,1026.19,0.9052,-1,-1,-1
699,66,773.39,333.25,101.23,301.89,0.7890,-1,-1,-1
699,67,863.71,351.99,66.03,229.18,0.6889,-1,-1,-1
700,2,920.07,282.28,148.25,440.08,0.8452,-1,-1,-1
700,57,421.18,275.85,132.44,506.14,0.7964,-1,-1,-1
700,34,1050.30,197.91,164.53,748.45,0.7592,-1,-1,-1
700,63,1501.23,82.34,427.85,984.86,0.9101,-1,-1,-1
700,65,1124.96,33.78,452.25,1043.24,0.8994,-1,-1,-1
700,66,772.12,331.09,102.93,303.85,0.7657,-1,-1,-1
700,67,865.48,347.42,63.74,230.77,0.6502,-1,-1,-1
701,2,920.86,282.26,147.51,437.87,0.8554,-1,-1,-1
701,57,417.33,271.85,131.00,511.58,0.8243,-1,-1,-1
701,34,1052.83,189.57,148.03,758.25,0.7719,-1,-1,-1
701,63,1510.55,73.97,418.48,993.11,0.9082,-1,-1,-1
701,65,1133.82,22.57,451.98,1054.10,0.8951,-1,-1,-1
701,66,772.39,328.86,103.45,305.55,0.7537,-1,-1,-1
701,67,864.42,345.60,65.47,233.36,0.6725,-1,-1,-1
702,2,921.42,279.30,142.15,435.16,0.8407,-1,-1,-1
702,57,414.35,267.06,131.26,517.14,0.8279,-1,-1,-1
702,34,1047.89,180.30,165.47,768.32,0.8141,-1,-1,-1
702,63,1514.51,63.73,413.89,1003.13,0.9111,-1,-1,-1
702,65,1137.52,10.05,454.32,1065.26,0.8916,-1,-1,-1
702,66,773.23,324.73,99.57,306.58,0.7640,-1,-1,-1
702,67,859.75,339.59,71.17,237.58,0.7016,-1,-1,-1
703,2,922.36,276.85,136.51,432.87,0.8366,-1,-1,-1
703,57,407.78,260.63,135.38,522.98,0.8180,-1,-1,-1
703,34,1044.70,170.53,174.91,778.36,0.8353,-1,-1,-1
703,63,1521.88,50.57,406.75,1018.92,0.9060,-1,-1,-1
703,65,1145.77,0.81,455.30,1074.47,0.8957,-1,-1,-1
703,66,772.40,319.21,100.64,311.15,0.7656,-1,-1,-1
703,67,859.88,333.90,71.94,244.47,0.6810,-1,-1,-1
704,2,922.39,271.43,127.73,432.17,0.8208,-1,-1,-1
704,57,400.57,253.88,137.70,524.77,0.8433,-1,-1,-1
704,34,1038.10,159.49,198.03,788.33,0.8462,-1,-1,-1
704,63,1532.43,37.68,395.45,1032.41,0.9108,-1,-1,-1
704,65,1152.69,-4.23,456.84,1077.96,0.9025,-1,-1,-1
704,66,771.83,313.66,103.98,313.58,0.7671,-1,-1,-1
704,67,860.11,328.51,71.21,247.33,0.6798,-1,-1,-1
705,2,921.68,264.09,123.36,431.70,0.8178,-1,-1,-1
705,57,395.27,249.43,142.10,524.17,0.8588,-1,-1,-1
705,34,1029.92,148.16,205.38,798.48,0.8462,-1,-1,-1
705,63,1544.89,15.62,382.99,1051.52,0.9014,-1,-1,-1
705,65,1159.05,-5.76,456.89,1078.09,0.9049,-1,-1,-1
705,66,774.10,309.11,99.39,314.99,0.7490,-1,-1,-1
705,67,856.61,322.79,72.56,246.58,0.6568,-1,-1,-1
706,2,922.44,258.39,122.33,430.19,0.8049,-1,-1,-1
706,57,391.91,242.54,142.36,529.05,0.8136,-1,-1,-1
706,34,1012.60,136.79,214.33,818.91,0.8301,-1,-1,-1
706,63,1557.53,2.11,370.58,1066.30,0.9177,-1,-1,-1
706,65,1168.92,-6.05,461.25,1079.22,0.9111,-1,-1,-1
706,66,773.49,302.93,96.94,317.33,0.7622,-1,-1,-1
706,67,854.12,317.97,73.95,249.78,0.6821,-1,-1,-1
707,2,922.25,254.05,122.67,427.95,0.7559,-1,-1,-1
707,57,388.31,235.99,142.98,530.89,0.8208,-1,-1,-1
707,34,999.21,122.27,221.62,852.07,0.8320,-1,-1,-1
707,63,1577.73,-2.48,350.41,1076.67,0.9170,-1,-1,-1
707,65,1179.53,-5.23,471.38,1081.47,0.9136,-1,-1,-1
707,66,776.53,295.69,91.92,317.95,0.7831,-1,-1,-1
707,67,853.88,312.44,74.09,249.91,0.6648,-1,-1,-1
708,2,923.63,242.43,109.33,433.80,0.6969,-1,-1,-1
708,57,386.25,229.66,144.73,532.74,0.7950,-1,-1,-1
708,34,985.61,108.08,228.40,880.79,0.8468,-1,-1,-1
708,63,1600.44,-2.92,327.07,1079.65,0.9075,-1,-1,-1
708,65,1185.53,-4.41,488.23,1078.69,0.9134,-1,-1,-1
708,66,773.92,288.72,97.73,319.40,0.7736,-1,-1,-1
708,67,853.30,305.32,74.78,256.26,0.6081,-1,-1,-1
709,2,916.85,231.90,116.08,437.14,0.5532,-1,-1,-1
709,57,381.71,218.04,145.21,543.35,0.8032,-1,-1,-1
709,34,974.60,96.93,252.68,906.24,0.8609,-1,-1,-1
709,63,1628.46,-1.43,297.83,1085.19,0.8982,-1,-1,-1
709,65,1199.86,-3.40,502.69,1078.35,0.9182,-1,-1,-1
709,66,769.42,281.70,103.23,322.99,0.7602,-1,-1,-1
709,67,852.59,300.57,74.42,255.20,0.5355,-1,-1,-1
710,57,377.68,210.93,145.50,545.97,0.7942,-1,-1,-1
710,34,949.56,86.01,287.02,930.01,0.8828,-1,-1,-1
710,63,1658.26,-0.71,267.16,1087.01,0.8971,-1,-1,-1
710,65,1216.78,-2.23,519.95,1076.09,0.9315,-1,-1,-1
710,66,767.67,274.85,104.47,326.97,0.7692,-1,-1,-1
710,67,854.14,296.78,71.14,252.82,0.4965,-1,-1,-1
711,57,373.10,205.26,146.27,549.38,0.8141,-1,-1,-1
711,34,933.31,77.87,306.91,950.42,0.8934,-1,-1,-1
711,63,1693.79,0.34,230.66,1075.49,0.8807,-1,-1,-1
711,65,1232.06,-2.65,559.39,1075.78,0.9216,-1,-1,-1
711,66,771.76,269.73,99.30,330.49,0.7466,-1,-1,-1
711,67,853.36,294.48,70.28,255.98,0.4919,-1,-1,-1
712,57,369.90,202.10,146.18,551.64,0.8206,-1,-1,-1
712,34,918.31,65.12,322.64,974.33,0.9029,-1,-1,-1
712,63,1729.17,-0.24,191.96,953.31,0.7731,-1,-1,-1
712,65,1250.35,0.22,575.38,1072.57,0.9111,-1,-1,-1
712,66,764.28,266.07,107.33,332.93,0.7431,-1,-1,-1
712,67,852.43,292.99,68.02,253.93,0.5970,-1,-1,-1
713,57,365.73,195.80,147.02,556.12,0.8164,-1,-1,-1
713,34,908.70,52.47,329.43,1003.43,0.8966,-1,-1,-1
713,63,1775.18,1.06,144.15,865.54,0.5927,-1,-1,-1
713,65,1269.87,2.62,598.40,1069.65,0.9159,-1,-1,-1
713,66,759.56,260.99,113.89,336.58,0.7595,-1,-1,-1
713,67,851.55,285.86,71.24,259.62,0.5324,-1,-1,-1
714,57,363.84,193.61,147.73,557.39,0.8265,-1,-1,-1
714,34,899.71,43.91,330.11,1020.99,0.8874,-1,-1,-1
714,65,1287.10,3.83,620.29,1066.23,0.9254,-1,-1,-1
714,66,756.53,258.98,116.34,338.31,0.7820,-1,-1,-1
714,67,852.25,284.72,68.88,261.13,0.5898,-1,-1,-1
715,57,359.42,190.94,153.55,559.18,0.8250,-1,-1,-1
715,34,890.16,35.20,331.98,1035.90,0.8908,-1,-1,-1
715,65,1290.19,0.66,635.04,1066.23,0.9283,-1,-1,-1
715,66,756.52,255.59,120.86,339.91,0.7669,-1,-1,-1
715,67,851.11,280.51,61.68,265.19,0.4193,-1,-1,-1
716,57,356.13,188.45,152.82,563.35,0.8276,-1,-1,-1
716,34,877.86,15.82,333.44,1055.19,0.8965,-1,-1,-1
716,65,1280.68,-0.61,650.20,1067.52,0.9285,-1,-1,-1
716,66,756.34,253.06,120.44,340.54,0.7613,-1,-1,-1
716,68,1238.32,316.52,60.00,207.35,0.5869,-1,-1,-1
717,57,350.14,187.72,158.97,565.08,0.8039,-1,-1,-1
717,34,861.25,2.58,344.72,1078.00,0.9083,-1,-1,-1
717,65,1272.84,-1.60,661.85,1069.35,0.9286,-1,-1,-1
717,66,754.55,248.58,125.59,345.97,0.8057,-1,-1,-1
717,68,1242.03,311.15,61.08,212.03,0.5070,-1,-1,-1
718,57,344.89,182.77,162.83,572.34,0.8183,-1,-1,-1
718,34,845.66,4.09,347.03,1079.08,0.9027,-1,-1,-1
718,65,1268.04,-0.92,668.25,1071.82,0.9180,-1,-1,-1
718,66,754.11,245.02,119.63,351.39,0.8089,-1,-1,-1
718,68,1240.29,307.86,67.48,215.12,0.5913,-1,-1,-1
719,57,343.04,179.96,160.86,575.39,0.8280,-1,-1,-1
719,34,822.25,0.84,351.75,1077.20,0.8994,-1,-1,-1
719,65,1265.89,1.81,664.00,1069.84,0.9180,-1,-1,-1
719,66,752.94,241.59,109.62,354.72,0.7687,-1,-1,-1
719,68,1239.86,311.15,71.46,210.47,0.5575,-1,-1,-1
720,57,340.37,179.16,158.25,579.39,0.8484,-1,-1,-1
720,34,796.04,0.47,358.38,1077.91,0.8882,-1,-1,-1
720,65,1272.59,4.50,653.18,1060.82,0.9173,-1,-1,-1
720,66,754.44,241.26,91.37,355.63,0.6818,-1,-1,-1
720,68,1240.69,308.08,75.03,214.44,0.6397,-1,-1,-1
720,69,1099.12,168.59,112.84,513.62,0.7165,-1,-1,-1
721,57,336.62,175.32,159.89,586.12,0.8474,-1,-1,-1
721,34,771.37,-0.59,364.02,1082.09,0.9126,-1,-1,-1
721,65,1286.56,3.79,638.12,1060.85,0.8841,-1,-1,-1
721,68,1240.61,303.29,77.03,216.15,0.6066,-1,-1,-1
721,69,1094.16,165.33,125.75,519.11,0.7447,-1,-1,-1
722,57,331.33,170.46,162.13,592.88,0.8438,-1,-1,-1
722,34,749.35,-0.64,368.93,1081.89,0.9107,-1,-1,-1
722,65,1300.20,3.59,622.55,1062.11,0.9198,-1,-1,-1
722,68,1242.78,296.47,70.49,223.03,0.4930,-1,-1,-1
722,69,1089.34,162.51,137.43,520.60,0.7899,-1,-1,-1
723,57,325.50,167.47,164.61,596.96,0.8462,-1,-1,-1
723,34,725.82,-0.36,373.05,1082.48,0.9036,-1,-1,-1
723,65,1310.41,3.92,611.00,1062.84,0.9027,-1,-1,-1
723,68,1244.88,307.86,66.65,213.10,0.5252,-1,-1,-1
723,69,1083.51,162.08,143.08,513.44,0.8314,-1,-1,-1
723,70,1305.44,111.67,166.25,547.52,0.7295,-1,-1,-1
724,57,320.01,164.13,165.63,600.40,0.8366,-1,-1,-1
724,34,699.35,-0.02,386.98,1076.17,0.9061,-1,-1,-1
724,65,1318.60,5.95,599.97,1060.93,0.9020,-1,-1,-1
724,69,1077.07,159.37,150.36,509.89,0.8438,-1,-1,-1
724,70,1269.91,109.01,194.27,615.97,0.7753,-1,-1,-1
725,57,314.11,158.92,166.75,604.36,0.8384,-1,-1,-1
725,34,664.98,0.86,396.62,1073.79,0.9040,-1,-1,-1
725,65,1329.41,7.39,586.48,1060.34,0.8821,-1,-1,-1
725,69,1072.49,157.27,152.96,507.80,0.8373,-1,-1,-1
725,70,1242.97,102.58,213.17,659.69,0.8577,-1,-1,-1
726,57,305.15,155.34,167.45,609.91,0.8181,-1,-1,-1
726,34,630.32,-0.09,406.23,1077.82,0.9086,-1,-1,-1
726,65,1343.42,6.73,575.26,1062.49,0.8124,-1,-1,-1
726,69,1067.35,153.26,160.76,509.86,0.8424,-1,-1,-1
726,70,1217.45,103.41,236.88,702.45,0.8564,-1,-1,-1
727,57,286.30,145.13,172.65,619.38,0.8201,-1,-1,-1
727,34,596.16,-2.69,415.95,1084.07,0.9053,-1,-1,-1
727,65,1377.44,1.09,545.80,1072.13,0.8124,-1,-1,-1
727,69,1061.57,148.30,166.79,515.71,0.8544,-1,-1,-1
727,70,1188.67,101.15,268.63,716.89,0.8694,-1,-1,-1
728,57,275.23,136.45,171.65,626.65,0.8495,-1,-1,-1
728,34,556.86,-4.31,435.32,1087.23,0.9091,-1,-1,-1
728,65,1484.45,-0.27,439.44,1064.04,0.7383,-1,-1,-1
728,69,1058.78,143.28,155.44,516.93,0.6673,-1,-1,-1
728,70,1152.01,97.14,306.06,723.79,0.8591,-1,-1,-1
728,72,941.84,181.88,117.10,444.98,0.7887,-1,-1,-1
729,57,270.51,126.15,170.03,631.88,0.8670,-1,-1,-1
729,34,516.31,-4.53,451.13,1082.59,0.9076,-1,-1,-1
729,65,1641.70,18.05,278.61,1045.64,0.6981,-1,-1,-1
729,69,1057.87,142.22,138.73,513.15,0.7569,-1,-1,-1
729,70,1122.17,91.76,334.49,725.07,0.8772,-1,-1,-1
729,72,933.05,182.18,120.52,441.70,0.8449,-1,-1,-1
730,57,256.90,119.51,173.27,636.61,0.8434,-1,-1,-1
730,34,464.39,-5.41,474.39,1084.88,0.9227,-1,-1,-1
730,69,1051.10,138.07,137.86,516.96,0.8079,-1,-1,-1
730,70,1102.90,89.61,353.44,723.75,0.9001,-1,-1,-1
730,72,918.34,182.20,139.35,439.71,0.8500,-1,-1,-1
731,57,246.25,116.33,174.21,641.14,0.8306,-1,-1,-1
731,34,417.54,-2.26,489.23,1080.76,0.9070,-1,-1,-1
731,69,1047.04,136.91,134.94,517.53,0.7967,-1,-1,-1
731,70,1096.97,90.33,356.95,721.24,0.8963,-1,-1,-1
731,72,908.50,182.46,145.86,439.91,0.8390,-1,-1,-1
732,57,243.69,109.53,163.40,647.93,0.8457,-1,-1,-1
732,34,365.84,1.97,513.62,1067.62,0.9132,-1,-1,-1
732,69,1047.78,137.28,128.17,514.54,0.8123,-1,-1,-1
732,70,1081.13,90.15,370.59,718.72,0.8785,-1,-1,-1
732,72,903.79,183.96,153.99,436.86,0.8396,-1,-1,-1
733,34,272.70,3.94,574.88,1061.28,0.9026,-1,-1,-1
733,69,1045.99,134.55,121.65,512.36,0.8048,-1,-1,-1
733,70,1079.78,81.05,362.07,723.79,0.8631,-1,-1,-1
733,72,898.93,181.68,163.66,435.45,0.8547,-1,-1,-1
734,34,215.46,4.97,591.00,1063.16,0.9264,-1,-1,-1
734,69,1040.36,135.04,118.75,515.53,0.8040,-1,-1,-1
734,70,1067.10,79.29,359.85,738.69,0.8614,-1,-1,-1
734,72,892.25,183.01,155.62,435.97,0.8419,-1,-1,-1
735,34,155.26,6.41,619.44,1061.50,0.9089,-1,-1,-1
735,69,1032.85,136.78,116.00,519.33,0.7599,-1,-1,-1
735,70,1050.28,80.47,355.52,745.18,0.8626,-1,-1,-1
735,72,885.88,183.71,149.42,427.45,0.8574,-1,-1,-1
735,73,739.09,211.90,106.47,400.12,0.6851,-1,-1,-1
736,34,60.49,7.34,677.23,1062.41,0.8624,-1,-1,-1
736,69,1025.22,136.11,110.62,523.73,0.6483,-1,-1,-1
736,70,1036.41,77.89,340.10,735.48,0.8803,-1,-1,-1
736,72,882.14,183.89,144.78,427.03,0.8479,-1,-1,-1
736,73,710.53,187.06,126.93,410.96,0.6393,-1,-1,-1
737,34,6.39,8.54,695.22,1053.87,0.9244,-1,-1,-1
737,69,1016.29,139.91,102.99,520.99,0.6674,-1,-1,-1
737,70,1037.51,75.10,299.20,728.14,0.8520,-1,-1,-1
737,72,879.92,182.49,137.95,424.90,0.8372,-1,-1,-1
737,73,678.37,176.84,152.05,424.98,0.7135,-1,-1,-1
738,34,-15.58,7.63,692.49,1050.66,0.9044,-1,-1,-1
738,69,1005.66,143.55,90.51,515.48,0.4704,-1,-1,-1
738,70,1017.93,71.68,269.64,734.44,0.8716,-1,-1,-1
738,72,866.12,179.72,136.00,427.37,0.8223,-1,-1,-1
738,73,647.57,169.15,159.77,436.86,0.7847,-1,-1,-1
738,75,748.73,211.10,65.69,318.43,0.4612,-1,-1,-1
739,34,-24.12,6.26,671.62,1048.17,0.9128,-1,-1,-1
739,70,998.10,71.89,233.71,733.70,0.8284,-1,-1,-1
739,72,845.47,179.42,136.38,431.08,0.8441,-1,-1,-1
739,73,620.33,164.17,170.51,446.44,0.8122,-1,-1,-1
740,34,-21.37,7.97,626.55,1045.17,0.9056,-1,-1,-1
740,70,975.59,69.71,206.27,733.95,0.8287,-1,-1,-1
740,72,829.86,179.36,142.07,429.12,0.8414,-1,-1,-1
740,73,608.23,161.57,167.46,459.02,0.8234,-1,-1,-1
741,34,-16.75,6.89,572.06,1050.10,0.8886,-1,-1,-1
741,70,953.40,69.64,198.60,749.12,0.8714,-1,-1,-1
741,72,821.65,179.74,141.61,429.11,0.8179,-1,-1,-1
741,73,594.27,159.72,171.23,462.94,0.8471,-1,-1,-1
742,34,-14.66,7.60,488.02,1054.46,0.8361,-1,-1,-1
742,70,923.92,69.06,205.50,757.71,0.8391,-1,-1,-1
742,72,810.62,179.63,141.23,432.45,0.8407,-1,-1,-1
742,73,578.25,156.76,174.80,467.26,0.8487,-1,-1,-1
742,76,1139.49,275.39,57.87,253.54,0.4850,-1,-1,-1
743,34,-10.53,11.61,347.03,1044.17,0.7070,-1,-1,-1
743,70,897.34,69.21,217.00,760.91,0.8163,-1,-1,-1
743,72,800.51,181.95,141.72,434.32,0.8275,-1,-1,-1
743,73,569.55,157.17,169.33,471.17,0.8278,-1,-1,-1
744,70,855.74,66.35,230.96,762.95,0.8342,-1,-1,-1
744,72,782.73,181.70,145.53,431.10,0.8212,-1,-1,-1
744,73,552.83,156.26,171.86,478.97,0.8404,-1,-1,-1
744,77,1074.19,229.66,91.12,303.48,0.6838,-1,-1,-1
745,70,811.89,62.85,255.95,762.06,0.7783,-1,-1,-1
745,72,768.54,182.41,139.43,429.11,0.7263,-1,-1,-1
745,73,534.89,154.11,179.38,488.40,0.8413,-1,-1,-1
745,77,1063.78,230.21,99.82,305.33,0.7481,-1,-1,-1
745,78,-3.57,54.76,186.04,772.45,0.8732,-1,-1,-1
746,70,750.24,57.32,300.27,777.20,0.8060,-1,-1,-1
746,72,755.14,182.64,131.55,423.66,0.7471,-1,-1,-1
746,73,515.96,151.94,187.37,496.41,0.8397,-1,-1,-1
746,77,1051.61,225.07,102.24,311.93,0.7225,-1,-1,-1
746,78,-3.93,54.50,163.74,769.01,0.8566,-1,-1,-1
747,70,702.50,46.65,338.62,788.57,0.8323,-1,-1,-1
747,72,737.17,183.78,121.55,402.99,0.6152,-1,-1,-1
747,73,496.83,150.70,189.85,502.91,0.8303,-1,-1,-1
747,77,1048.66,222.90,96.59,315.82,0.7044,-1,-1,-1
747,78,-1.58,53.62,138.60,771.65,0.8304,-1,-1,-1
748,70,661.18,48.60,367.94,788.01,0.8794,-1,-1,-1
748,72,721.70,174.81,112.14,406.75,0.5249,-1,-1,-1
748,73,481.18,148.57,192.47,507.39,0.8525,-1,-1,-1
748,77,1042.35,219.85,94.98,322.12,0.7132,-1,-1,-1
748,78,-0.29,60.27,116.52,770.74,0.8119,-1,-1,-1
749,70,655.63,49.09,363.17,788.99,0.8157,-1,-1,-1
749,73,464.21,148.17,199.52,517.03,0.8422,-1,-1,-1
749,77,1035.03,220.30,93.40,323.37,0.6747,-1,-1,-1
749,78,-0.15,96.97,101.03,730.48,0.7608,-1,-1,-1
749,69,921.41,140.27,85.97,365.79,0.4578,-1,-1,-1
750,70,636.32,53.90,371.49,791.27,0.8591,-1,-1,-1
750,73,449.90,148.33,202.34,523.10,0.7512,-1,-1,-1
750,77,1029.90,225.07,93.79,321.11,0.7403,-1,-1,-1
750,78,-0.04,164.81,80.92,660.96,0.7269,-1,-1,-1
751,70,617.98,53.14,381.21,801.02,0.8737,-1,-1,-1
751,73,435.20,148.67,206.83,539.62,0.8016,-1,-1,-1
751,77,1029.99,226.62,91.12,322.14,0.7152,-1,-1,-1
751,79,977.98,240.82,83.54,321.86,0.6530,-1,-1,-1
751,75,564.94,210.76,81.89,345.28,0.4252,-1,-1,-1
751,69,890.04,138.13,105.53,491.59,0.6952,-1,-1,-1
752,70,604.99,53.64,377.08,808.13,0.8716,-1,-1,-1
752,73,425.62,144.23,206.70,551.37,0.8283,-1,-1,-1
752,77,1029.15,227.37,90.88,323.01,0.7482,-1,-1,-1
752,79,965.02,243.99,97.67,325.06,0.6887,-1,-1,-1
752,69,875.39,136.72,115.70,518.51,0.7587,-1,-1,-1
753,70,595.54,49.28,368.80,819.24,0.8886,-1,-1,-1
753,73,412.97,139.92,214.74,560.71,0.8388,-1,-1,-1
753,77,1030.99,229.55,89.96,319.66,0.7371,-1,-1,-1
753,79,959.90,249.71,110.32,326.14,0.7030,-1,-1,-1
753,69,865.25,140.37,121.79,531.20,0.7676,-1,-1,-1
754,70,587.91,48.45,353.30,826.62,0.8870,-1,-1,-1
754,73,397.19,136.82,226.65,566.68,0.8195,-1,-1,-1
754,77,1029.63,231.51,92.37,323.78,0.7433,-1,-1,-1
754,79,956.28,252.22,115.66,327.71,0.6710,-1,-1,-1
754,69,857.88,144.59,125.06,536.25,0.7952,-1,-1,-1
754,81,1833.78,332.41,86.09,369.43,0.5081,-1,-1,-1
755,70,572.20,44.77,348.99,836.19,0.8894,-1,-1,-1
755,73,390.87,133.83,226.80,571.35,0.8486,-1,-1,-1
755,77,1031.22,230.33,94.38,326.19,0.7177,-1,-1,-1
755,79,955.26,251.80,119.23,330.16,0.6919,-1,-1,-1
755,69,851.21,145.82,130.09,540.40,0.7993,-1,-1,-1
755,81,1827.10,314.68,93.52,389.77,0.5029,-1,-1,-1
756,70,545.06,40.50,343.16,848.92,0.8892,-1,-1,-1
756,73,382.13,131.75,225.15,582.62,0.8420,-1,-1,-1
756,77,1030.99,229.85,100.24,331.10,0.7037,-1,-1,-1
756,79,953.84,252.24,119.31,332.99,0.6797,-1,-1,-1
756,69,846.85,149.71,135.15,536.79,0.8010,-1,-1,-1
757,70,510.78,35.74,341.88,861.45,0.8795,-1,-1,-1
757,73,375.59,133.63,209.56,583.61,0.8541,-1,-1,-1
757,77,1030.94,230.46,105.46,333.94,0.7002,-1,-1,-1
757,79,953.59,252.89,118.97,337.54,0.7567,-1,-1,-1
757,69,842.07,154.65,141.15,533.29,0.8022,-1,-1,-1
758,70,475.69,35.73,343.99,869.57,0.8793,-1,-1,-1
758,73,371.25,130.58,206.18,589.37,0.7723,-1,-1,-1
758,77,1036.16,229.57,112.43,335.28,0.7045,-1,-1,-1
758,79,955.86,252.19,125.69,342.76,0.7991,-1,-1,-1
758,69,843.41,160.60,139.62,530.72,0.8244,-1,-1,-1
759,70,457.38,34.64,330.59,880.06,0.8466,-1,-1,-1
759,73,369.33,132.62,205.34,596.63,0.7958,-1,-1,-1
759,77,1042.42,230.47,112.04,344.53,0.7294,-1,-1,-1
759,79,959.52,255.13,124.18,343.71,0.8125,-1,-1,-1
759,69,843.73,165.83,137.66,530.65,0.8311,-1,-1,-1
760,70,445.85,38.97,306.52,883.83,0.7886,-1,-1,-1
760,73,367.74,130.41,204.99,609.51,0.7834,-1,-1,-1
760,77,1049.68,229.23,108.38,358.64,0.7447,-1,-1,-1
760,79,964.71,255.95,122.01,347.46,0.8079,-1,-1,-1
760,69,843.23,168.44,136.68,531.01,0.8298,-1,-1,-1
761,70,416.48,41.03,315.73,892.90,0.7625,-1,-1,-1
761,73,367.39,131.44,200.22,611.84,0.7331,-1,-1,-1
761,77,1056.26,229.45,105.29,363.81,0.7628,-1,-1,-1
761,79,969.31,257.28,122.13,350.16,0.8297,-1,-1,-1
761,69,844.96,170.88,134.46,532.94,0.8356,-1,-1,-1
761,83,709.05,201.36,140.14,453.27,0.8251,-1,-1,-1
762,70,392.91,39.73,330.01,900.86,0.7497,-1,-1,-1
762,73,361.87,133.76,198.05,614.45,0.7184,-1,-1,-1
762,77,1062.39,230.25,100.67,364.84,0.7785,-1,-1,-1
762,79,971.01,253.03,127.68,356.74,0.8051,-1,-1,-1
762,69,845.35,172.42,133.99,533.20,0.8351,-1,-1,-1
762,83,707.51,202.33,142.76,441.36,0.8180,-1,-1,-1
763,70,361.90,38.04,350.45,910.14,0.6406,-1,-1,-1
763,73,349.19,136.86,191.81,614.07,0.7549,-1,-1,-1
763,77,1066.03,230.68,104.61,367.41,0.7900,-1,-1,-1
763,79,974.56,251.30,134.72,360.51,0.8006,-1,-1,-1
763,69,847.86,172.55,133.36,530.36,0.8246,-1,-1,-1
763,83,706.07,203.59,149.06,448.15,0.8338,-1,-1,-1
764,70,332.28,37.12,375.52,917.41,0.8510,-1,-1,-1
764,73,334.55,122.76,192.13,635.90,0.5560,-1,-1,-1
764,77,1071.92,229.23,102.30,373.00,0.7762,-1,-1,-1
764,79,979.04,249.49,139.19,364.29,0.8012,-1,-1,-1
764,69,849.00,171.80,135.06,533.03,0.8134,-1,-1,-1
764,83,710.27,205.18,148.08,450.85,0.8353,-1,-1,-1
765,70,318.36,35.37,389.77,925.54,0.8616,-1,-1,-1
765,77,1078.35,228.02,101.83,375.43,0.7164,-1,-1,-1
765,79,983.49,249.86,142.72,368.68,0.7743,-1,-1,-1
765,69,850.67,168.70,140.33,526.77,0.8031,-1,-1,-1
765,83,713.45,207.08,147.07,449.67,0.8442,-1,-1,-1
766,70,301.64,33.34,406.62,929.40,0.9034,-1,-1,-1
766,77,1083.04,228.30,102.74,379.02,0.6851,-1,-1,-1
766,79,984.54,249.13,146.19,374.09,0.7989,-1,-1,-1
766,69,854.75,166.47,138.91,518.89,0.8125,-1,-1,-1
766,83,716.33,209.40,145.39,446.45,0.8416,-1,-1,-1
767,70,284.27,30.90,421.71,935.54,0.9007,-1,-1,-1
767,77,1087.75,225.77,113.78,386.87,0.7386,-1,-1,-1
767,79,980.22,249.04,159.13,379.11,0.8228,-1,-1,-1
767,69,855.24,162.91,140.07,516.30,0.8092,-1,-1,-1
767,83,717.80,209.99,144.02,442.68,0.8457,-1,-1,-1
767,84,633.88,272.21,98.52,342.14,0.7333,-1,-1,-1
768,70,265.44,29.49,435.31,940.74,0.9039,-1,-1,-1
768,77,1088.78,224.88,121.18,391.34,0.7685,-1,-1,-1
768,79,978.45,250.16,171.26,380.73,0.8123,-1,-1,-1
768,69,856.46,159.31,138.85,516.99,0.8117,-1,-1,-1
768,83,720.08,208.07,140.54,441.20,0.8234,-1,-1,-1
768,84,630.81,268.82,103.15,341.95,0.7522,-1,-1,-1
769,70,243.07,29.41,448.79,949.45,0.9094,-1,-1,-1
769,77,1091.29,225.54,116.27,395.77,0.7569,-1,-1,-1
769,79,976.20,251.11,182.36,385.18,0.8257,-1,-1,-1
769,69,853.72,157.61,142.83,519.22,0.8253,-1,-1,-1
769,83,721.10,207.74,137.74,439.90,0.8094,-1,-1,-1
769,84,628.75,266.09,105.62,347.10,0.7796,-1,-1,-1
770,70,219.78,25.09,459.08,961.58,0.8976,-1,-1,-1
770,77,1095.16,223.42,106.77,402.52,0.7136,-1,-1,-1
770,79,975.65,249.91,187.32,389.79,0.8340,-1,-1,-1
770,69,851.48,154.69,147.19,521.44,0.8249,-1,-1,-1
770,83,723.01,205.47,134.61,439.42,0.8267,-1,-1,-1
770,84,627.39,264.44,106.34,345.60,0.7875,-1,-1,-1
771,70,197.76,13.83,459.77,982.12,0.8926,-1,-1,-1
771,77,1098.41,219.54,102.00,409.06,0.7146,-1,-1,-1
771,79,974.45,244.74,189.79,396.22,0.8278,-1,-1,-1
771,69,846.34,151.61,151.88,521.95,0.8573,-1,-1,-1
771,83,720.71,198.31,133.23,443.12,0.8494,-1,-1,-1
771,84,625.41,255.81,107.62,347.53,0.7393,-1,-1,-1
772,70,175.98,9.88,460.19,985.25,0.8889,-1,-1,-1
772,77,1097.23,219.18,103.86,412.59,0.7857,-1,-1,-1
772,79,968.23,244.40,193.80,402.55,0.8342,-1,-1,-1
772,69,843.78,152.27,151.85,524.21,0.8601,-1,-1,-1
772,83,721.80,201.07,131.28,440.52,0.8348,-1,-1,-1
772,84,619.33,257.69,112.66,351.24,0.7896,-1,-1,-1
773,70,156.31,9.47,445.94,955.79,0.8627,-1,-1,-1
773,77,1094.21,215.14,108.41,417.88,0.7976,-1,-1,-1
773,79,963.43,241.05,196.87,407.93,0.8424,-1,-1,-1
773,69,841.35,153.11,147.15,524.05,0.8635,-1,-1,-1
773,83,720.95,199.78,126.74,438.95,0.8332,-1,-1,-1
773,84,615.71,257.77,112.57,351.35,0.8120,-1,-1,-1
774,70,141.58,4.56,413.88,947.18,0.8764,-1,-1,-1
774,77,1092.83,211.50,113.14,420.42,0.7753,-1,-1,-1
774,79,961.23,235.08,198.34,412.87,0.8589,-1,-1,-1
774,69,837.29,150.35,144.55,528.59,0.8138,-1,-1,-1
774,83,716.14,193.38,126.47,440.30,0.8314,-1,-1,-1
774,84,611.13,255.26,113.35,349.47,0.7972,-1,-1,-1
774,85,428.58,65.57,195.19,753.17,0.5840,-1,-1,-1
775,70,128.88,2.11,377.15,950.06,0.8709,-1,-1,-1
775,77,1087.88,207.15,119.03,423.81,0.7980,-1,-1,-1
775,79,958.69,229.43,200.04,415.77,0.8610,-1,-1,-1
775,69,831.15,150.75,135.53,526.78,0.7834,-1,-1,-1
775,83,710.62,189.41,129.99,442.79,0.8174,-1,-1,-1
775,84,607.16,250.01,114.28,357.06,0.7793,-1,-1,-1
775,85,404.30,56.34,215.83,772.31,0.7690,-1,-1,-1
776,70,110.44,0.86,355.88,960.22,0.8844,-1,-1,-1
776,77,1085.60,202.44,121.51,428.75,0.8109,-1,-1,-1
776,79,955.56,225.17,199.06,420.09,0.8485,-1,-1,-1
776,69,820.89,151.03,138.01,528.41,0.7804,-1,-1,-1
776,83,701.69,188.76,134.35,442.85,0.8011,-1,-1,-1
776,84,600.85,247.91,114.25,359.29,0.7792,-1,-1,-1
776,85,381.29,47.66,237.03,782.51,0.7164,-1,-1,-1
777,70,92.72,1.83,344.07,959.67,0.8973,-1,-1,-1
777,77,1082.67,199.70,128.30,430.49,0.8342,-1,-1,-1
777,79,953.23,222.57,194.53,424.75,0.8348,-1,-1,-1
777,69,813.81,152.48,140.99,528.64,0.8012,-1,-1,-1
777,83,692.80,191.69,137.16,441.62,0.7899,-1,-1,-1
777,84,592.90,246.96,113.61,365.46,0.7137,-1,-1,-1
777,85,352.41,41.94,260.08,798.95,0.7781,-1,-1,-1
778,70,74.67,2.85,332.02,974.18,0.8957,-1,-1,-1
778,77,1081.98,193.27,129.95,440.42,0.8311,-1,-1,-1
778,79,950.30,220.27,188.51,427.86,0.8406,-1,-1,-1
778,69,810.64,153.17,140.66,528.23,0.8065,-1,-1,-1
778,83,682.54,191.36,137.49,446.30,0.7419,-1,-1,-1
778,84,586.51,246.41,110.62,363.45,0.7243,-1,-1,-1
778,85,331.06,36.91,279.29,826.92,0.8289,-1,-1,-1
779,70,51.58,2.41,328.37,995.52,0.8965,-1,-1,-1
779,77,1079.97,193.74,127.06,441.55,0.8097,-1,-1,-1
779,79,951.31,216.51,179.03,434.15,0.8365,-1,-1,-1
779,69,801.10,154.98,143.88,523.86,0.7421,-1,-1,-1
779,83,673.31,191.84,137.87,440.99,0.7596,-1,-1,-1
779,84,574.28,244.68,116.33,365.73,0.7650,-1,-1,-1
779,85,324.18,32.11,280.76,855.84,0.8167,-1,-1,-1
780,70,25.91,2.02,327.44,999.16,0.9101,-1,-1,-1
780,77,1076.41,192.72,128.96,447.36,0.8100,-1,-1,-1
780,79,949.54,214.10,173.08,438.02,0.8449,-1,-1,-1
780,69,791.63,155.08,146.06,528.68,0.8081,-1,-1,-1
780,83,664.27,190.27,140.41,447.23,0.7397,-1,-1,-1
780,84,567.04,243.85,115.43,362.15,0.6802,-1,-1,-1
780,85,315.51,26.86,281.78,881.87,0.8464,-1,-1,-1
781,70,1.30,3.62,327.04,1005.36,0.9110,-1,-1,-1
781,77,1074.60,191.23,135.37,454.12,0.8179,-1,-1,-1
781,79,950.33,212.35,166.60,445.14,0.8393,-1,-1,-1
781,69,789.63,153.54,143.93,531.20,0.8178,-1,-1,-1
781,83,672.65,190.27,127.59,446.76,0.6141,-1,-1,-1
781,84,564.81,243.02,108.37,360.03,0.6032,-1,-1,-1
781,85,303.70,20.36,291.88,893.27,0.8435,-1,-1,-1
782,70,-6.08,5.30,310.29,1004.99,0.9090,-1,-1,-1
782,77,1072.73,189.39,145.08,458.53,0.8124,-1,-1,-1
782,79,950.38,209.69,164.26,453.28,0.8712,-1,-1,-1
782,69,786.12,156.41,145.59,526.87,0.8168,-1,-1,-1
782,83,673.97,191.11,126.46,444.96,0.6774,-1,-1,-1
782,84,557.11,242.31,108.93,377.00,0.6245,-1,-1,-1
782,85,282.66,12.11,314.18,912.88,0.8664,-1,-1,-1
783,70,-7.26,4.90,285.50,1011.10,0.9017,-1,-1,-1
783,77,1071.20,189.58,150.67,460.13,0.8294,-1,-1,-1
783,79,950.27,208.99,163.98,460.26,0.8782,-1,-1,-1
783,69,779.30,156.40,151.22,524.15,0.8088,-1,-1,-1
783,83,673.93,194.83,124.27,443.61,0.6677,-1,-1,-1
783,84,542.14,242.27,118.00,383.30,0.6257,-1,-1,-1
783,85,249.93,3.08,345.24,939.36,0.8584,-1,-1,-1
784,70,-6.50,5.82,262.71,1012.63,0.9015,-1,-1,-1
784,77,1069.80,189.31,155.33,466.26,0.8240,-1,-1,-1
784,79,949.78,206.97,164.29,467.26,0.8681,-1,-1,-1
784,69,782.01,155.58,143.93,523.40,0.7934,-1,-1,-1
784,83,677.46,196.56,119.51,441.78,0.7079,-1,-1,-1
784,84,541.89,241.89,113.14,386.56,0.5871,-1,-1,-1
784,85,230.04,-0.19,361.59,963.76,0.8617,-1,-1,-1
785,70,-4.46,7.90,240.41,1015.64,0.8981,-1,-1,-1
785,77,1071.50,186.08,156.92,475.73,0.8280,-1,-1,-1
785,79,948.39,205.33,165.87,471.83,0.8453,-1,-1,-1
785,69,784.10,150.70,139.45,526.03,0.7902,-1,-1,-1
785,83,681.62,196.12,115.08,440.53,0.7288,-1,-1,-1
785,84,537.66,238.85,117.27,389.33,0.6670,-1,-1,-1
785,85,216.37,-0.93,361.90,978.75,0.8931,-1,-1,-1
786,70,-2.94,7.95,222.60,1017.83,0.8743,-1,-1,-1
786,77,1072.93,181.90,160.36,487.04,0.8263,-1,-1,-1
786,79,949.12,203.11,166.70,482.15,0.8298,-1,-1,-1
786,69,784.88,147.92,139.64,524.70,0.8160,-1,-1,-1
786,83,682.66,196.27,114.01,440.25,0.7290,-1,-1,-1
786,84,514.27,233.71,126.94,395.72,0.6940,-1,-1,-1
786,85,204.76,-2.19,362.53,990.86,0.8784,-1,-1,-1
787,70,-2.17,27.36,203.14,1002.22,0.8780,-1,-1,-1
787,77,1077.21,178.59,163.56,495.14,0.8361,-1,-1,-1
787,79,949.46,204.64,170.84,485.91,0.8345,-1,-1,-1
787,69,789.63,145.49,136.54,526.09,0.8247,-1,-1,-1
787,83,683.41,195.42,113.22,440.87,0.7785,-1,-1,-1
787,84,521.19,234.55,118.78,393.28,0.6557,-1,-1,-1
787,85,194.46,-2.38,367.71,1002.04,0.8834,-1,-1,-1
787,86,616.57,248.59,92.12,367.73,0.6548,-1,-1,-1
788,70,-1.48,50.00,187.45,986.59,0.8716,-1,-1,-1
788,77,1081.40,179.03,167.10,501.64,0.8460,-1,-1,-1
788,79,950.30,208.18,176.26,491.44,0.8563,-1,-1,-1
788,69,792.64,146.75,136.31,524.25,0.8244,-1,-1,-1
788,83,683.69,193.12,112.80,441.39,0.7532,-1,-1,-1
788,84,520.63,235.60,112.59,397.54,0.6460,-1,-1,-1
788,85,182.17,-0.87,371.85,1004.98,0.8982,-1,-1,-1
788,86,608.94,251.03,99.16,370.60,0.7316,-1,-1,-1
788,81,1853.77,268.48,65.63,461.76,0.4959,-1,-1,-1
789,70,-0.56,76.71,176.32,971.75,0.8653,-1,-1,-1
789,77,1081.96,174.98,165.42,510.38,0.8342,-1,-1,-1
789,79,945.15,210.70,186.56,497.93,0.8387,-1,-1,-1
789,69,794.26,151.25,133.91,519.03,0.8369,-1,-1,-1
789,83,683.96,194.22,119.31,446.68,0.7678,-1,-1,-1
789,84,519.00,234.66,104.58,401.78,0.6086,-1,-1,-1
789,85,170.36,-0.88,376.41,1014.00,0.9006,-1,-1,-1
789,86,604.79,248.48,104.19,379.85,0.7482,-1,-1,-1
789,81,1844.15,279.25,75.30,470.13,0.4278,-1,-1,-1
790,70,0.22,94.77,159.02,963.70,0.8349,-1,-1,-1
790,77,1084.83,170.83,166.55,515.92,0.8420,-1,-1,-1
790,79,939.32,204.28,204.42,508.94,0.7915,-1,-1,-1
790,69,796.52,150.61,134.46,519.11,0.8471,-1,-1,-1
790,83,689.96,188.84,120.47,448.54,0.7493,-1,-1,-1
790,84,518.63,232.91,102.60,402.05,0.5647,-1,-1,-1
790,85,161.26,-1.42,385.68,1025.61,0.8937,-1,-1,-1
790,86,604.96,248.37,107.09,384.69,0.7294,-1,-1,-1
790,81,1841.24,310.64,79.60,423.46,0.4094,-1,-1,-1
791,70,0.51,105.72,142.33,958.69,0.8022,-1,-1,-1
791,77,1092.17,169.78,171.50,519.56,0.7853,-1,-1,-1
791,79,957.53,200.90,198.10,521.95,0.8015,-1,-1,-1
791,69,802.53,152.11,133.54,521.48,0.8245,-1,-1,-1
791,83,693.61,194.49,125.76,444.62,0.7750,-1,-1,-1
791,84,517.91,232.78,109.60,409.81,0.6057,-1,-1,-1
791,85,149.25,-0.24,397.93,1037.73,0.8914,-1,-1,-1
791,86,606.49,250.14,111.08,387.59,0.7470,-1,-1,-1
791,81,1842.22,351.38,79.44,377.16,0.5011,-1,-1,-1
792,70,0.87,121.41,124.17,948.24,0.5293,-1,-1,-1
792,77,1102.55,167.71,171.58,508.54,0.7372,-1,-1,-1
792,79,967.53,199.01,203.63,527.49,0.8236,-1,-1,-1
792,69,810.19,155.10,131.43,519.90,0.8028,-1,-1,-1
792,83,698.76,197.75,127.88,447.71,0.8057,-1,-1,-1
792,84,517.83,235.29,112.94,412.73,0.6413,-1,-1,-1
792,85,141.29,1.53,424.28,1047.31,0.8589,-1,-1,-1
792,86,613.05,251.66,110.36,391.11,0.7984,-1,-1,-1
793,70,1.55,383.08,103.05,686.68,0.5703,-1,-1,-1
793,77,1115.60,165.58,166.25,522.29,0.8170,-1,-1,-1
793,79,972.21,194.49,212.51,534.36,0.8463,-1,-1,-1
793,69,817.61,153.55,134.51,524.27,0.8003,-1,-1,-1
793,83,704.57,195.49,129.09,449.46,0.8049,-1,-1,-1
793,84,520.49,234.28,112.05,404.40,0.5560,-1,-1,-1
793,85,123.60,2.05,458.30,1055.73,0.8892,-1,-1,-1
793,86,617.47,251.98,113.97,394.44,0.7888,-1,-1,-1
793,87,0.57,138.99,50.85,433.09,0.5688,-1,-1,-1
794,70,1.71,457.08,90.73,599.99,0.5622,-1,-1,-1
794,77,1124.87,161.14,166.00,534.91,0.8547,-1,-1,-1
794,79,980.71,189.07,222.48,544.40,0.8462,-1,-1,-1
794,69,822.16,155.05,139.28,526.76,0.7789,-1,-1,-1
794,83,712.24,196.28,129.22,446.06,0.7988,-1,-1,-1
794,84,524.75,233.27,113.54,411.45,0.6185,-1,-1,-1
794,85,107.31,2.42,483.77,1071.37,0.9023,-1,-1,-1
794,86,618.28,253.97,123.14,396.16,0.7142,-1,-1,-1
795,70,1.51,538.31,83.09,514.78,0.4803,-1,-1,-1
795,77,1138.45,157.30,165.45,539.77,0.8197,-1,-1,-1
795,79,988.69,180.51,230.73,560.27,0.8167,-1,-1,-1
795,69,837.07,158.20,135.90,527.97,0.8232,-1,-1,-1
795,83,724.50,197.74,127.55,449.56,0.7715,-1,-1,-1
795,84,528.07,235.71,109.70,415.01,0.6668,-1,-1,-1
795,85,89.66,2.62,507.18,1075.02,0.9214,-1,-1,-1
795,86,619.37,256.62,129.01,397.45,0.7390,-1,-1,-1
796,70,1.49,559.02,77.33,483.35,0.5385,-1,-1,-1
796,77,1151.19,159.48,164.11,555.11,0.8438,-1,-1,-1
796,79,995.39,180.73,237.50,563.09,0.8531,-1,-1,-1
796,69,847.08,161.68,137.09,529.64,0.8365,-1,-1,-1
796,83,733.45,201.42,130.52,451.53,0.8064,-1,-1,-1
796,84,533.46,237.49,114.92,389.80,0.5599,-1,-1,-1
796,85,68.69,2.72,532.87,1075.32,0.9201,-1,-1,-1
796,86,630.91,257.25,120.74,401.99,0.7112,-1,-1,-1
797,77,1166.85,161.11,158.44,576.91,0.8541,-1,-1,-1
797,79,1000.60,181.41,247.81,572.44,0.8469,-1,-1,-1
797,69,856.54,168.95,132.72,527.12,0.8139,-1,-1,-1
797,83,742.98,207.25,132.72,451.86,0.7888,-1,-1,-1
797,84,534.52,240.17,117.83,361.53,0.5606,-1,-1,-1
797,85,44.38,3.93,561.28,1073.65,0.9131,-1,-1,-1
797,86,624.90,260.24,133.53,407.09,0.7168,-1,-1,-1
798,77,1177.68,162.95,160.56,593.93,0.8343,-1,-1,-1
798,79,1001.36,183.38,259.40,586.89,0.8452,-1,-1,-1
798,69,862.97,172.88,131.41,529.00,0.8024,-1,-1,-1
798,83,749.42,212.02,132.16,446.68,0.8196,-1,-1,-1
798,84,535.82,243.57,118.24,337.12,0.5450,-1,-1,-1
798,85,18.64,4.38,597.40,1068.12,0.9108,-1,-1,-1
798,86,630.12,261.57,133.90,411.73,0.7292,-1,-1,-1
799,77,1187.86,164.19,159.85,611.02,0.8224,-1,-1,-1
799,79,1001.56,184.98,268.49,603.96,0.8559,-1,-1,-1
799,69,865.17,178.14,136.11,527.74,0.7983,-1,-1,-1
799,83,751.54,215.59,133.71,446.73,0.8061,-1,-1,-1
799,84,536.00,246.28,123.41,346.53,0.5390,-1,-1,-1
799,85,1.34,3.50,625.83,1066.58,0.9041,-1,-1,-1
799,86,638.03,262.78,128.80,414.48,0.7690,-1,-1,-1
800,77,1196.28,165.51,160.98,619.01,0.8054,-1,-1,-1
800,79,1007.33,186.60,271.18,620.26,0.8321,-1,-1,-1
800,69,870.30,183.17,134.05,527.07,0.7830,-1,-1,-1
800,83,757.46,222.42,132.56,443.27,0.8024,-1,-1,-1
800,84,535.53,249.04,128.35,354.34,0.4935,-1,-1,-1
800,85,-4.18,1.87,639.73,1061.52,0.9076,-1,-1,-1
800,86,642.20,264.23,125.45,417.82,0.7709,-1,-1,-1
801,77,1203.83,165.01,160.81,628.57,0.8160,-1,-1,-1
801,79,1009.90,188.57,277.84,631.73,0.8488,-1,-1,-1
801,69,872.83,190.43,131.29,525.84,0.7764,-1,-1,-1
801,83,762.70,228.00,128.73,441.52,0.8329,-1,-1,-1
801,84,531.38,250.82,136.28,351.79,0.4641,-1,-1,-1
801,85,-7.09,1.76,644.47,1064.75,0.9127,-1,-1,-1
801,86,643.17,266.69,125.10,419.88,0.7919,-1,-1,-1
802,77,1210.25,165.34,164.69,640.49,0.8241,-1,-1,-1
802,79,1006.64,191.65,292.91,641.28,0.8426,-1,-1,-1
802,69,882.34,191.35,131.91,526.65,0.8149,-1,-1,-1
802,83,772.81,230.82,119.03,437.95,0.8249,-1,-1,-1
802,84,532.12,252.96,138.20,354.50,0.4758,-1,-1,-1
802,85,-6.56,1.34,655.32,1074.23,0.8967,-1,-1,-1
802,86,643.87,267.59,125.77,421.44,0.7841,-1,-1,-1
803,77,1219.72,161.29,169.60,655.24,0.8483,-1,-1,-1
803,79,1004.49,192.19,306.15,651.89,0.8564,-1,-1,-1
803,69,888.08,191.68,133.84,531.80,0.8154,-1,-1,-1
803,83,781.46,233.35,113.18,436.82,0.8210,-1,-1,-1
803,84,532.77,252.91,138.15,343.04,0.6080,-1,-1,-1
803,85,-7.06,0.76,658.89,1076.42,0.8458,-1,-1,-1
803,86,643.84,268.53,126.82,427.95,0.7782,-1,-1,-1
804,77,1233.10,162.37,170.65,659.97,0.8440,-1,-1,-1
804,79,998.97,190.85,320.33,675.19,0.8705,-1,-1,-1
804,69,890.45,190.66,137.65,534.66,0.8472,-1,-1,-1
804,83,786.69,230.03,113.35,436.25,0.8377,-1,-1,-1
804,84,531.50,253.77,136.62,345.96,0.4901,-1,-1,-1
804,85,-7.37,0.78,640.09,1080.00,0.6963,-1,-1,-1
804,86,642.39,269.51,129.96,431.07,0.7676,-1,-1,-1
804,89,392.60,84.78,230.00,730.53,0.5119,-1,-1,-1
805,77,1240.57,158.72,184.28,664.46,0.8532,-1,-1,-1
805,79,1000.49,188.56,328.60,688.09,0.8710,-1,-1,-1
805,69,894.31,188.99,137.64,537.40,0.8337,-1,-1,-1
805,83,790.45,228.78,113.16,437.14,0.8299,-1,-1,-1
805,84,528.05,253.50,142.53,325.57,0.5692,-1,-1,-1
805,85,-7.64,1.18,507.56,1075.44,0.6321,-1,-1,-1
805,86,644.98,269.78,131.39,438.49,0.8045,-1,-1,-1
805,89,384.39,37.10,230.49,787.93,0.6831,-1,-1,-1
806,77,1248.58,152.72,193.96,673.93,0.8648,-1,-1,-1
806,79,1006.16,181.26,330.96,705.36,0.8763,-1,-1,-1
806,69,901.24,185.87,133.09,538.37,0.8122,-1,-1,-1
806,83,794.12,226.26,112.88,441.58,0.7982,-1,-1,-1
806,84,525.18,251.48,146.64,314.73,0.6715,-1,-1,-1
806,85,-5.96,-0.95,563.81,1075.62,0.7612,-1,-1,-1
806,86,647.24,268.96,130.13,443.18,0.8316,-1,-1,-1
806,89,368.87,23.50,222.35,813.18,0.4086,-1,-1,-1
807,77,1256.99,144.87,204.32,686.90,0.8719,-1,-1,-1
807,79,1017.94,175.02,326.16,717.56,0.8726,-1,-1,-1
807,69,904.71,183.78,133.51,539.21,0.8236,-1,-1,-1
807,83,797.83,226.30,112.96,447.77,0.8085,-1,-1,-1
807,84,519.15,248.36,153.51,317.68,0.6205,-1,-1,-1
807,85,-5.59,-0.30,568.17,1074.15,0.8728,-1,-1,-1
807,86,648.55,268.70,131.90,447.46,0.8278,-1,-1,-1
808,77,1266.60,137.39,215.38,701.96,0.8791,-1,-1,-1
808,79,1027.48,168.23,324.89,732.66,0.8952,-1,-1,-1
808,69,908.23,184.63,129.13,531.42,0.7927,-1,-1,-1
808,83,801.89,223.69,114.94,450.66,0.8076,-1,-1,-1
808,84,508.13,244.64,167.81,331.65,0.6434,-1,-1,-1
808,85,-5.18,-0.79,556.33,1074.46,0.9095,-1,-1,-1
808,86,651.36,268.00,133.05,451.37,0.8313,-1,-1,-1
809,77,1276.24,127.54,223.08,715.27,0.8594,-1,-1,-1
809,79,1036.28,159.11,324.17,744.69,0.8924,-1,-1,-1
809,69,910.59,181.38,132.00,524.94,0.8240,-1,-1,-1
809,83,803.28,220.60,115.30,447.52,0.8091,-1,-1,-1
809,84,504.13,238.28,177.18,364.78,0.6300,-1,-1,-1
809,85,-4.69,-0.51,528.01,1070.69,0.9245,-1,-1,-1
809,86,649.67,265.10,137.07,455.64,0.8061,-1,-1,-1
810,77,1283.04,118.95,234.80,730.78,0.8830,-1,-1,-1
810,79,1047.62,147.93,321.18,761.74,0.8915,-1,-1,-1
810,69,911.19,180.25,137.49,525.99,0.7969,-1,-1,-1
810,83,805.70,219.62,116.71,448.37,0.8102,-1,-1,-1
810,84,500.94,234.56,180.21,455.30,0.7273,-1,-1,-1
810,85,-3.34,1.34,494.22,1067.63,0.8875,-1,-1,-1
810,86,650.73,264.00,137.79,463.52,0.8280,-1,-1,-1
811,77,1289.53,116.53,243.58,746.57,0.9014,-1,-1,-1
811,79,1057.52,144.32,319.38,773.81,0.8862,-1,-1,-1
811,69,912.12,182.96,138.29,521.15,0.7954,-1,-1,-1
811,83,806.09,222.19,116.84,446.51,0.8243,-1,-1,-1
811,84,500.62,234.20,171.61,495.11,0.8199,-1,-1,-1
811,85,-1.82,3.83,443.12,1065.99,0.9157,-1,-1,-1
811,86,649.26,267.14,137.80,464.90,0.8605,-1,-1,-1
811,91,396.21,201.67,122.85,482.19,0.5780,-1,-1,-1
812,77,1297.29,110.42,253.32,770.32,0.8952,-1,-1,-1
812,79,1066.92,136.19,316.16,786.96,0.8710,-1,-1,-1
812,69,911.29,179.20,140.20,524.73,0.7911,-1,-1,-1
812,83,803.90,219.11,115.70,446.84,0.8002,-1,-1,-1
812,84,498.12,228.70,171.50,518.05,0.8191,-1,-1,-1
812,85,-1.66,0.71,396.20,1070.00,0.8375,-1,-1,-1
812,86,648.56,263.70,139.46,469.55,0.8226,-1,-1,-1
812,91,358.48,115.43,155.92,677.45,0.7698,-1,-1,-1
813,77,1303.54,105.68,260.96,797.35,0.8928,-1,-1,-1
813,79,1074.85,126.92,314.18,799.26,0.8735,-1,-1,-1
813,69,911.78,175.45,140.13,524.66,0.8093,-1,-1,-1
813,83,800.57,217.34,116.55,447.60,0.8014,-1,-1,-1
813,84,496.62,221.52,168.84,533.34,0.8090,-1,-1,-1
813,85,-1.51,0.31,355.35,1064.22,0.6380,-1,-1,-1
813,86,639.56,260.14,150.44,477.74,0.7835,-1,-1,-1
813,91,310.68,72.62,200.53,787.25,0.8574,-1,-1,-1
814,77,1311.36,100.28,265.21,818.99,0.8866,-1,-1,-1
814,79,1086.45,111.25,310.36,834.60,0.8697,-1,-1,-1
814,69,909.90,173.36,142.87,524.82,0.7996,-1,-1,-1
814,83,796.35,216.83,119.82,448.08,0.8030,-1,-1,-1
814,84,494.03,217.05,167.30,543.09,0.8188,-1,-1,-1
814,85,-1.29,0.09,341.33,1058.19,0.7490,-1,-1,-1
814,86,626.16,256.78,165.32,483.76,0.7931,-1,-1,-1
814,91,265.84,48.29,240.43,845.52,0.8844,-1,-1,-1
815,77,1320.29,99.68,270.61,823.69,0.8687,-1,-1,-1
815,79,1101.74,105.37,305.30,870.88,0.8696,-1,-1,-1
815,69,909.48,173.59,142.72,527.35,0.7992,-1,-1,-1
815,83,794.15,217.65,121.21,449.10,0.7973,-1,-1,-1
815,84,491.25,215.73,166.48,550.98,0.8126,-1,-1,-1
815,86,625.20,254.47,167.81,490.73,0.7753,-1,-1,-1
815,91,229.60,35.19,270.43,873.13,0.8864,-1,-1,-1
816,77,1323.40,97.87,278.15,836.51,0.8635,-1,-1,-1
816,79,1112.44,106.09,297.84,898.05,0.8698,-1,-1,-1
816,69,908.74,175.63,142.36,528.40,0.8123,-1,-1,-1
816,83,788.32,220.35,126.78,449.95,0.8061,-1,-1,-1
816,84,484.02,217.33,168.04,555.50,0.8394,-1,-1,-1
816,86,625.83,252.45,166.62,495.47,0.7763,-1,-1,-1
816,91,210.23,26.52,283.53,886.48,0.8954,-1,-1,-1
816,93,1053.40,318.16,73.01,245.08,0.5713,-1,-1,-1
817,77,1328.87,94.36,287.08,868.12,0.8665,-1,-1,-1
817,79,1117.90,106.96,299.36,931.84,0.8779,-1,-1,-1
817,69,908.68,176.86,143.15,527.70,0.8214,-1,-1,-1
817,83,782.88,223.10,130.03,449.18,0.8148,-1,-1,-1
817,84,473.11,216.61,173.77,560.09,0.8513,-1,-1,-1
817,86,629.08,249.66,160.20,500.70,0.7744,-1,-1,-1
817,91,195.98,22.07,294.45,895.79,0.8957,-1,-1,-1
817,93,1054.93,308.40,76.34,256.02,0.5906,-1,-1,-1
818,77,1332.09,88.78,296.74,892.19,0.8674,-1,-1,-1
818,79,1120.88,105.93,304.51,938.50,0.8848,-1,-1,-1
818,69,909.26,179.85,140.64,528.90,0.8163,-1,-1,-1
818,83,779.72,226.32,129.83,445.67,0.8470,-1,-1,-1
818,84,459.02,217.41,184.51,566.58,0.8724,-1,-1,-1
818,86,624.58,248.46,162.45,504.82,0.8077,-1,-1,-1
818,91,184.44,18.57,302.33,920.40,0.8934,-1,-1,-1
818,93,1051.26,305.71,84.19,259.39,0.6073,-1,-1,-1
819,77,1333.69,79.75,308.29,919.45,0.8668,-1,-1,-1
819,79,1123.71,105.22,310.80,950.88,0.8785,-1,-1,-1
819,69,906.12,180.79,137.17,532.83,0.8111,-1,-1,-1
819,83,774.83,226.90,131.94,444.51,0.8613,-1,-1,-1
819,84,443.83,216.27,193.35,571.37,0.8665,-1,-1,-1
819,86,617.82,247.77,163.03,513.06,0.7943,-1,-1,-1
819,91,170.48,12.95,309.91,953.30,0.8984,-1,-1,-1
819,93,1048.21,304.42,90.38,261.41,0.5704,-1,-1,-1
820,77,1334.98,68.56,319.18,940.82,0.8612,-1,-1,-1
820,79,1129.84,102.94,315.94,972.90,0.8766,-1,-1,-1
820,69,904.98,181.28,136.57,536.24,0.8086,-1,-1,-1
820,83,768.41,226.65,136.83,442.60,0.8552,-1,-1,-1
820,84,430.70,215.33,202.15,576.59,0.8549,-1,-1,-1
820,86,614.73,242.61,167.95,522.10,0.8117,-1,-1,-1
820,91,157.98,6.99,315.13,988.01,0.9026,-1,-1,-1
820,93,1049.19,304.46,96.54,261.33,0.5495,-1,-1,-1
821,77,1342.76,53.43,323.45,954.21,0.8477,-1,-1,-1
821,79,1134.76,97.31,326.39,984.72,0.8892,-1,-1,-1
821,69,905.24,180.89,137.02,539.21,0.8037,-1,-1,-1
821,83,761.30,225.06,142.12,444.01,0.8540,-1,-1,-1
821,84,422.71,214.69,207.83,583.85,0.8218,-1,-1,-1
821,86,612.98,240.33,174.75,528.23,0.8454,-1,-1,-1
821,91,147.66,2.97,322.52,1011.12,0.8985,-1,-1,-1
821,93,1052.85,302.46,98.81,263.44,0.5681,-1,-1,-1
822,77,1355.94,37.54,318.27,970.96,0.8756,-1,-1,-1
822,79,1140.85,83.41,338.67,1001.65,0.8873,-1,-1,-1
822,69,904.93,180.16,137.83,538.28,0.8125,-1,-1,-1
822,83,758.45,221.86,146.23,447.75,0.8419,-1,-1,-1
822,84,412.08,212.69,214.06,595.16,0.7860,-1,-1,-1
822,86,606.44,235.85,183.31,533.74,0.8640,-1,-1,-1
822,91,136.07,0.62,326.06,1026.10,0.9046,-1,-1,-1
822,93,1050.31,301.74,103.21,263.45,0.6552,-1,-1,-1
823,77,1371.63,13.91,310.82,968.02,0.8764,-1,-1,-1
823,79,1146.79,64.35,352.44,1019.85,0.8847,-1,-1,-1
823,69,905.01,179.11,139.56,536.32,0.8215,-1,-1,-1
823,83,755.06,216.13,148.81,452.85,0.8347,-1,-1,-1
823,84,406.94,210.15,215.95,605.10,0.8206,-1,-1,-1
823,86,603.90,231.67,186.96,541.90,0.8698,-1,-1,-1
823,91,124.40,-4.18,330.14,1045.36,0.9097,-1,-1,-1
823,93,1049.16,300.82,105.53,263.80,0.6932,-1,-1,-1
824,77,1387.15,1.85,305.71,977.70,0.8887,-1,-1,-1
824,79,1148.13,44.93,366.31,1038.36,0.8800,-1,-1,-1
824,69,905.59,178.02,141.95,536.42,0.8135,-1,-1,-1
824,83,751.97,212.03,152.86,455.88,0.8342,-1,-1,-1
824,84,404.81,206.05,215.63,613.99,0.8359,-1,-1,-1
824,86,601.48,228.07,188.62,552.35,0.8526,-1,-1,-1
824,91,112.05,-7.47,335.56,1068.36,0.9031,-1,-1,-1
824,93,1051.52,300.28,104.92,264.46,0.6942,-1,-1,-1
825,77,1407.05,-3.09,295.39,1011.84,0.8785,-1,-1,-1
825,79,1145.50,26.41,391.27,1056.48,0.8809,-1,-1,-1
825,69,907.49,180.22,146.84,533.80,0.8197,-1,-1,-1
825,83,748.28,209.09,159.34,455.59,0.8215,-1,-1,-1
825,84,401.36,202.75,216.04,621.36,0.8375,-1,-1,-1
825,86,599.07,226.50,190.16,568.31,0.8474,-1,-1,-1
825,91,96.19,-7.94,343.98,1069.93,0.8822,-1,-1,-1
825,93,1055.00,300.02,103.01,264.87,0.6615,-1,-1,-1
826,77,1424.56,-4.01,286.19,1049.25,0.8552,-1,-1,-1
826,79,1139.56,11.44,428.65,1071.13,0.8883,-1,-1,-1
826,69,910.01,176.75,145.50,537.96,0.8175,-1,-1,-1
826,83,747.51,208.12,160.83,455.24,0.8245,-1,-1,-1
826,84,397.10,200.12,218.25,629.90,0.7983,-1,-1,-1
826,86,596.58,226.70,193.30,583.10,0.8609,-1,-1,-1
826,91,81.64,-7.53,351.47,1060.24,0.8825,-1,-1,-1
826,93,1057.22,299.57,104.78,265.45,0.6433,-1,-1,-1
827,77,1456.71,-4.79,264.75,1076.80,0.8656,-1,-1,-1
827,79,1134.13,0.57,468.01,1081.15,0.9006,-1,-1,-1
827,69,909.83,177.22,152.25,534.44,0.8199,-1,-1,-1
827,83,746.23,207.66,163.12,453.80,0.8215,-1,-1,-1
827,84,392.27,196.63,220.73,638.92,0.7826,-1,-1,-1
827,86,594.85,226.75,195.04,589.88,0.8583,-1,-1,-1
827,91,67.51,-5.57,356.90,1077.65,0.8937,-1,-1,-1
827,93,1060.02,298.06,105.92,266.39,0.6529,-1,-1,-1
828,77,1485.95,-4.96,250.35,1081.11,0.8726,-1,-1,-1
828,79,1131.40,-3.05,514.33,1080.37,0.8980,-1,-1,-1
828,69,908.25,175.69,159.02,531.85,0.8061,-1,-1,-1
828,83,745.15,207.04,164.62,453.28,0.8277,-1,-1,-1
828,84,387.05,191.64,221.33,647.54,0.8686,-1,-1,-1
828,86,593.24,226.28,197.35,593.93,0.8644,-1,-1,-1
828,91,52.99,-5.63,363.02,1089.26,0.9080,-1,-1,-1
828,93,1062.69,294.92,108.12,270.46,0.6992,-1,-1,-1
829,77,1503.92,-0.87,252.41,1073.45,0.8184,-1,-1,-1
829,79,1130.74,0.42,556.93,1075.51,0.9010,-1,-1,-1
829,69,911.66,175.66,158.82,526.45,0.8102,-1,-1,-1
829,83,747.65,209.94,164.75,453.69,0.8201,-1,-1,-1
829,84,386.81,190.42,213.36,654.71,0.8678,-1,-1,-1
829,86,591.13,230.46,199.52,606.27,0.8412,-1,-1,-1
829,91,37.52,-4.39,371.30,1088.43,0.9133,-1,-1,-1
829,93,1069.40,297.78,106.17,269.18,0.7449,-1,-1,-1
830,77,1530.91,-1.62,251.41,1074.84,0.8036,-1,-1,-1
830,79,1129.77,1.32,601.78,1075.58,0.9023,-1,-1,-1
830,69,919.25,179.97,155.53,515.91,0.7809,-1,-1,-1
830,83,749.80,213.38,171.70,453.26,0.7891,-1,-1,-1
830,84,386.76,189.30,211.55,661.19,0.8761,-1,-1,-1
830,86,589.14,230.47,202.80,620.20,0.8521,-1,-1,-1
830,91,16.55,-4.67,389.21,1085.94,0.9188,-1,-1,-1
830,93,1074.08,298.84,105.51,269.40,0.7489,-1,-1,-1
831,77,1557.34,-0.87,259.88,1074.20,0.7660,-1,-1,-1
831,79,1128.86,-0.07,654.46,1076.27,0.8983,-1,-1,-1
831,69,923.00,177.67,157.02,516.68,0.8060,-1,-1,-1
831,83,755.52,213.24,164.38,453.05,0.8243,-1,-1,-1
831,84,381.95,186.68,213.95,674.68,0.8743,-1,-1,-1
831,86,586.22,228.39,206.87,632.68,0.8535,-1,-1,-1
831,91,-1.14,-5.74,407.75,1090.81,0.9233,-1,-1,-1
831,93,1077.90,296.91,108.83,270.61,0.7000,-1,-1,-1
832,77,1583.86,1.09,266.70,1072.07,0.7243,-1,-1,-1
832,79,1127.01,0.47,695.68,1077.45,0.9020,-1,-1,-1
832,69,933.03,178.45,152.07,515.56,0.8073,-1,-1,-1
832,83,758.74,215.28,161.17,451.70,0.8292,-1,-1,-1
832,84,380.07,186.65,214.54,684.22,0.8792,-1,-1,-1
832,86,584.30,227.21,207.10,639.66,0.8488,-1,-1,-1
832,91,-8.36,-6.09,421.46,1094.68,0.9281,-1,-1,-1
832,93,1083.72,296.48,108.48,279.62,0.6863,-1,-1,-1
833,77,1612.81,0.54,273.25,1076.20,0.5174,-1,-1,-1
833,79,1125.31,0.26,750.96,1076.39,0.9097,-1,-1,-1
833,69,931.61,175.35,156.66,521.41,0.8088,-1,-1,-1
833,83,758.89,216.80,163.01,450.19,0.8277,-1,-1,-1
833,84,378.32,186.20,216.91,695.99,0.8858,-1,-1,-1
833,86,582.66,226.68,208.66,648.56,0.8505,-1,-1,-1
833,91,-9.69,-5.89,430.06,1092.15,0.9265,-1,-1,-1
833,93,1089.58,295.26,108.38,280.34,0.7047,-1,-1,-1
834,77,1628.32,1.81,290.78,741.66,0.6262,-1,-1,-1
834,79,1126.44,-0.29,792.09,1075.12,0.9190,-1,-1,-1
834,69,939.80,174.17,152.89,527.70,0.8125,-1,-1,-1
834,83,765.27,218.74,164.90,449.01,0.8216,-1,-1,-1
834,84,373.61,186.38,220.51,711.80,0.8657,-1,-1,-1
834,86,580.67,223.40,212.18,656.14,0.8448,-1,-1,-1
834,91,-8.92,-5.63,436.15,1087.56,0.9224,-1,-1,-1
834,93,1095.91,298.26,106.60,276.49,0.6410,-1,-1,-1
835,79,1133.81,0.94,801.20,1075.89,0.9125,-1,-1,-1
835,69,937.42,179.84,162.82,525.95,0.7633,-1,-1,-1
835,83,771.27,221.04,166.26,450.05,0.8368,-1,-1,-1
835,84,371.29,188.58,222.82,724.06,0.8785,-1,-1,-1
835,86,580.06,221.72,216.12,664.13,0.8499,-1,-1,-1
835,91,-8.22,-2.90,439.87,1080.79,0.9278,-1,-1,-1
835,93,1102.14,297.16,106.54,283.81,0.7140,-1,-1,-1
836,79,1147.39,0.37,793.83,1070.07,0.9211,-1,-1,-1
836,69,941.16,183.26,166.16,525.50,0.7518,-1,-1,-1
836,83,781.81,223.74,158.76,448.81,0.8432,-1,-1,-1
836,84,372.27,189.60,219.11,737.62,0.8619,-1,-1,-1
836,86,576.23,220.81,226.93,673.91,0.8579,-1,-1,-1
836,91,-7.75,-1.55,441.05,1077.95,0.9284,-1,-1,-1
836,93,1112.88,297.41,104.36,283.75,0.7321,-1,-1,-1
837,79,1161.97,2.01,781.12,1068.04,0.9206,-1,-1,-1
837,69,948.08,188.10,164.34,521.94,0.7958,-1,-1,-1
837,83,786.19,225.07,161.76,452.83,0.8335,-1,-1,-1
837,84,371.83,189.09,220.94,750.17,0.8582,-1,-1,-1
837,86,573.11,217.88,236.92,683.41,0.8703,-1,-1,-1
837,91,-8.29,-0.60,444.00,1076.87,0.9301,-1,-1,-1
837,93,1121.22,297.12,102.18,287.37,0.7708,-1,-1,-1
838,79,1193.63,2.56,749.10,1066.76,0.8835,-1,-1,-1
838,69,955.27,192.64,165.63,518.34,0.8187,-1,-1,-1
838,83,790.69,225.63,170.42,453.25,0.8296,-1,-1,-1
838,84,370.40,186.97,227.00,761.74,0.8562,-1,-1,-1
838,86,573.50,216.36,240.94,688.12,0.8617,-1,-1,-1
838,91,-7.18,0.04,446.96,1074.27,0.9264,-1,-1,-1
838,93,1127.56,298.09,100.89,286.77,0.7545,-1,-1,-1
839,79,1244.66,4.38,686.84,1059.30,0.8994,-1,-1,-1
839,69,963.81,193.67,158.04,518.30,0.8116,-1,-1,-1
839,83,798.06,227.01,172.44,448.29,0.8149,-1,-1,-1
839,84,371.05,185.33,227.63,774.78,0.8479,-1,-1,-1
839,86,578.07,212.42,239.95,690.93,0.8650,-1,-1,-1
839,91,-1.73,0.70,445.53,1066.94,0.9290,-1,-1,-1
839,93,1131.27,296.04,100.87,288.99,0.7150,-1,-1,-1
840,79,1329.50,2.29,600.55,1060.59,0.7781,-1,-1,-1
840,69,967.16,193.59,158.18,520.14,0.8093,-1,-1,-1
840,83,807.51,223.95,160.38,451.41,0.8147,-1,-1,-1
840,84,369.22,182.52,232.15,786.04,0.8263,-1,-1,-1
840,86,579.90,206.20,244.32,698.84,0.8679,-1,-1,-1
840,91,-2.18,1.23,446.70,1067.33,0.9288,-1,-1,-1
840,93,1137.09,294.82,103.60,292.91,0.6737,-1,-1,-1
841,79,1415.74,2.57,509.20,1056.39,0.9259,-1,-1,-1
841,69,978.94,190.10,147.55,522.37,0.7971,-1,-1,-1
841,83,815.99,220.61,161.58,452.03,0.8180,-1,-1,-1
841,84,367.86,175.21,233.60,796.20,0.8172,-1,-1,-1
841,86,584.31,199.40,244.52,703.38,0.8622,-1,-1,-1
841,91,0.17,0.24,445.21,1064.53,0.9262,-1,-1,-1
841,93,1146.06,294.00,101.12,294.23,0.7113,-1,-1,-1
841,96,1370.82,230.01,168.55,516.11,0.6403,-1,-1,-1
842,79,1513.45,1.85,410.64,1058.99,0.8668,-1,-1,-1
842,69,980.33,189.82,150.97,520.90,0.8123,-1,-1,-1
842,83,820.61,218.52,169.06,452.28,0.8483,-1,-1,-1
842,84,363.04,162.84,238.62,809.62,0.8333,-1,-1,-1
842,86,584.33,193.74,248.30,710.06,0.8605,-1,-1,-1
842,91,-0.42,0.05,443.08,1066.26,0.9217,-1,-1,-1
842,93,1151.08,292.94,101.91,292.90,0.6732,-1,-1,-1
842,96,1389.73,227.80,201.16,653.01,0.8708,-1,-1,-1
842,97,754.14,234.58,84.87,239.82,0.4986,-1,-1,-1
843,79,1606.24,3.25,316.05,1056.19,0.6204,-1,-1,-1
843,69,987.70,185.96,152.37,521.17,0.8122,-1,-1,-1
843,83,826.85,215.35,168.97,446.93,0.8280,-1,-1,-1
843,84,362.21,150.09,240.26,831.66,0.8444,-1,-1,-1
843,86,582.28,187.68,253.10,727.25,0.8455,-1,-1,-1
843,91,-0.11,0.01,439.87,1064.49,0.9231,-1,-1,-1
843,93,1162.42,289.99,97.83,294.13,0.6425,-1,-1,-1
843,96,1404.83,216.68,234.70,708.91,0.8931,-1,-1,-1
843,97,759.83,229.31,85.11,269.05,0.5641,-1,-1,-1
844,79,1690.16,0.27,230.00,1064.34,0.7025,-1,-1,-1
844,69,991.93,180.11,158.26,524.28,0.8173,-1,-1,-1
844,83,830.74,213.11,167.29,443.74,0.8342,-1,-1,-1
844,84,353.22,138.77,250.84,841.08,0.8522,-1,-1,-1
844,86,584.28,181.71,252.05,751.37,0.8478,-1,-1,-1
844,91,-0.51,-0.13,429.30,1058.92,0.8960,-1,-1,-1
844,93,1167.06,281.98,97.70,299.35,0.7411,-1,-1,-1
844,96,1418.77,205.15,255.81,750.41,0.8912,-1,-1,-1
844,97,760.05,226.78,87.66,261.27,0.5311,-1,-1,-1
845,79,1753.75,2.45,165.97,1059.24,0.6843,-1,-1,-1
845,69,995.22,175.08,154.18,526.74,0.7952,-1,-1,-1
845,83,830.88,205.37,172.20,446.57,0.8245,-1,-1,-1
845,84,339.41,128.79,265.04,846.71,0.8579,-1,-1,-1
845,86,584.65,173.18,257.34,773.24,0.8444,-1,-1,-1
845,91,-1.19,1.53,416.71,1059.42,0.8187,-1,-1,-1
845,93,1168.82,275.55,98.95,303.90,0.7725,-1,-1,-1
845,96,1432.64,195.91,271.93,779.01,0.8910,-1,-1,-1
845,97,760.69,219.41,88.78,259.35,0.5540,-1,-1,-1
846,69,997.17,170.84,154.08,528.46,0.7934,-1,-1,-1
846,83,833.20,201.48,172.03,449.55,0.8092,-1,-1,-1
846,84,324.77,120.19,279.95,853.84,0.8413,-1,-1,-1
846,86,584.94,168.24,256.28,785.46,0.8257,-1,-1,-1
846,91,-1.42,5.36,398.81,1062.77,0.7565,-1,-1,-1
846,93,1169.54,275.40,101.39,301.34,0.8038,-1,-1,-1
846,96,1441.04,189.16,277.08,796.31,0.9032,-1,-1,-1
846,97,762.42,214.83,87.25,261.89,0.4685,-1,-1,-1
847,69,998.20,162.50,156.62,525.78,0.8104,-1,-1,-1
847,83,835.27,194.87,170.17,450.76,0.8161,-1,-1,-1
847,84,315.37,109.52,292.00,866.44,0.8147,-1,-1,-1
847,86,585.17,157.54,257.28,802.18,0.8320,-1,-1,-1
847,91,-1.33,6.84,365.36,1058.53,0.7308,-1,-1,-1
847,93,1176.72,272.66,100.37,297.71,0.7055,-1,-1,-1
847,96,1453.69,183.54,268.33,803.80,0.8875,-1,-1,-1
847,97,759.39,209.71,92.49,260.64,0.5732,-1,-1,-1
848,69,996.08,153.82,160.02,521.75,0.8076,-1,-1,-1
848,83,833.25,189.17,175.42,453.14,0.8487,-1,-1,-1
848,84,305.27,99.70,296.59,880.00,0.8661,-1,-1,-1
848,86,579.32,149.41,262.16,818.33,0.8343,-1,-1,-1
848,91,-1.34,6.44,296.03,1051.74,0.6479,-1,-1,-1
848,93,1178.91,268.51,99.25,298.60,0.7341,-1,-1,-1
848,96,1467.85,177.89,260.39,815.94,0.8942,-1,-1,-1
848,97,756.31,204.72,95.51,258.01,0.5192,-1,-1,-1
849,69,994.62,149.62,157.19,519.12,0.8045,-1,-1,-1
849,83,831.98,187.97,176.76,453.84,0.8703,-1,-1,-1
849,84,295.34,93.93,299.28,901.10,0.8927,-1,-1,-1
849,86,567.08,146.24,273.72,857.10,0.8622,-1,-1,-1
849,93,1178.02,267.53,98.69,300.67,0.8062,-1,-1,-1
849,96,1482.01,175.52,257.90,843.66,0.8941,-1,-1,-1
849,97,750.22,203.30,100.02,256.56,0.5248,-1,-1,-1
850,69,994.36,144.63,153.97,516.72,0.8063,-1,-1,-1
850,83,829.12,185.33,177.62,452.59,0.8742,-1,-1,-1
850,84,283.15,84.33,304.04,919.94,0.8839,-1,-1,-1
850,86,560.32,139.13,279.96,879.58,0.8501,-1,-1,-1
850,93,1179.38,262.14,95.17,302.75,0.7789,-1,-1,-1
850,96,1494.66,172.54,255.99,859.28,0.8931,-1,-1,-1
850,97,743.53,200.89,104.13,249.00,0.5509,-1,-1,-1
851,69,994.02,139.98,154.70,517.26,0.8044,-1,-1,-1
851,83,827.44,180.39,177.74,456.14,0.8676,-1,-1,-1
851,84,270.66,72.06,310.45,940.11,0.8966,-1,-1,-1
851,86,552.06,132.49,290.51,897.76,0.8685,-1,-1,-1
851,93,1172.60,254.84,105.47,308.00,0.7457,-1,-1,-1
851,96,1507.36,165.90,261.18,873.25,0.9020,-1,-1,-1
852,69,992.01,136.14,157.88,516.61,0.8071,-1,-1,-1
852,83,825.59,177.66,179.78,455.44,0.8515,-1,-1,-1
852,84,256.37,63.46,318.28,959.66,0.8918,-1,-1,-1
852,86,543.63,120.15,299.91,914.90,0.8787,-1,-1,-1
852,93,1177.31,249.87,98.57,309.61,0.7404,-1,-1,-1
852,96,1517.83,159.88,269.34,882.38,0.9033,-1,-1,-1
853,69,989.35,132.38,163.37,516.63,0.7998,-1,-1,-1
853,83,822.14,176.56,177.16,453.16,0.8416,-1,-1,-1
853,84,241.90,54.18,325.62,993.79,0.8974,-1,-1,-1
853,86,535.43,108.07,308.21,930.69,0.8870,-1,-1,-1
853,93,1179.83,243.77,98.73,314.16,0.7414,-1,-1,-1
853,96,1526.58,145.94,280.13,899.06,0.9014,-1,-1,-1
854,69,981.25,131.43,168.63,516.37,0.7998,-1,-1,-1
854,83,820.41,176.22,175.70,452.77,0.8468,-1,-1,-1
854,84,222.36,47.14,335.42,1019.52,0.9001,-1,-1,-1
854,86,531.13,99.14,312.10,949.40,0.8928,-1,-1,-1
854,93,1177.20,241.36,98.55,316.49,0.7037,-1,-1,-1
854,96,1531.89,137.03,291.31,915.20,0.9020,-1,-1,-1
855,69,976.46,128.61,173.91,519.65,0.8158,-1,-1,-1
855,83,820.64,173.54,169.84,453.63,0.8418,-1,-1,-1
855,84,204.96,37.93,343.42,1031.21,0.9008,-1,-1,-1
855,86,518.65,87.90,323.63,964.46,0.8941,-1,-1,-1
855,93,1171.92,237.86,98.80,318.61,0.6315,-1,-1,-1
855,96,1540.10,127.82,299.41,928.32,0.9083,-1,-1,-1
856,69,979.90,123.58,165.71,526.24,0.8352,-1,-1,-1
856,83,814.90,171.07,173.02,454.73,0.8454,-1,-1,-1
856,84,182.65,27.82,353.06,1044.48,0.9073,-1,-1,-1
856,86,507.56,75.13,336.08,981.67,0.9023,-1,-1,-1
856,93,1171.55,233.95,95.42,319.05,0.6546,-1,-1,-1
856,96,1541.72,112.99,319.95,946.62,0.9106,-1,-1,-1
857,69,976.04,121.09,168.40,527.65,0.8447,-1,-1,-1
857,83,806.22,168.27,180.64,455.88,0.8492,-1,-1,-1
857,84,179.37,19.13,344.32,1055.58,0.8868,-1,-1,-1
857,86,493.67,64.33,349.30,1004.37,0.9045,-1,-1,-1
857,93,1168.18,229.43,99.00,321.26,0.6999,-1,-1,-1
857,96,1539.13,104.09,340.98,959.83,0.9025,-1,-1,-1
858,69,977.07,120.61,160.56,526.85,0.8353,-1,-1,-1
858,83,800.27,161.56,176.14,460.91,0.8391,-1,-1,-1
858,84,128.17,6.65,379.20,1066.57,0.8998,-1,-1,-1
858,86,479.79,52.32,362.32,1025.29,0.9026,-1,-1,-1
858,93,1165.45,225.50,98.40,323.48,0.6962,-1,-1,-1
858,96,1531.04,90.20,371.33,984.29,0.8980,-1,-1,-1
859,69,965.56,123.01,166.80,522.71,0.8279,-1,-1,-1
859,83,798.55,156.31,173.02,462.21,0.8234,-1,-1,-1
859,84,100.51,2.08,390.90,1068.88,0.9068,-1,-1,-1
859,86,469.84,40.29,370.73,1037.16,0.9041,-1,-1,-1
859,93,1162.40,222.80,99.48,323.66,0.7110,-1,-1,-1
859,96,1543.22,77.68,377.15,999.82,0.8807,-1,-1,-1
860,69,958.71,123.46,173.65,521.51,0.8489,-1,-1,-1
860,83,798.29,150.06,170.79,464.68,0.8282,-1,-1,-1
860,84,69.22,0.04,406.09,1071.83,0.9018,-1,-1,-1
860,86,458.29,28.01,380.91,1051.32,0.9163,-1,-1,-1
860,93,1158.91,218.03,100.83,325.99,0.6958,-1,-1,-1
860,96,1554.97,62.24,374.27,1019.34,0.9029,-1,-1,-1
861,69,955.38,121.71,176.44,520.57,0.8619,-1,-1,-1
861,83,794.04,145.30,172.23,465.11,0.8512,-1,-1,-1
861,84,36.85,-0.65,423.78,1074.54,0.8692,-1,-1,-1
861,86,445.11,15.83,392.27,1063.49,0.9101,-1,-1,-1
861,93,1158.20,213.89,101.99,327.98,0.6877,-1,-1,-1
861,96,1561.75,53.33,369.56,1029.01,0.9074,-1,-1,-1
862,69,953.36,119.69,178.85,519.50,0.8488,-1,-1,-1
862,83,794.27,142.99,173.07,461.79,0.8395,-1,-1,-1
862,84,4.72,-1.49,440.61,1074.57,0.7873,-1,-1,-1
862,86,436.78,6.53,398.10,1072.71,0.9137,-1,-1,-1
862,93,1159.81,211.93,100.12,326.28,0.6659,-1,-1,-1
862,96,1572.79,38.74,359.05,1040.19,0.9107,-1,-1,-1
863,69,958.96,115.74,175.49,521.13,0.8304,-1,-1,-1
863,83,793.21,140.80,173.38,460.30,0.8489,-1,-1,-1
863,84,2.51,-1.47,426.36,1075.83,0.8525,-1,-1,-1
863,86,424.79,1.39,407.63,1076.83,0.9201,-1,-1,-1
863,93,1160.13,210.61,99.75,324.52,0.6466,-1,-1,-1
863,96,1584.70,31.60,345.90,1046.11,0.9092,-1,-1,-1
864,69,961.47,113.46,176.10,523.31,0.8339,-1,-1,-1
864,83,791.79,139.63,173.62,459.39,0.8544,-1,-1,-1
864,84,-3.56,0.09,422.23,1075.51,0.8977,-1,-1,-1
864,86,411.99,0.29,413.58,1077.81,0.9225,-1,-1,-1
864,93,1160.60,207.86,100.67,328.61,0.6392,-1,-1,-1
864,96,1596.58,18.27,333.63,1060.32,0.9040,-1,-1,-1
865,69,961.14,110.72,179.50,527.50,0.8287,-1,-1,-1
865,83,793.76,137.76,172.56,460.50,0.8499,-1,-1,-1
865,84,-8.60,0.70,414.28,1074.28,0.9118,-1,-1,-1
865,86,399.76,0.17,418.79,1078.99,0.9202,-1,-1,-1
865,93,1159.26,205.77,105.05,331.92,0.6334,-1,-1,-1
865,96,1611.98,10.09,317.19,1068.80,0.9013,-1,-1,-1
866,69,962.45,108.64,180.08,528.61,0.8338,-1,-1,-1
866,83,795.56,136.29,171.36,463.91,0.8541,-1,-1,-1
866,84,-10.84,4.37,386.33,1071.25,0.9118,-1,-1,-1
866,86,380.80,1.14,430.80,1077.42,0.9195,-1,-1,-1
866,93,1163.08,204.03,100.57,332.90,0.6827,-1,-1,-1
866,96,1643.21,0.69,285.09,1075.85,0.8884,-1,-1,-1
867,69,971.08,107.92,174.77,528.71,0.8221,-1,-1,-1
867,83,794.98,138.25,173.21,467.01,0.8571,-1,-1,-1
867,84,-10.99,6.53,355.40,1069.76,0.9207,-1,-1,-1
867,86,359.90,3.93,439.33,1073.47,0.9154,-1,-1,-1
867,93,1168.63,203.43,98.68,335.41,0.6991,-1,-1,-1
867,96,1680.23,-0.35,246.75,1077.69,0.8728,-1,-1,-1
868,69,980.98,109.94,161.93,522.12,0.8263,-1,-1,-1
868,83,792.40,141.84,176.75,469.40,0.8590,-1,-1,-1
868,84,-10.80,7.80,329.27,1069.19,0.9111,-1,-1,-1
868,86,332.53,3.44,451.86,1073.01,0.9192,-1,-1,-1
868,93,1169.44,203.63,99.39,337.60,0.6995,-1,-1,-1
868,96,1706.91,111.89,218.58,961.97,0.7516,-1,-1,-1
869,69,982.75,108.12,158.66,520.55,0.8229,-1,-1,-1
869,83,792.26,143.70,175.27,471.19,0.8630,-1,-1,-1
869,84,-9.53,7.58,302.01,1064.26,0.9165,-1,-1,-1
869,86,301.82,2.62,467.91,1072.20,0.9161,-1,-1,-1
869,93,1171.05,203.86,99.48,339.95,0.7079,-1,-1,-1
869,96,1720.31,184.40,202.79,667.79,0.4262,-1,-1,-1
870,69,982.63,109.65,153.79,518.26,0.8241,-1,-1,-1
870,83,793.00,145.39,173.39,472.96,0.8691,-1,-1,-1
870,84,-7.74,8.80,274.80,1061.48,0.9126,-1,-1,-1
870,86,267.50,2.53,488.03,1072.57,0.9113,-1,-1,-1
870,93,1170.96,203.94,101.56,343.09,0.7101,-1,-1,-1
870,96,1756.99,207.73,164.78,609.13,0.7601,-1,-1,-1
871,69,985.05,113.70,145.98,518.01,0.8178,-1,-1,-1
871,83,793.71,150.46,172.49,471.95,0.8587,-1,-1,-1
871,84,-6.13,9.06,247.22,1061.89,0.8959,-1,-1,-1
871,86,234.45,1.89,504.62,1074.11,0.9159,-1,-1,-1
871,93,1173.14,205.58,100.76,344.88,0.6878,-1,-1,-1
871,96,1795.00,246.89,125.98,574.36,0.5828,-1,-1,-1
871,99,620.34,138.52,156.72,445.04,0.6070,-1,-1,-1
872,69,987.15,116.91,144.53,517.79,0.8111,-1,-1,-1
872,83,795.26,156.21,170.88,471.13,0.8490,-1,-1,-1
872,84,-3.49,9.92,211.87,1058.56,0.8787,-1,-1,-1
872,86,202.51,1.69,523.74,1071.40,0.9146,-1,-1,-1
872,93,1179.81,207.29,95.87,346.70,0.7180,-1,-1,-1
872,99,613.10,143.46,162.56,467.35,0.7941,-1,-1,-1
873,69,988.06,120.72,141.28,515.51,0.8106,-1,-1,-1
873,83,797.09,160.40,170.82,472.88,0.8356,-1,-1,-1
873,84,-1.63,39.46,179.48,1030.03,0.8602,-1,-1,-1
873,86,163.25,2.03,550.23,1068.97,0.9237,-1,-1,-1
873,93,1180.23,208.68,98.34,348.94,0.7083,-1,-1,-1
873,99,609.61,146.45,161.66,485.53,0.7627,-1,-1,-1
874,69,989.07,123.68,138.53,519.06,0.7985,-1,-1,-1
874,83,799.12,164.67,169.27,472.75,0.8371,-1,-1,-1
874,84,0.79,99.52,145.42,971.89,0.8119,-1,-1,-1
874,86,124.85,-0.36,573.60,1068.41,0.9102,-1,-1,-1
874,93,1178.95,209.91,101.53,349.83,0.7217,-1,-1,-1
874,99,605.44,149.76,165.30,491.29,0.7563,-1,-1,-1
875,69,990.03,128.55,136.45,517.68,0.7910,-1,-1,-1
875,83,802.24,165.43,168.08,473.70,0.8290,-1,-1,-1
875,84,1.43,128.54,121.03,934.71,0.4873,-1,-1,-1
875,86,99.41,-0.34,584.57,1065.29,0.9137,-1,-1,-1
875,93,1174.14,211.42,108.07,349.27,0.6493,-1,-1,-1
875,99,599.04,150.18,171.70,493.98,0.7741,-1,-1,-1
876,69,993.88,132.42,131.74,515.88,0.8014,-1,-1,-1
876,83,803.87,166.96,168.81,471.04,0.8373,-1,-1,-1
876,86,33.18,-0.70,633.88,1067.00,0.8977,-1,-1,-1
876,93,1174.82,211.22,112.27,350.60,0.6063,-1,-1,-1
876,99,590.88,148.75,177.75,500.20,0.8000,-1,-1,-1
877,69,993.41,134.83,129.96,516.65,0.8115,-1,-1,-1
877,83,804.13,167.26,169.65,464.35,0.8343,-1,-1,-1
877,86,2.88,-0.83,646.00,1066.80,0.9369,-1,-1,-1
877,93,1174.47,210.19,112.56,353.61,0.6403,-1,-1,-1
877,99,583.00,146.99,172.91,504.86,0.7881,-1,-1,-1
878,69,987.99,135.03,133.77,515.24,0.7997,-1,-1,-1
878,83,802.89,165.15,168.96,468.70,0.8295,-1,-1,-1
878,86,-9.03,0.05,640.15,1067.71,0.9417,-1,-1,-1
878,93,1176.24,207.91,113.00,356.54,0.6438,-1,-1,-1
878,99,571.57,143.54,185.27,511.44,0.7966,-1,-1,-1
879,69,986.97,135.92,132.73,512.69,0.8163,-1,-1,-1
879,83,802.17,162.63,168.26,472.71,0.8389,-1,-1,-1
879,86,-11.35,0.06,621.20,1066.58,0.9240,-1,-1,-1
879,93,1173.03,206.91,113.09,357.10,0.6911,-1,-1,-1
879,99,560.09,142.91,193.11,514.89,0.8391,-1,-1,-1
880,69,983.63,135.67,134.59,510.36,0.8103,-1,-1,-1
880,83,801.72,158.92,169.07,469.70,0.8507,-1,-1,-1
880,86,-10.20,3.13,595.62,1063.93,0.9167,-1,-1,-1
880,93,1171.87,203.78,113.48,359.87,0.7163,-1,-1,-1
880,99,548.48,142.16,202.84,519.24,0.8515,-1,-1,-1
881,69,979.51,135.10,138.73,509.37,0.8070,-1,-1,-1
881,83,800.70,156.64,170.55,465.43,0.8605,-1,-1,-1
881,86,-8.18,2.56,568.23,1061.56,0.9261,-1,-1,-1
881,93,1175.74,200.14,110.70,363.42,0.7112,-1,-1,-1
881,99,535.43,142.11,220.29,521.64,0.8297,-1,-1,-1
881,100,698.80,219.34,96.99,363.74,0.5597,-1,-1,-1
882,69,970.16,133.14,144.34,512.92,0.8413,-1,-1,-1
882,83,798.60,154.00,170.25,466.63,0.8555,-1,-1,-1
882,86,-6.15,3.87,542.86,1060.62,0.9208,-1,-1,-1
882,93,1176.69,199.42,111.61,364.04,0.7519,-1,-1,-1
882,99,524.45,140.90,226.63,530.79,0.8172,-1,-1,-1
882,100,696.78,222.95,95.54,360.55,0.6264,-1,-1,-1
883,69,965.49,126.94,140.86,519.57,0.8341,-1,-1,-1
883,83,796.22,152.20,170.68,464.97,0.8533,-1,-1,-1
883,86,-5.01,5.31,516.61,1057.91,0.9380,-1,-1,-1
883,93,1176.34,201.11,113.04,363.18,0.7630,-1,-1,-1
883,99,509.55,140.79,236.26,536.10,0.8178,-1,-1,-1
883,100,689.56,219.26,103.69,365.99,0.6266,-1,-1,-1
884,69,960.87,123.02,142.04,522.37,0.7682,-1,-1,-1
884,83,795.20,150.62,169.32,465.21,0.8348,-1,-1,-1
884,86,-4.45,5.71,477.10,1055.95,0.9146,-1,-1,-1
884,93,1177.13,199.89,112.69,366.14,0.7447,-1,-1,-1
884,99,495.68,139.07,237.38,542.12,0.7863,-1,-1,-1
884,100,674.90,224.97,115.18,358.01,0.4744,-1,-1,-1
885,69,959.29,118.57,141.28,524.91,0.7980,-1,-1,-1
885,83,791.33,148.60,168.86,468.62,0.8272,-1,-1,-1
885,86,-3.90,6.39,428.63,1055.98,0.9100,-1,-1,-1
885,93,1175.68,199.22,115.20,366.97,0.7263,-1,-1,-1
885,99,484.43,138.14,241.36,549.36,0.7694,-1,-1,-1
885,100,665.62,226.17,119.64,348.99,0.4696,-1,-1,-1
886,69,956.34,116.71,140.45,519.30,0.8178,-1,-1,-1
886,83,784.96,147.87,168.09,473.43,0.8347,-1,-1,-1
886,86,-3.20,4.65,375.72,1058.81,0.8796,-1,-1,-1
886,93,1173.04,201.56,117.26,368.05,0.7361,-1,-1,-1
886,99,463.66,136.40,245.21,558.85,0.7899,-1,-1,-1
887,69,953.59,116.53,141.28,514.88,0.8074,-1,-1,-1
887,83,774.09,151.86,174.40,471.38,0.8472,-1,-1,-1
887,86,-1.13,14.90,312.58,1047.96,0.4269,-1,-1,-1
887,93,1170.53,204.24,114.62,368.06,0.7784,-1,-1,-1
887,99,446.85,128.48,254.53,571.49,0.8619,-1,-1,-1
887,100,643.39,223.79,124.80,314.86,0.4475,-1,-1,-1
888,69,936.08,121.63,152.03,503.53,0.8171,-1,-1,-1
888,83,772.98,153.41,169.56,470.16,0.8299,-1,-1,-1
888,93,1166.25,204.59,116.70,366.93,0.7411,-1,-1,-1
888,99,431.25,119.56,260.26,583.64,0.8356,-1,-1,-1
888,100,634.26,214.40,121.05,316.22,0.4525,-1,-1,-1
889,69,928.18,117.37,152.59,507.77,0.7966,-1,-1,-1
889,83,763.32,155.51,170.35,470.28,0.7858,-1,-1,-1
889,93,1161.78,204.71,117.71,368.79,0.7053,-1,-1,-1
889,99,413.08,111.06,265.57,592.53,0.8579,-1,-1,-1
890,69,901.87,119.67,161.98,509.05,0.8088,-1,-1,-1
890,83,748.97,161.56,168.21,470.48,0.8132,-1,-1,-1
890,93,1151.34,207.96,116.48,369.89,0.7253,-1,-1,-1
890,99,389.58,106.10,261.16,604.57,0.8355,-1,-1,-1
890,100,593.27,192.07,124.25,395.19,0.4052,-1,-1,-1
891,69,896.24,121.01,160.28,512.64,0.8333,-1,-1,-1
891,83,729.68,164.67,175.44,469.55,0.8517,-1,-1,-1
891,93,1141.63,210.76,117.08,370.41,0.7855,-1,-1,-1
891,99,362.31,95.87,273.07,620.05,0.7532,-1,-1,-1
892,69,885.16,123.45,158.86,513.39,0.8481,-1,-1,-1
892,83,716.41,167.45,174.85,468.37,0.8357,-1,-1,-1
892,93,1133.34,213.57,114.22,371.00,0.7824,-1,-1,-1
892,99,339.80,88.02,281.09,633.97,0.8512,-1,-1,-1
893,69,874.44,126.57,159.72,514.18,0.8262,-1,-1,-1
893,83,704.29,167.53,174.33,470.34,0.8187,-1,-1,-1
893,93,1123.97,215.51,116.31,376.49,0.7904,-1,-1,-1
893,99,315.45,84.35,288.21,646.27,0.7572,-1,-1,-1
893,100,521.39,210.26,138.39,406.29,0.4075,-1,-1,-1
894,69,864.21,131.78,160.30,516.29,0.7594,-1,-1,-1
894,83,694.05,168.80,172.05,472.83,0.8463,-1,-1,-1
894,93,1117.59,218.74,115.47,376.85,0.7929,-1,-1,-1
894,99,295.93,82.58,296.21,654.34,0.8381,-1,-1,-1
895,69,850.06,135.53,160.34,518.30,0.7763,-1,-1,-1
895,83,682.97,171.01,169.74,471.79,0.8566,-1,-1,-1
895,93,1109.94,221.19,119.70,378.82,0.7965,-1,-1,-1
895,99,279.38,79.78,301.91,669.93,0.7094,-1,-1,-1
896,69,833.66,138.31,175.00,518.45,0.8283,-1,-1,-1
896,83,674.61,170.77,169.62,468.63,0.8336,-1,-1,-1
896,93,1103.98,224.79,123.44,376.62,0.7502,-1,-1,-1
896,99,261.26,76.89,296.37,683.30,0.8387,-1,-1,-1
896,100,491.07,186.35,142.14,461.39,0.4452,-1,-1,-1
897,69,823.33,143.65,180.80,514.78,0.8283,-1,-1,-1
897,83,668.10,170.85,168.08,466.69,0.8089,-1,-1,-1
897,93,1098.17,227.47,125.64,376.81,0.7875,-1,-1,-1
897,99,244.39,72.26,303.74,703.22,0.8677,-1,-1,-1
898,69,821.96,147.77,183.14,514.35,0.8318,-1,-1,-1
898,83,665.29,170.89,166.75,465.56,0.8207,-1,-1,-1
898,93,1096.74,228.92,126.60,380.34,0.8017,-1,-1,-1
898,99,232.97,67.95,309.66,733.23,0.8665,-1,-1,-1
898,100,485.29,178.81,131.71,475.31,0.5380,-1,-1,-1
899,69,820.24,149.79,186.35,514.72,0.8329,-1,-1,-1
899,83,658.24,170.39,172.62,472.88,0.7895,-1,-1,-1
899,93,1096.28,231.60,126.73,380.04,0.7908,-1,-1,-1
899,99,221.36,65.46,313.52,747.61,0.8346,-1,-1,-1
899,100,468.36,175.35,141.23,488.26,0.4795,-1,-1,-1
900,69,823.31,152.14,185.48,513.86,0.8239,-1,-1,-1
900,83,658.51,170.06,172.16,479.26,0.8100,-1,-1,-1
900,93,1099.32,231.02,129.28,383.77,0.8068,-1,-1,-1
900,99,213.93,60.44,296.58,760.92,0.7912,-1,-1,-1
900,100,458.67,171.54,147.00,502.55,0.5940,-1,-1,-1
